seed,disruption,regime,kappa,algorithm,makespan,imbalance,workload_A,workload_B
0,0.0,uniform,,POOL-LBA(=yours),105,8.0,75.0,67.0
0,0.0,uniform,,SLOT-G-DEF,105,56.0,99.0,43.0
0,0.0,uniform,,SLOT-G-LBA,105,6.0,68.0,74.0
0,0.0,uniform,,SLOT-LFT-DEF,103,52.0,97.0,45.0
0,0.0,uniform,,SLOT-LFT-LBA,103,0.0,71.0,71.0
0,0.0,uniform,,SLOT-RAND-DEF,102,60.0,101.0,41.0
0,0.0,uniform,,SLOT-RAND-LBA,103,10.0,66.0,76.0
0,0.0,heterogeneous,4.0,POOL-LBA(=yours),105,8.0,75.0,67.0
0,0.0,heterogeneous,4.0,SLOT-G-DEF,105,56.0,99.0,43.0
0,0.0,heterogeneous,4.0,SLOT-G-LBA,105,6.0,68.0,74.0
0,0.0,heterogeneous,4.0,SLOT-LFT-DEF,103,52.0,97.0,45.0
0,0.0,heterogeneous,4.0,SLOT-LFT-LBA,103,0.0,71.0,71.0
0,0.0,heterogeneous,4.0,SLOT-RAND-DEF,103,56.0,99.0,43.0
0,0.0,heterogeneous,4.0,SLOT-RAND-LBA,105,2.0,72.0,70.0
0,0.0,heterogeneous,16.0,POOL-LBA(=yours),105,8.0,75.0,67.0
0,0.0,heterogeneous,16.0,SLOT-G-DEF,105,56.0,99.0,43.0
0,0.0,heterogeneous,16.0,SLOT-G-LBA,105,6.0,68.0,74.0
0,0.0,heterogeneous,16.0,SLOT-LFT-DEF,103,52.0,97.0,45.0
0,0.0,heterogeneous,16.0,SLOT-LFT-LBA,103,0.0,71.0,71.0
0,0.0,heterogeneous,16.0,SLOT-RAND-DEF,103,64.0,103.0,39.0
0,0.0,heterogeneous,16.0,SLOT-RAND-LBA,102,10.0,76.0,66.0
0,0.0,heterogeneous,64.0,POOL-LBA(=yours),105,8.0,75.0,67.0
0,0.0,heterogeneous,64.0,SLOT-G-DEF,105,56.0,99.0,43.0
0,0.0,heterogeneous,64.0,SLOT-G-LBA,105,6.0,68.0,74.0
0,0.0,heterogeneous,64.0,SLOT-LFT-DEF,103,52.0,97.0,45.0
0,0.0,heterogeneous,64.0,SLOT-LFT-LBA,103,0.0,71.0,71.0
0,0.0,heterogeneous,64.0,SLOT-RAND-DEF,109,66.0,104.0,38.0
0,0.0,heterogeneous,64.0,SLOT-RAND-LBA,102,8.0,75.0,67.0
0,0.1,uniform,,POOL-LBA(=yours),119,8.0,77.0,85.0
0,0.1,uniform,,SLOT-G-DEF,119,62.0,112.0,50.0
0,0.1,uniform,,SLOT-G-LBA,119,6.0,78.0,84.0
0,0.1,uniform,,SLOT-LFT-DEF,117,58.0,110.0,52.0
0,0.1,uniform,,SLOT-LFT-LBA,117,0.0,81.0,81.0
0,0.1,uniform,,SLOT-RAND-DEF,117,58.0,110.0,52.0
0,0.1,uniform,,SLOT-RAND-LBA,114,8.0,77.0,85.0
0,0.1,heterogeneous,4.0,POOL-LBA(=yours),120,7.0,76.0,83.0
0,0.1,heterogeneous,4.0,SLOT-G-DEF,120,65.0,112.0,47.0
0,0.1,heterogeneous,4.0,SLOT-G-LBA,120,9.0,84.0,75.0
0,0.1,heterogeneous,4.0,SLOT-LFT-DEF,118,57.0,108.0,51.0
0,0.1,heterogeneous,4.0,SLOT-LFT-LBA,118,1.0,79.0,80.0
0,0.1,heterogeneous,4.0,SLOT-RAND-DEF,112,61.0,110.0,49.0
0,0.1,heterogeneous,4.0,SLOT-RAND-LBA,124,15.0,87.0,72.0
0,0.1,heterogeneous,16.0,POOL-LBA(=yours),120,6.0,84.0,78.0
0,0.1,heterogeneous,16.0,SLOT-G-DEF,120,62.0,112.0,50.0
0,0.1,heterogeneous,16.0,SLOT-G-LBA,120,6.0,84.0,78.0
0,0.1,heterogeneous,16.0,SLOT-LFT-DEF,117,60.0,111.0,51.0
0,0.1,heterogeneous,16.0,SLOT-LFT-LBA,117,2.0,82.0,80.0
0,0.1,heterogeneous,16.0,SLOT-RAND-DEF,114,48.0,105.0,57.0
0,0.1,heterogeneous,16.0,SLOT-RAND-LBA,113,4.0,79.0,83.0
0,0.1,heterogeneous,64.0,POOL-LBA(=yours),119,6.0,77.0,83.0
0,0.1,heterogeneous,64.0,SLOT-G-DEF,119,62.0,111.0,49.0
0,0.1,heterogeneous,64.0,SLOT-G-LBA,119,8.0,76.0,84.0
0,0.1,heterogeneous,64.0,SLOT-LFT-DEF,116,54.0,107.0,53.0
0,0.1,heterogeneous,64.0,SLOT-LFT-LBA,116,0.0,80.0,80.0
0,0.1,heterogeneous,64.0,SLOT-RAND-DEF,117,74.0,117.0,43.0
0,0.1,heterogeneous,64.0,SLOT-RAND-LBA,115,8.0,84.0,76.0
0,0.2,uniform,,POOL-LBA(=yours),125,9.0,89.0,80.0
0,0.2,uniform,,SLOT-G-DEF,125,67.0,118.0,51.0
0,0.2,uniform,,SLOT-G-LBA,125,9.0,89.0,80.0
0,0.2,uniform,,SLOT-LFT-DEF,122,61.0,115.0,54.0
0,0.2,uniform,,SLOT-LFT-LBA,122,1.0,84.0,85.0
0,0.2,uniform,,SLOT-RAND-DEF,120,53.0,111.0,58.0
0,0.2,uniform,,SLOT-RAND-LBA,120,13.0,78.0,91.0
0,0.2,heterogeneous,4.0,POOL-LBA(=yours),121,5.0,81.0,86.0
0,0.2,heterogeneous,4.0,SLOT-G-DEF,121,67.0,117.0,50.0
0,0.2,heterogeneous,4.0,SLOT-G-LBA,121,7.0,87.0,80.0
0,0.2,heterogeneous,4.0,SLOT-LFT-DEF,123,79.0,123.0,44.0
0,0.2,heterogeneous,4.0,SLOT-LFT-LBA,123,1.0,84.0,83.0
0,0.2,heterogeneous,4.0,SLOT-RAND-DEF,125,59.0,113.0,54.0
0,0.2,heterogeneous,4.0,SLOT-RAND-LBA,125,5.0,86.0,81.0
0,0.2,heterogeneous,16.0,POOL-LBA(=yours),123,8.0,78.0,86.0
0,0.2,heterogeneous,16.0,SLOT-G-DEF,123,62.0,113.0,51.0
0,0.2,heterogeneous,16.0,SLOT-G-LBA,123,8.0,78.0,86.0
0,0.2,heterogeneous,16.0,SLOT-LFT-DEF,120,64.0,114.0,50.0
0,0.2,heterogeneous,16.0,SLOT-LFT-LBA,120,6.0,85.0,79.0
0,0.2,heterogeneous,16.0,SLOT-RAND-DEF,125,70.0,117.0,47.0
0,0.2,heterogeneous,16.0,SLOT-RAND-LBA,120,18.0,73.0,91.0
0,0.2,heterogeneous,64.0,POOL-LBA(=yours),126,8.0,89.0,81.0
0,0.2,heterogeneous,64.0,SLOT-G-DEF,126,66.0,118.0,52.0
0,0.2,heterogeneous,64.0,SLOT-G-LBA,126,8.0,81.0,89.0
0,0.2,heterogeneous,64.0,SLOT-LFT-DEF,124,58.0,114.0,56.0
0,0.2,heterogeneous,64.0,SLOT-LFT-LBA,124,0.0,85.0,85.0
0,0.2,heterogeneous,64.0,SLOT-RAND-DEF,123,60.0,115.0,55.0
0,0.2,heterogeneous,64.0,SLOT-RAND-LBA,124,4.0,87.0,83.0
0,0.3,uniform,,POOL-LBA(=yours),134,9.0,95.0,86.0
0,0.3,uniform,,SLOT-G-DEF,134,73.0,127.0,54.0
0,0.3,uniform,,SLOT-G-LBA,134,7.0,87.0,94.0
0,0.3,uniform,,SLOT-LFT-DEF,132,67.0,124.0,57.0
0,0.3,uniform,,SLOT-LFT-LBA,132,1.0,90.0,91.0
0,0.3,uniform,,SLOT-RAND-DEF,133,73.0,127.0,54.0
0,0.3,uniform,,SLOT-RAND-LBA,139,17.0,99.0,82.0
0,0.3,heterogeneous,4.0,POOL-LBA(=yours),134,11.0,84.0,95.0
0,0.3,heterogeneous,4.0,SLOT-G-DEF,134,85.0,132.0,47.0
0,0.3,heterogeneous,4.0,SLOT-G-LBA,134,11.0,84.0,95.0
0,0.3,heterogeneous,4.0,SLOT-LFT-DEF,134,75.0,127.0,52.0
0,0.3,heterogeneous,4.0,SLOT-LFT-LBA,134,9.0,94.0,85.0
0,0.3,heterogeneous,4.0,SLOT-RAND-DEF,138,75.0,127.0,52.0
0,0.3,heterogeneous,4.0,SLOT-RAND-LBA,130,9.0,94.0,85.0
0,0.3,heterogeneous,16.0,POOL-LBA(=yours),137,7.0,89.0,96.0
0,0.3,heterogeneous,16.0,SLOT-G-DEF,137,73.0,129.0,56.0
0,0.3,heterogeneous,16.0,SLOT-G-LBA,137,11.0,87.0,98.0
0,0.3,heterogeneous,16.0,SLOT-LFT-DEF,134,61.0,123.0,62.0
0,0.3,heterogeneous,16.0,SLOT-LFT-LBA,134,1.0,92.0,93.0
0,0.3,heterogeneous,16.0,SLOT-RAND-DEF,130,57.0,121.0,64.0
0,0.3,heterogeneous,16.0,SLOT-RAND-LBA,133,5.0,90.0,95.0
0,0.3,heterogeneous,64.0,POOL-LBA(=yours),141,8.0,99.0,91.0
0,0.3,heterogeneous,64.0,SLOT-G-DEF,141,76.0,133.0,57.0
0,0.3,heterogeneous,64.0,SLOT-G-LBA,141,8.0,91.0,99.0
0,0.3,heterogeneous,64.0,SLOT-LFT-DEF,139,64.0,127.0,63.0
0,0.3,heterogeneous,64.0,SLOT-LFT-LBA,139,2.0,96.0,94.0
0,0.3,heterogeneous,64.0,SLOT-RAND-DEF,142,92.0,141.0,49.0
0,0.3,heterogeneous,64.0,SLOT-RAND-LBA,142,20.0,85.0,105.0
1,0.0,uniform,,POOL-LBA(=yours),107,5.0,72.0,67.0
1,0.0,uniform,,SLOT-G-DEF,107,61.0,100.0,39.0
1,0.0,uniform,,SLOT-G-LBA,107,1.0,69.0,70.0
1,0.0,uniform,,SLOT-LFT-DEF,101,63.0,101.0,38.0
1,0.0,uniform,,SLOT-LFT-LBA,101,1.0,69.0,70.0
1,0.0,uniform,,SLOT-RAND-DEF,103,67.0,103.0,36.0
1,0.0,uniform,,SLOT-RAND-LBA,101,9.0,74.0,65.0
1,0.0,heterogeneous,4.0,POOL-LBA(=yours),107,5.0,72.0,67.0
1,0.0,heterogeneous,4.0,SLOT-G-DEF,107,61.0,100.0,39.0
1,0.0,heterogeneous,4.0,SLOT-G-LBA,107,1.0,69.0,70.0
1,0.0,heterogeneous,4.0,SLOT-LFT-DEF,101,63.0,101.0,38.0
1,0.0,heterogeneous,4.0,SLOT-LFT-LBA,101,1.0,69.0,70.0
1,0.0,heterogeneous,4.0,SLOT-RAND-DEF,102,55.0,97.0,42.0
1,0.0,heterogeneous,4.0,SLOT-RAND-LBA,103,9.0,65.0,74.0
1,0.0,heterogeneous,16.0,POOL-LBA(=yours),107,5.0,72.0,67.0
1,0.0,heterogeneous,16.0,SLOT-G-DEF,107,61.0,100.0,39.0
1,0.0,heterogeneous,16.0,SLOT-G-LBA,107,1.0,69.0,70.0
1,0.0,heterogeneous,16.0,SLOT-LFT-DEF,101,63.0,101.0,38.0
1,0.0,heterogeneous,16.0,SLOT-LFT-LBA,101,1.0,69.0,70.0
1,0.0,heterogeneous,16.0,SLOT-RAND-DEF,101,53.0,96.0,43.0
1,0.0,heterogeneous,16.0,SLOT-RAND-LBA,101,5.0,72.0,67.0
1,0.0,heterogeneous,64.0,POOL-LBA(=yours),107,5.0,72.0,67.0
1,0.0,heterogeneous,64.0,SLOT-G-DEF,107,61.0,100.0,39.0
1,0.0,heterogeneous,64.0,SLOT-G-LBA,107,1.0,69.0,70.0
1,0.0,heterogeneous,64.0,SLOT-LFT-DEF,101,63.0,101.0,38.0
1,0.0,heterogeneous,64.0,SLOT-LFT-LBA,101,1.0,69.0,70.0
1,0.0,heterogeneous,64.0,SLOT-RAND-DEF,104,61.0,100.0,39.0
1,0.0,heterogeneous,64.0,SLOT-RAND-LBA,102,13.0,76.0,63.0
1,0.1,uniform,,POOL-LBA(=yours),122,5.0,77.0,82.0
1,0.1,uniform,,SLOT-G-DEF,122,69.0,114.0,45.0
1,0.1,uniform,,SLOT-G-LBA,122,1.0,79.0,80.0
1,0.1,uniform,,SLOT-LFT-DEF,115,71.0,115.0,44.0
1,0.1,uniform,,SLOT-LFT-LBA,115,1.0,79.0,80.0
1,0.1,uniform,,SLOT-RAND-DEF,119,69.0,114.0,45.0
1,0.1,uniform,,SLOT-RAND-LBA,122,17.0,88.0,71.0
1,0.1,heterogeneous,4.0,POOL-LBA(=yours),116,3.0,77.0,74.0
1,0.1,heterogeneous,4.0,SLOT-G-DEF,116,69.0,110.0,41.0
1,0.1,heterogeneous,4.0,SLOT-G-LBA,116,3.0,74.0,77.0
1,0.1,heterogeneous,4.0,SLOT-LFT-DEF,111,71.0,111.0,40.0
1,0.1,heterogeneous,4.0,SLOT-LFT-LBA,111,1.0,76.0,75.0
1,0.1,heterogeneous,4.0,SLOT-RAND-DEF,110,69.0,110.0,41.0
1,0.1,heterogeneous,4.0,SLOT-RAND-LBA,113,1.0,76.0,75.0
1,0.1,heterogeneous,16.0,POOL-LBA(=yours),114,4.0,72.0,76.0
1,0.1,heterogeneous,16.0,SLOT-G-DEF,114,66.0,107.0,41.0
1,0.1,heterogeneous,16.0,SLOT-G-LBA,114,2.0,73.0,75.0
1,0.1,heterogeneous,16.0,SLOT-LFT-DEF,108,68.0,108.0,40.0
1,0.1,heterogeneous,16.0,SLOT-LFT-LBA,108,2.0,73.0,75.0
1,0.1,heterogeneous,16.0,SLOT-RAND-DEF,109,46.0,97.0,51.0
1,0.1,heterogeneous,16.0,SLOT-RAND-LBA,108,2.0,75.0,73.0
1,0.1,heterogeneous,64.0,POOL-LBA(=yours),117,5.0,79.0,74.0
1,0.1,heterogeneous,64.0,SLOT-G-DEF,117,65.0,109.0,44.0
1,0.1,heterogeneous,64.0,SLOT-G-LBA,117,1.0,76.0,77.0
1,0.1,heterogeneous,64.0,SLOT-LFT-DEF,111,69.0,111.0,42.0
1,0.1,heterogeneous,64.0,SLOT-LFT-LBA,111,1.0,76.0,77.0
1,0.1,heterogeneous,64.0,SLOT-RAND-DEF,115,61.0,107.0,46.0
1,0.1,heterogeneous,64.0,SLOT-RAND-LBA,115,7.0,80.0,73.0
1,0.2,uniform,,POOL-LBA(=yours),129,4.0,86.0,82.0
1,0.2,uniform,,SLOT-G-DEF,129,74.0,121.0,47.0
1,0.2,uniform,,SLOT-G-LBA,129,0.0,84.0,84.0
1,0.2,uniform,,SLOT-LFT-DEF,122,76.0,122.0,46.0
1,0.2,uniform,,SLOT-LFT-LBA,122,0.0,84.0,84.0
1,0.2,uniform,,SLOT-RAND-DEF,124,60.0,114.0,54.0
1,0.2,uniform,,SLOT-RAND-LBA,122,2.0,85.0,83.0
1,0.2,heterogeneous,4.0,POOL-LBA(=yours),143,5.0,93.0,88.0
1,0.2,heterogeneous,4.0,SLOT-G-DEF,143,91.0,136.0,45.0
1,0.2,heterogeneous,4.0,SLOT-G-LBA,143,7.0,87.0,94.0
1,0.2,heterogeneous,4.0,SLOT-LFT-DEF,137,93.0,137.0,44.0
1,0.2,heterogeneous,4.0,SLOT-LFT-LBA,137,3.0,92.0,89.0
1,0.2,heterogeneous,4.0,SLOT-RAND-DEF,138,71.0,126.0,55.0
1,0.2,heterogeneous,4.0,SLOT-RAND-LBA,135,9.0,86.0,95.0
1,0.2,heterogeneous,16.0,POOL-LBA(=yours),126,3.0,81.0,84.0
1,0.2,heterogeneous,16.0,SLOT-G-DEF,126,69.0,117.0,48.0
1,0.2,heterogeneous,16.0,SLOT-G-LBA,126,1.0,82.0,83.0
1,0.2,heterogeneous,16.0,SLOT-LFT-DEF,118,71.0,118.0,47.0
1,0.2,heterogeneous,16.0,SLOT-LFT-LBA,118,3.0,84.0,81.0
1,0.2,heterogeneous,16.0,SLOT-RAND-DEF,125,73.0,119.0,46.0
1,0.2,heterogeneous,16.0,SLOT-RAND-LBA,118,7.0,86.0,79.0
1,0.2,heterogeneous,64.0,POOL-LBA(=yours),130,7.0,88.0,81.0
1,0.2,heterogeneous,64.0,SLOT-G-DEF,130,77.0,123.0,46.0
1,0.2,heterogeneous,64.0,SLOT-G-LBA,130,3.0,83.0,86.0
1,0.2,heterogeneous,64.0,SLOT-LFT-DEF,123,77.0,123.0,46.0
1,0.2,heterogeneous,64.0,SLOT-LFT-LBA,123,1.0,85.0,84.0
1,0.2,heterogeneous,64.0,SLOT-RAND-DEF,123,67.0,118.0,51.0
1,0.2,heterogeneous,64.0,SLOT-RAND-LBA,123,1.0,85.0,84.0
1,0.3,uniform,,POOL-LBA(=yours),136,6.0,85.0,91.0
1,0.3,uniform,,SLOT-G-DEF,136,78.0,127.0,49.0
1,0.3,uniform,,SLOT-G-LBA,136,2.0,87.0,89.0
1,0.3,uniform,,SLOT-LFT-DEF,129,82.0,129.0,47.0
1,0.3,uniform,,SLOT-LFT-LBA,129,2.0,87.0,89.0
1,0.3,uniform,,SLOT-RAND-DEF,130,52.0,114.0,62.0
1,0.3,uniform,,SLOT-RAND-LBA,129,6.0,91.0,85.0
1,0.3,heterogeneous,4.0,POOL-LBA(=yours),131,1.0,87.0,86.0
1,0.3,heterogeneous,4.0,SLOT-G-DEF,131,89.0,131.0,42.0
1,0.3,heterogeneous,4.0,SLOT-G-LBA,131,1.0,87.0,86.0
1,0.3,heterogeneous,4.0,SLOT-LFT-DEF,125,77.0,125.0,48.0
1,0.3,heterogeneous,4.0,SLOT-LFT-LBA,125,3.0,88.0,85.0
1,0.3,heterogeneous,4.0,SLOT-RAND-DEF,129,65.0,119.0,54.0
1,0.3,heterogeneous,4.0,SLOT-RAND-LBA,132,13.0,80.0,93.0
1,0.3,heterogeneous,16.0,POOL-LBA(=yours),139,4.0,88.0,92.0
1,0.3,heterogeneous,16.0,SLOT-G-DEF,139,94.0,137.0,43.0
1,0.3,heterogeneous,16.0,SLOT-G-LBA,139,6.0,93.0,87.0
1,0.3,heterogeneous,16.0,SLOT-LFT-DEF,131,70.0,125.0,55.0
1,0.3,heterogeneous,16.0,SLOT-LFT-LBA,131,2.0,91.0,89.0
1,0.3,heterogeneous,16.0,SLOT-RAND-DEF,131,80.0,130.0,50.0
1,0.3,heterogeneous,16.0,SLOT-RAND-LBA,136,2.0,89.0,91.0
1,0.3,heterogeneous,64.0,POOL-LBA(=yours),139,4.0,88.0,92.0
1,0.3,heterogeneous,64.0,SLOT-G-DEF,139,80.0,130.0,50.0
1,0.3,heterogeneous,64.0,SLOT-G-LBA,139,0.0,90.0,90.0
1,0.3,heterogeneous,64.0,SLOT-LFT-DEF,133,86.0,133.0,47.0
1,0.3,heterogeneous,64.0,SLOT-LFT-LBA,133,2.0,89.0,91.0
1,0.3,heterogeneous,64.0,SLOT-RAND-DEF,137,94.0,137.0,43.0
1,0.3,heterogeneous,64.0,SLOT-RAND-LBA,135,4.0,88.0,92.0
2,0.0,uniform,,POOL-LBA(=yours),109,3.0,73.0,70.0
2,0.0,uniform,,SLOT-G-DEF,109,67.0,105.0,38.0
2,0.0,uniform,,SLOT-G-LBA,109,1.0,72.0,71.0
2,0.0,uniform,,SLOT-LFT-DEF,101,59.0,101.0,42.0
2,0.0,uniform,,SLOT-LFT-LBA,101,5.0,74.0,69.0
2,0.0,uniform,,SLOT-RAND-DEF,107,59.0,101.0,42.0
2,0.0,uniform,,SLOT-RAND-LBA,100,7.0,75.0,68.0
2,0.0,heterogeneous,4.0,POOL-LBA(=yours),109,3.0,73.0,70.0
2,0.0,heterogeneous,4.0,SLOT-G-DEF,109,67.0,105.0,38.0
2,0.0,heterogeneous,4.0,SLOT-G-LBA,109,1.0,72.0,71.0
2,0.0,heterogeneous,4.0,SLOT-LFT-DEF,101,59.0,101.0,42.0
2,0.0,heterogeneous,4.0,SLOT-LFT-LBA,101,5.0,74.0,69.0
2,0.0,heterogeneous,4.0,SLOT-RAND-DEF,107,57.0,100.0,43.0
2,0.0,heterogeneous,4.0,SLOT-RAND-LBA,108,3.0,70.0,73.0
2,0.0,heterogeneous,16.0,POOL-LBA(=yours),109,3.0,73.0,70.0
2,0.0,heterogeneous,16.0,SLOT-G-DEF,109,67.0,105.0,38.0
2,0.0,heterogeneous,16.0,SLOT-G-LBA,109,1.0,72.0,71.0
2,0.0,heterogeneous,16.0,SLOT-LFT-DEF,101,59.0,101.0,42.0
2,0.0,heterogeneous,16.0,SLOT-LFT-LBA,101,5.0,74.0,69.0
2,0.0,heterogeneous,16.0,SLOT-RAND-DEF,107,49.0,96.0,47.0
2,0.0,heterogeneous,16.0,SLOT-RAND-LBA,107,5.0,74.0,69.0
2,0.0,heterogeneous,64.0,POOL-LBA(=yours),109,3.0,73.0,70.0
2,0.0,heterogeneous,64.0,SLOT-G-DEF,109,67.0,105.0,38.0
2,0.0,heterogeneous,64.0,SLOT-G-LBA,109,1.0,72.0,71.0
2,0.0,heterogeneous,64.0,SLOT-LFT-DEF,101,59.0,101.0,42.0
2,0.0,heterogeneous,64.0,SLOT-LFT-LBA,101,5.0,74.0,69.0
2,0.0,heterogeneous,64.0,SLOT-RAND-DEF,102,53.0,98.0,45.0
2,0.0,heterogeneous,64.0,SLOT-RAND-LBA,102,3.0,70.0,73.0
2,0.1,uniform,,POOL-LBA(=yours),124,3.0,83.0,80.0
2,0.1,uniform,,SLOT-G-DEF,124,77.0,120.0,43.0
2,0.1,uniform,,SLOT-G-LBA,124,1.0,82.0,81.0
2,0.1,uniform,,SLOT-LFT-DEF,115,67.0,115.0,48.0
2,0.1,uniform,,SLOT-LFT-LBA,115,5.0,79.0,84.0
2,0.1,uniform,,SLOT-RAND-DEF,116,49.0,106.0,57.0
2,0.1,uniform,,SLOT-RAND-LBA,129,13.0,75.0,88.0
2,0.1,heterogeneous,4.0,POOL-LBA(=yours),123,3.0,79.0,82.0
2,0.1,heterogeneous,4.0,SLOT-G-DEF,123,69.0,115.0,46.0
2,0.1,heterogeneous,4.0,SLOT-G-LBA,123,3.0,82.0,79.0
2,0.1,heterogeneous,4.0,SLOT-LFT-DEF,113,65.0,113.0,48.0
2,0.1,heterogeneous,4.0,SLOT-LFT-LBA,113,3.0,79.0,82.0
2,0.1,heterogeneous,4.0,SLOT-RAND-DEF,113,53.0,107.0,54.0
2,0.1,heterogeneous,4.0,SLOT-RAND-LBA,112,3.0,79.0,82.0
2,0.1,heterogeneous,16.0,POOL-LBA(=yours),123,4.0,78.0,82.0
2,0.1,heterogeneous,16.0,SLOT-G-DEF,123,60.0,110.0,50.0
2,0.1,heterogeneous,16.0,SLOT-G-LBA,123,14.0,87.0,73.0
2,0.1,heterogeneous,16.0,SLOT-LFT-DEF,113,52.0,106.0,54.0
2,0.1,heterogeneous,16.0,SLOT-LFT-LBA,113,10.0,85.0,75.0
2,0.1,heterogeneous,16.0,SLOT-RAND-DEF,127,52.0,106.0,54.0
2,0.1,heterogeneous,16.0,SLOT-RAND-LBA,112,10.0,75.0,85.0
2,0.1,heterogeneous,64.0,POOL-LBA(=yours),125,2.0,81.0,83.0
2,0.1,heterogeneous,64.0,SLOT-G-DEF,125,76.0,120.0,44.0
2,0.1,heterogeneous,64.0,SLOT-G-LBA,125,0.0,82.0,82.0
2,0.1,heterogeneous,64.0,SLOT-LFT-DEF,116,68.0,116.0,48.0
2,0.1,heterogeneous,64.0,SLOT-LFT-LBA,116,2.0,83.0,81.0
2,0.1,heterogeneous,64.0,SLOT-RAND-DEF,116,50.0,107.0,57.0
2,0.1,heterogeneous,64.0,SLOT-RAND-LBA,116,8.0,86.0,78.0
2,0.2,uniform,,POOL-LBA(=yours),132,2.0,87.0,85.0
2,0.2,uniform,,SLOT-G-DEF,132,78.0,125.0,47.0
2,0.2,uniform,,SLOT-G-LBA,132,2.0,87.0,85.0
2,0.2,uniform,,SLOT-LFT-DEF,122,72.0,122.0,50.0
2,0.2,uniform,,SLOT-LFT-LBA,122,4.0,88.0,84.0
2,0.2,uniform,,SLOT-RAND-DEF,129,62.0,117.0,55.0
2,0.2,uniform,,SLOT-RAND-LBA,124,0.0,86.0,86.0
2,0.2,heterogeneous,4.0,POOL-LBA(=yours),127,3.0,86.0,83.0
2,0.2,heterogeneous,4.0,SLOT-G-DEF,127,61.0,115.0,54.0
2,0.2,heterogeneous,4.0,SLOT-G-LBA,127,1.0,84.0,85.0
2,0.2,heterogeneous,4.0,SLOT-LFT-DEF,116,61.0,115.0,54.0
2,0.2,heterogeneous,4.0,SLOT-LFT-LBA,116,5.0,87.0,82.0
2,0.2,heterogeneous,4.0,SLOT-RAND-DEF,130,59.0,114.0,55.0
2,0.2,heterogeneous,4.0,SLOT-RAND-LBA,124,3.0,86.0,83.0
2,0.2,heterogeneous,16.0,POOL-LBA(=yours),131,4.0,83.0,87.0
2,0.2,heterogeneous,16.0,SLOT-G-DEF,131,84.0,127.0,43.0
2,0.2,heterogeneous,16.0,SLOT-G-LBA,131,4.0,87.0,83.0
2,0.2,heterogeneous,16.0,SLOT-LFT-DEF,121,72.0,121.0,49.0
2,0.2,heterogeneous,16.0,SLOT-LFT-LBA,121,6.0,82.0,88.0
2,0.2,heterogeneous,16.0,SLOT-RAND-DEF,121,66.0,118.0,52.0
2,0.2,heterogeneous,16.0,SLOT-RAND-LBA,128,8.0,81.0,89.0
2,0.2,heterogeneous,64.0,POOL-LBA(=yours),130,2.0,84.0,86.0
2,0.2,heterogeneous,64.0,SLOT-G-DEF,130,78.0,124.0,46.0
2,0.2,heterogeneous,64.0,SLOT-G-LBA,130,2.0,86.0,84.0
2,0.2,heterogeneous,64.0,SLOT-LFT-DEF,121,72.0,121.0,49.0
2,0.2,heterogeneous,64.0,SLOT-LFT-LBA,121,6.0,82.0,88.0
2,0.2,heterogeneous,64.0,SLOT-RAND-DEF,126,82.0,126.0,44.0
2,0.2,heterogeneous,64.0,SLOT-RAND-LBA,128,14.0,92.0,78.0
2,0.3,uniform,,POOL-LBA(=yours),138,2.0,90.0,92.0
2,0.3,uniform,,SLOT-G-DEF,138,86.0,134.0,48.0
2,0.3,uniform,,SLOT-G-LBA,138,0.0,91.0,91.0
2,0.3,uniform,,SLOT-LFT-DEF,128,74.0,128.0,54.0
2,0.3,uniform,,SLOT-LFT-LBA,128,6.0,94.0,88.0
2,0.3,uniform,,SLOT-RAND-DEF,137,62.0,122.0,60.0
2,0.3,uniform,,SLOT-RAND-LBA,128,10.0,86.0,96.0
2,0.3,heterogeneous,4.0,POOL-LBA(=yours),134,2.0,91.0,89.0
2,0.3,heterogeneous,4.0,SLOT-G-DEF,134,66.0,123.0,57.0
2,0.3,heterogeneous,4.0,SLOT-G-LBA,134,16.0,82.0,98.0
2,0.3,heterogeneous,4.0,SLOT-LFT-DEF,127,58.0,119.0,61.0
2,0.3,heterogeneous,4.0,SLOT-LFT-LBA,127,12.0,84.0,96.0
2,0.3,heterogeneous,4.0,SLOT-RAND-DEF,133,66.0,123.0,57.0
2,0.3,heterogeneous,4.0,SLOT-RAND-LBA,130,10.0,95.0,85.0
2,0.3,heterogeneous,16.0,POOL-LBA(=yours),144,3.0,94.0,97.0
2,0.3,heterogeneous,16.0,SLOT-G-DEF,144,89.0,140.0,51.0
2,0.3,heterogeneous,16.0,SLOT-G-LBA,144,3.0,97.0,94.0
2,0.3,heterogeneous,16.0,SLOT-LFT-DEF,134,77.0,134.0,57.0
2,0.3,heterogeneous,16.0,SLOT-LFT-LBA,134,7.0,92.0,99.0
2,0.3,heterogeneous,16.0,SLOT-RAND-DEF,149,61.0,126.0,65.0
2,0.3,heterogeneous,16.0,SLOT-RAND-LBA,133,7.0,99.0,92.0
2,0.3,heterogeneous,64.0,POOL-LBA(=yours),138,3.0,92.0,89.0
2,0.3,heterogeneous,64.0,SLOT-G-DEF,138,85.0,133.0,48.0
2,0.3,heterogeneous,64.0,SLOT-G-LBA,138,1.0,90.0,91.0
2,0.3,heterogeneous,64.0,SLOT-LFT-DEF,128,75.0,128.0,53.0
2,0.3,heterogeneous,64.0,SLOT-LFT-LBA,128,3.0,89.0,92.0
2,0.3,heterogeneous,64.0,SLOT-RAND-DEF,128,47.0,114.0,67.0
2,0.3,heterogeneous,64.0,SLOT-RAND-LBA,138,13.0,97.0,84.0
3,0.0,uniform,,POOL-LBA(=yours),105,5.0,69.0,74.0
3,0.0,uniform,,SLOT-G-DEF,105,61.0,102.0,41.0
3,0.0,uniform,,SLOT-G-LBA,105,7.0,75.0,68.0
3,0.0,uniform,,SLOT-LFT-DEF,107,55.0,99.0,44.0
3,0.0,uniform,,SLOT-LFT-LBA,107,5.0,74.0,69.0
3,0.0,uniform,,SLOT-RAND-DEF,108,71.0,107.0,36.0
3,0.0,uniform,,SLOT-RAND-LBA,111,5.0,74.0,69.0
3,0.0,heterogeneous,4.0,POOL-LBA(=yours),105,5.0,69.0,74.0
3,0.0,heterogeneous,4.0,SLOT-G-DEF,105,61.0,102.0,41.0
3,0.0,heterogeneous,4.0,SLOT-G-LBA,105,7.0,75.0,68.0
3,0.0,heterogeneous,4.0,SLOT-LFT-DEF,107,55.0,99.0,44.0
3,0.0,heterogeneous,4.0,SLOT-LFT-LBA,107,5.0,74.0,69.0
3,0.0,heterogeneous,4.0,SLOT-RAND-DEF,105,59.0,101.0,42.0
3,0.0,heterogeneous,4.0,SLOT-RAND-LBA,109,3.0,73.0,70.0
3,0.0,heterogeneous,16.0,POOL-LBA(=yours),105,5.0,69.0,74.0
3,0.0,heterogeneous,16.0,SLOT-G-DEF,105,61.0,102.0,41.0
3,0.0,heterogeneous,16.0,SLOT-G-LBA,105,7.0,75.0,68.0
3,0.0,heterogeneous,16.0,SLOT-LFT-DEF,107,55.0,99.0,44.0
3,0.0,heterogeneous,16.0,SLOT-LFT-LBA,107,5.0,74.0,69.0
3,0.0,heterogeneous,16.0,SLOT-RAND-DEF,105,57.0,100.0,43.0
3,0.0,heterogeneous,16.0,SLOT-RAND-LBA,108,1.0,72.0,71.0
3,0.0,heterogeneous,64.0,POOL-LBA(=yours),105,5.0,69.0,74.0
3,0.0,heterogeneous,64.0,SLOT-G-DEF,105,61.0,102.0,41.0
3,0.0,heterogeneous,64.0,SLOT-G-LBA,105,7.0,75.0,68.0
3,0.0,heterogeneous,64.0,SLOT-LFT-DEF,107,55.0,99.0,44.0
3,0.0,heterogeneous,64.0,SLOT-LFT-LBA,107,5.0,74.0,69.0
3,0.0,heterogeneous,64.0,SLOT-RAND-DEF,104,63.0,103.0,40.0
3,0.0,heterogeneous,64.0,SLOT-RAND-LBA,111,5.0,69.0,74.0
3,0.1,uniform,,POOL-LBA(=yours),119,7.0,78.0,85.0
3,0.1,uniform,,SLOT-G-DEF,119,67.0,115.0,48.0
3,0.1,uniform,,SLOT-G-LBA,119,7.0,85.0,78.0
3,0.1,uniform,,SLOT-LFT-DEF,121,61.0,112.0,51.0
3,0.1,uniform,,SLOT-LFT-LBA,121,5.0,84.0,79.0
3,0.1,uniform,,SLOT-RAND-DEF,119,65.0,114.0,49.0
3,0.1,uniform,,SLOT-RAND-LBA,126,5.0,84.0,79.0
3,0.1,heterogeneous,4.0,POOL-LBA(=yours),109,4.0,73.0,77.0
3,0.1,heterogeneous,4.0,SLOT-G-DEF,109,62.0,106.0,44.0
3,0.1,heterogeneous,4.0,SLOT-G-LBA,109,4.0,73.0,77.0
3,0.1,heterogeneous,4.0,SLOT-LFT-DEF,111,60.0,105.0,45.0
3,0.1,heterogeneous,4.0,SLOT-LFT-LBA,111,8.0,79.0,71.0
3,0.1,heterogeneous,4.0,SLOT-RAND-DEF,111,60.0,105.0,45.0
3,0.1,heterogeneous,4.0,SLOT-RAND-LBA,114,4.0,73.0,77.0
3,0.1,heterogeneous,16.0,POOL-LBA(=yours),112,7.0,73.0,80.0
3,0.1,heterogeneous,16.0,SLOT-G-DEF,112,65.0,109.0,44.0
3,0.1,heterogeneous,16.0,SLOT-G-LBA,112,7.0,73.0,80.0
3,0.1,heterogeneous,16.0,SLOT-LFT-DEF,114,63.0,108.0,45.0
3,0.1,heterogeneous,16.0,SLOT-LFT-LBA,114,9.0,81.0,72.0
3,0.1,heterogeneous,16.0,SLOT-RAND-DEF,112,71.0,112.0,41.0
3,0.1,heterogeneous,16.0,SLOT-RAND-LBA,120,1.0,76.0,77.0
3,0.1,heterogeneous,64.0,POOL-LBA(=yours),114,6.0,76.0,82.0
3,0.1,heterogeneous,64.0,SLOT-G-DEF,114,66.0,112.0,46.0
3,0.1,heterogeneous,64.0,SLOT-G-LBA,114,6.0,76.0,82.0
3,0.1,heterogeneous,64.0,SLOT-LFT-DEF,117,60.0,109.0,49.0
3,0.1,heterogeneous,64.0,SLOT-LFT-LBA,117,6.0,82.0,76.0
3,0.1,heterogeneous,64.0,SLOT-RAND-DEF,124,82.0,120.0,38.0
3,0.1,heterogeneous,64.0,SLOT-RAND-LBA,114,2.0,80.0,78.0
3,0.2,uniform,,POOL-LBA(=yours),127,6.0,83.0,89.0
3,0.2,uniform,,SLOT-G-DEF,127,76.0,124.0,48.0
3,0.2,uniform,,SLOT-G-LBA,127,6.0,83.0,89.0
3,0.2,uniform,,SLOT-LFT-DEF,129,82.0,127.0,45.0
3,0.2,uniform,,SLOT-LFT-LBA,129,10.0,91.0,81.0
3,0.2,uniform,,SLOT-RAND-DEF,129,82.0,127.0,45.0
3,0.2,uniform,,SLOT-RAND-LBA,131,4.0,84.0,88.0
3,0.2,heterogeneous,4.0,POOL-LBA(=yours),130,6.0,89.0,83.0
3,0.2,heterogeneous,4.0,SLOT-G-DEF,130,74.0,123.0,49.0
3,0.2,heterogeneous,4.0,SLOT-G-LBA,130,4.0,88.0,84.0
3,0.2,heterogeneous,4.0,SLOT-LFT-DEF,134,90.0,131.0,41.0
3,0.2,heterogeneous,4.0,SLOT-LFT-LBA,134,12.0,92.0,80.0
3,0.2,heterogeneous,4.0,SLOT-RAND-DEF,131,80.0,126.0,46.0
3,0.2,heterogeneous,4.0,SLOT-RAND-LBA,134,10.0,81.0,91.0
3,0.2,heterogeneous,16.0,POOL-LBA(=yours),131,7.0,84.0,91.0
3,0.2,heterogeneous,16.0,SLOT-G-DEF,131,79.0,127.0,48.0
3,0.2,heterogeneous,16.0,SLOT-G-LBA,131,7.0,84.0,91.0
3,0.2,heterogeneous,16.0,SLOT-LFT-DEF,130,79.0,127.0,48.0
3,0.2,heterogeneous,16.0,SLOT-LFT-LBA,130,9.0,92.0,83.0
3,0.2,heterogeneous,16.0,SLOT-RAND-DEF,129,81.0,128.0,47.0
3,0.2,heterogeneous,16.0,SLOT-RAND-LBA,129,5.0,90.0,85.0
3,0.2,heterogeneous,64.0,POOL-LBA(=yours),128,7.0,83.0,90.0
3,0.2,heterogeneous,64.0,SLOT-G-DEF,128,77.0,125.0,48.0
3,0.2,heterogeneous,64.0,SLOT-G-LBA,128,7.0,83.0,90.0
3,0.2,heterogeneous,64.0,SLOT-LFT-DEF,130,83.0,128.0,45.0
3,0.2,heterogeneous,64.0,SLOT-LFT-LBA,130,9.0,82.0,91.0
3,0.2,heterogeneous,64.0,SLOT-RAND-DEF,132,81.0,127.0,46.0
3,0.2,heterogeneous,64.0,SLOT-RAND-LBA,128,3.0,88.0,85.0
3,0.3,uniform,,POOL-LBA(=yours),134,6.0,94.0,88.0
3,0.3,uniform,,SLOT-G-DEF,134,78.0,130.0,52.0
3,0.3,uniform,,SLOT-G-LBA,134,8.0,95.0,87.0
3,0.3,uniform,,SLOT-LFT-DEF,137,72.0,127.0,55.0
3,0.3,uniform,,SLOT-LFT-LBA,137,8.0,95.0,87.0
3,0.3,uniform,,SLOT-RAND-DEF,133,84.0,133.0,49.0
3,0.3,uniform,,SLOT-RAND-LBA,142,8.0,95.0,87.0
3,0.3,heterogeneous,4.0,POOL-LBA(=yours),137,12.0,99.0,87.0
3,0.3,heterogeneous,4.0,SLOT-G-DEF,137,62.0,124.0,62.0
3,0.3,heterogeneous,4.0,SLOT-G-LBA,137,12.0,99.0,87.0
3,0.3,heterogeneous,4.0,SLOT-LFT-DEF,137,82.0,134.0,52.0
3,0.3,heterogeneous,4.0,SLOT-LFT-LBA,137,8.0,89.0,97.0
3,0.3,heterogeneous,4.0,SLOT-RAND-DEF,141,92.0,139.0,47.0
3,0.3,heterogeneous,4.0,SLOT-RAND-LBA,135,14.0,100.0,86.0
3,0.3,heterogeneous,16.0,POOL-LBA(=yours),140,6.0,98.0,92.0
3,0.3,heterogeneous,16.0,SLOT-G-DEF,140,80.0,135.0,55.0
3,0.3,heterogeneous,16.0,SLOT-G-LBA,140,8.0,99.0,91.0
3,0.3,heterogeneous,16.0,SLOT-LFT-DEF,142,88.0,139.0,51.0
3,0.3,heterogeneous,16.0,SLOT-LFT-LBA,142,10.0,100.0,90.0
3,0.3,heterogeneous,16.0,SLOT-RAND-DEF,138,82.0,136.0,54.0
3,0.3,heterogeneous,16.0,SLOT-RAND-LBA,145,2.0,96.0,94.0
3,0.3,heterogeneous,64.0,POOL-LBA(=yours),136,6.0,95.0,89.0
3,0.3,heterogeneous,64.0,SLOT-G-DEF,136,78.0,131.0,53.0
3,0.3,heterogeneous,64.0,SLOT-G-LBA,136,8.0,96.0,88.0
3,0.3,heterogeneous,64.0,SLOT-LFT-DEF,138,74.0,129.0,55.0
3,0.3,heterogeneous,64.0,SLOT-LFT-LBA,138,10.0,97.0,87.0
3,0.3,heterogeneous,64.0,SLOT-RAND-DEF,141,86.0,135.0,49.0
3,0.3,heterogeneous,64.0,SLOT-RAND-LBA,138,6.0,89.0,95.0
4,0.0,uniform,,POOL-LBA(=yours),116,1.0,71.0,72.0
4,0.0,uniform,,SLOT-G-DEF,116,89.0,116.0,27.0
4,0.0,uniform,,SLOT-G-LBA,116,3.0,73.0,70.0
4,0.0,uniform,,SLOT-LFT-DEF,118,85.0,114.0,29.0
4,0.0,uniform,,SLOT-LFT-LBA,118,3.0,73.0,70.0
4,0.0,uniform,,SLOT-RAND-DEF,117,77.0,110.0,33.0
4,0.0,uniform,,SLOT-RAND-LBA,116,3.0,73.0,70.0
4,0.0,heterogeneous,4.0,POOL-LBA(=yours),116,1.0,71.0,72.0
4,0.0,heterogeneous,4.0,SLOT-G-DEF,116,89.0,116.0,27.0
4,0.0,heterogeneous,4.0,SLOT-G-LBA,116,3.0,73.0,70.0
4,0.0,heterogeneous,4.0,SLOT-LFT-DEF,118,85.0,114.0,29.0
4,0.0,heterogeneous,4.0,SLOT-LFT-LBA,118,3.0,73.0,70.0
4,0.0,heterogeneous,4.0,SLOT-RAND-DEF,118,85.0,114.0,29.0
4,0.0,heterogeneous,4.0,SLOT-RAND-LBA,117,13.0,65.0,78.0
4,0.0,heterogeneous,16.0,POOL-LBA(=yours),116,1.0,71.0,72.0
4,0.0,heterogeneous,16.0,SLOT-G-DEF,116,89.0,116.0,27.0
4,0.0,heterogeneous,16.0,SLOT-G-LBA,116,3.0,73.0,70.0
4,0.0,heterogeneous,16.0,SLOT-LFT-DEF,118,85.0,114.0,29.0
4,0.0,heterogeneous,16.0,SLOT-LFT-LBA,118,3.0,73.0,70.0
4,0.0,heterogeneous,16.0,SLOT-RAND-DEF,123,103.0,123.0,20.0
4,0.0,heterogeneous,16.0,SLOT-RAND-LBA,118,13.0,78.0,65.0
4,0.0,heterogeneous,64.0,POOL-LBA(=yours),116,1.0,71.0,72.0
4,0.0,heterogeneous,64.0,SLOT-G-DEF,116,89.0,116.0,27.0
4,0.0,heterogeneous,64.0,SLOT-G-LBA,116,3.0,73.0,70.0
4,0.0,heterogeneous,64.0,SLOT-LFT-DEF,118,85.0,114.0,29.0
4,0.0,heterogeneous,64.0,SLOT-LFT-LBA,118,3.0,73.0,70.0
4,0.0,heterogeneous,64.0,SLOT-RAND-DEF,117,87.0,115.0,28.0
4,0.0,heterogeneous,64.0,SLOT-RAND-LBA,116,13.0,78.0,65.0
4,0.1,uniform,,POOL-LBA(=yours),132,1.0,81.0,82.0
4,0.1,uniform,,SLOT-G-DEF,132,101.0,132.0,31.0
4,0.1,uniform,,SLOT-G-LBA,132,3.0,83.0,80.0
4,0.1,uniform,,SLOT-LFT-DEF,134,97.0,130.0,33.0
4,0.1,uniform,,SLOT-LFT-LBA,134,3.0,83.0,80.0
4,0.1,uniform,,SLOT-RAND-DEF,132,89.0,126.0,37.0
4,0.1,uniform,,SLOT-RAND-LBA,138,1.0,81.0,82.0
4,0.1,heterogeneous,4.0,POOL-LBA(=yours),131,2.0,79.0,81.0
4,0.1,heterogeneous,4.0,SLOT-G-DEF,131,102.0,131.0,29.0
4,0.1,heterogeneous,4.0,SLOT-G-LBA,131,0.0,80.0,80.0
4,0.1,heterogeneous,4.0,SLOT-LFT-DEF,132,96.0,128.0,32.0
4,0.1,heterogeneous,4.0,SLOT-LFT-LBA,132,0.0,80.0,80.0
4,0.1,heterogeneous,4.0,SLOT-RAND-DEF,131,102.0,131.0,29.0
4,0.1,heterogeneous,4.0,SLOT-RAND-LBA,131,0.0,80.0,80.0
4,0.1,heterogeneous,16.0,POOL-LBA(=yours),125,0.0,77.0,77.0
4,0.1,heterogeneous,16.0,SLOT-G-DEF,125,96.0,125.0,29.0
4,0.1,heterogeneous,16.0,SLOT-G-LBA,125,6.0,80.0,74.0
4,0.1,heterogeneous,16.0,SLOT-LFT-DEF,128,90.0,122.0,32.0
4,0.1,heterogeneous,16.0,SLOT-LFT-LBA,128,6.0,80.0,74.0
4,0.1,heterogeneous,16.0,SLOT-RAND-DEF,125,96.0,125.0,29.0
4,0.1,heterogeneous,16.0,SLOT-RAND-LBA,130,0.0,77.0,77.0
4,0.1,heterogeneous,64.0,POOL-LBA(=yours),129,1.0,79.0,80.0
4,0.1,heterogeneous,64.0,SLOT-G-DEF,129,99.0,129.0,30.0
4,0.1,heterogeneous,64.0,SLOT-G-LBA,129,3.0,81.0,78.0
4,0.1,heterogeneous,64.0,SLOT-LFT-DEF,132,93.0,126.0,33.0
4,0.1,heterogeneous,64.0,SLOT-LFT-LBA,132,5.0,82.0,77.0
4,0.1,heterogeneous,64.0,SLOT-RAND-DEF,134,105.0,132.0,27.0
4,0.1,heterogeneous,64.0,SLOT-RAND-LBA,135,1.0,79.0,80.0
4,0.2,uniform,,POOL-LBA(=yours),138,1.0,84.0,85.0
4,0.2,uniform,,SLOT-G-DEF,138,105.0,137.0,32.0
4,0.2,uniform,,SLOT-G-LBA,138,5.0,87.0,82.0
4,0.2,uniform,,SLOT-LFT-DEF,140,101.0,135.0,34.0
4,0.2,uniform,,SLOT-LFT-LBA,140,3.0,86.0,83.0
4,0.2,uniform,,SLOT-RAND-DEF,139,103.0,136.0,33.0
4,0.2,uniform,,SLOT-RAND-LBA,140,15.0,92.0,77.0
4,0.2,heterogeneous,4.0,POOL-LBA(=yours),140,4.0,83.0,87.0
4,0.2,heterogeneous,4.0,SLOT-G-DEF,140,104.0,137.0,33.0
4,0.2,heterogeneous,4.0,SLOT-G-LBA,140,4.0,87.0,83.0
4,0.2,heterogeneous,4.0,SLOT-LFT-DEF,142,100.0,135.0,35.0
4,0.2,heterogeneous,4.0,SLOT-LFT-LBA,142,0.0,85.0,85.0
4,0.2,heterogeneous,4.0,SLOT-RAND-DEF,139,106.0,138.0,32.0
4,0.2,heterogeneous,4.0,SLOT-RAND-LBA,141,2.0,86.0,84.0
4,0.2,heterogeneous,16.0,POOL-LBA(=yours),144,2.0,87.0,89.0
4,0.2,heterogeneous,16.0,SLOT-G-DEF,144,112.0,144.0,32.0
4,0.2,heterogeneous,16.0,SLOT-G-LBA,144,4.0,90.0,86.0
4,0.2,heterogeneous,16.0,SLOT-LFT-DEF,146,108.0,142.0,34.0
4,0.2,heterogeneous,16.0,SLOT-LFT-LBA,146,2.0,87.0,89.0
4,0.2,heterogeneous,16.0,SLOT-RAND-DEF,144,100.0,138.0,38.0
4,0.2,heterogeneous,16.0,SLOT-RAND-LBA,145,0.0,88.0,88.0
4,0.2,heterogeneous,64.0,POOL-LBA(=yours),142,2.0,86.0,88.0
4,0.2,heterogeneous,64.0,SLOT-G-DEF,142,108.0,141.0,33.0
4,0.2,heterogeneous,64.0,SLOT-G-LBA,142,4.0,85.0,89.0
4,0.2,heterogeneous,64.0,SLOT-LFT-DEF,144,104.0,139.0,35.0
4,0.2,heterogeneous,64.0,SLOT-LFT-LBA,144,2.0,86.0,88.0
4,0.2,heterogeneous,64.0,SLOT-RAND-DEF,147,102.0,138.0,36.0
4,0.2,heterogeneous,64.0,SLOT-RAND-LBA,142,4.0,85.0,89.0
4,0.3,uniform,,POOL-LBA(=yours),150,0.0,92.0,92.0
4,0.3,uniform,,SLOT-G-DEF,150,116.0,150.0,34.0
4,0.3,uniform,,SLOT-G-LBA,150,4.0,94.0,90.0
4,0.3,uniform,,SLOT-LFT-DEF,152,110.0,147.0,37.0
4,0.3,uniform,,SLOT-LFT-LBA,152,4.0,94.0,90.0
4,0.3,uniform,,SLOT-RAND-DEF,150,102.0,143.0,41.0
4,0.3,uniform,,SLOT-RAND-LBA,152,6.0,89.0,95.0
4,0.3,heterogeneous,4.0,POOL-LBA(=yours),161,5.0,97.0,102.0
4,0.3,heterogeneous,4.0,SLOT-G-DEF,161,123.0,161.0,38.0
4,0.3,heterogeneous,4.0,SLOT-G-LBA,161,5.0,102.0,97.0
4,0.3,heterogeneous,4.0,SLOT-LFT-DEF,166,133.0,166.0,33.0
4,0.3,heterogeneous,4.0,SLOT-LFT-LBA,166,5.0,102.0,97.0
4,0.3,heterogeneous,4.0,SLOT-RAND-DEF,165,131.0,165.0,34.0
4,0.3,heterogeneous,4.0,SLOT-RAND-LBA,161,5.0,102.0,97.0
4,0.3,heterogeneous,16.0,POOL-LBA(=yours),152,3.0,92.0,95.0
4,0.3,heterogeneous,16.0,SLOT-G-DEF,152,115.0,151.0,36.0
4,0.3,heterogeneous,16.0,SLOT-G-LBA,152,5.0,96.0,91.0
4,0.3,heterogeneous,16.0,SLOT-LFT-DEF,154,111.0,149.0,38.0
4,0.3,heterogeneous,16.0,SLOT-LFT-LBA,154,5.0,96.0,91.0
4,0.3,heterogeneous,16.0,SLOT-RAND-DEF,159,119.0,153.0,34.0
4,0.3,heterogeneous,16.0,SLOT-RAND-LBA,152,3.0,95.0,92.0
4,0.3,heterogeneous,64.0,POOL-LBA(=yours),150,1.0,93.0,92.0
4,0.3,heterogeneous,64.0,SLOT-G-DEF,150,115.0,150.0,35.0
4,0.3,heterogeneous,64.0,SLOT-G-LBA,150,5.0,95.0,90.0
4,0.3,heterogeneous,64.0,SLOT-LFT-DEF,152,111.0,148.0,37.0
4,0.3,heterogeneous,64.0,SLOT-LFT-LBA,152,5.0,95.0,90.0
4,0.3,heterogeneous,64.0,SLOT-RAND-DEF,152,99.0,142.0,43.0
4,0.3,heterogeneous,64.0,SLOT-RAND-LBA,151,17.0,84.0,101.0
5,0.0,uniform,,POOL-LBA(=yours),100,1.0,69.0,68.0
5,0.0,uniform,,SLOT-G-DEF,100,63.0,100.0,37.0
5,0.0,uniform,,SLOT-G-LBA,100,5.0,71.0,66.0
5,0.0,uniform,,SLOT-LFT-DEF,100,53.0,95.0,42.0
5,0.0,uniform,,SLOT-LFT-LBA,100,3.0,70.0,67.0
5,0.0,uniform,,SLOT-RAND-DEF,99,51.0,94.0,43.0
5,0.0,uniform,,SLOT-RAND-LBA,97,1.0,68.0,69.0
5,0.0,heterogeneous,4.0,POOL-LBA(=yours),100,1.0,69.0,68.0
5,0.0,heterogeneous,4.0,SLOT-G-DEF,100,63.0,100.0,37.0
5,0.0,heterogeneous,4.0,SLOT-G-LBA,100,5.0,71.0,66.0
5,0.0,heterogeneous,4.0,SLOT-LFT-DEF,100,53.0,95.0,42.0
5,0.0,heterogeneous,4.0,SLOT-LFT-LBA,100,3.0,70.0,67.0
5,0.0,heterogeneous,4.0,SLOT-RAND-DEF,99,59.0,98.0,39.0
5,0.0,heterogeneous,4.0,SLOT-RAND-LBA,97,1.0,68.0,69.0
5,0.0,heterogeneous,16.0,POOL-LBA(=yours),100,1.0,69.0,68.0
5,0.0,heterogeneous,16.0,SLOT-G-DEF,100,63.0,100.0,37.0
5,0.0,heterogeneous,16.0,SLOT-G-LBA,100,5.0,71.0,66.0
5,0.0,heterogeneous,16.0,SLOT-LFT-DEF,100,53.0,95.0,42.0
5,0.0,heterogeneous,16.0,SLOT-LFT-LBA,100,3.0,70.0,67.0
5,0.0,heterogeneous,16.0,SLOT-RAND-DEF,98,47.0,92.0,45.0
5,0.0,heterogeneous,16.0,SLOT-RAND-LBA,99,1.0,69.0,68.0
5,0.0,heterogeneous,64.0,POOL-LBA(=yours),100,1.0,69.0,68.0
5,0.0,heterogeneous,64.0,SLOT-G-DEF,100,63.0,100.0,37.0
5,0.0,heterogeneous,64.0,SLOT-G-LBA,100,5.0,71.0,66.0
5,0.0,heterogeneous,64.0,SLOT-LFT-DEF,100,53.0,95.0,42.0
5,0.0,heterogeneous,64.0,SLOT-LFT-LBA,100,3.0,70.0,67.0
5,0.0,heterogeneous,64.0,SLOT-RAND-DEF,96,39.0,88.0,49.0
5,0.0,heterogeneous,64.0,SLOT-RAND-LBA,102,5.0,66.0,71.0
5,0.1,uniform,,POOL-LBA(=yours),114,1.0,79.0,78.0
5,0.1,uniform,,SLOT-G-DEF,114,71.0,114.0,43.0
5,0.1,uniform,,SLOT-G-LBA,114,5.0,76.0,81.0
5,0.1,uniform,,SLOT-LFT-DEF,114,61.0,109.0,48.0
5,0.1,uniform,,SLOT-LFT-LBA,114,3.0,80.0,77.0
5,0.1,uniform,,SLOT-RAND-DEF,115,49.0,103.0,54.0
5,0.1,uniform,,SLOT-RAND-LBA,110,3.0,77.0,80.0
5,0.1,heterogeneous,4.0,POOL-LBA(=yours),107,3.0,74.0,77.0
5,0.1,heterogeneous,4.0,SLOT-G-DEF,107,63.0,107.0,44.0
5,0.1,heterogeneous,4.0,SLOT-G-LBA,107,3.0,74.0,77.0
5,0.1,heterogeneous,4.0,SLOT-LFT-DEF,109,67.0,109.0,42.0
5,0.1,heterogeneous,4.0,SLOT-LFT-LBA,109,3.0,77.0,74.0
5,0.1,heterogeneous,4.0,SLOT-RAND-DEF,106,55.0,103.0,48.0
5,0.1,heterogeneous,4.0,SLOT-RAND-LBA,108,1.0,76.0,75.0
5,0.1,heterogeneous,16.0,POOL-LBA(=yours),108,4.0,77.0,73.0
5,0.1,heterogeneous,16.0,SLOT-G-DEF,108,66.0,108.0,42.0
5,0.1,heterogeneous,16.0,SLOT-G-LBA,108,4.0,77.0,73.0
5,0.1,heterogeneous,16.0,SLOT-LFT-DEF,107,56.0,103.0,47.0
5,0.1,heterogeneous,16.0,SLOT-LFT-LBA,107,2.0,76.0,74.0
5,0.1,heterogeneous,16.0,SLOT-RAND-DEF,105,36.0,93.0,57.0
5,0.1,heterogeneous,16.0,SLOT-RAND-LBA,106,14.0,82.0,68.0
5,0.1,heterogeneous,64.0,POOL-LBA(=yours),111,1.0,76.0,75.0
5,0.1,heterogeneous,64.0,SLOT-G-DEF,111,59.0,105.0,46.0
5,0.1,heterogeneous,64.0,SLOT-G-LBA,111,1.0,76.0,75.0
5,0.1,heterogeneous,64.0,SLOT-LFT-DEF,111,71.0,111.0,40.0
5,0.1,heterogeneous,64.0,SLOT-LFT-LBA,111,5.0,73.0,78.0
5,0.1,heterogeneous,64.0,SLOT-RAND-DEF,109,49.0,100.0,51.0
5,0.1,heterogeneous,64.0,SLOT-RAND-LBA,110,1.0,76.0,75.0
5,0.2,uniform,,POOL-LBA(=yours),120,0.0,82.0,82.0
5,0.2,uniform,,SLOT-G-DEF,120,64.0,114.0,50.0
5,0.2,uniform,,SLOT-G-LBA,120,4.0,84.0,80.0
5,0.2,uniform,,SLOT-LFT-DEF,120,64.0,114.0,50.0
5,0.2,uniform,,SLOT-LFT-LBA,120,6.0,79.0,85.0
5,0.2,uniform,,SLOT-RAND-DEF,116,52.0,108.0,56.0
5,0.2,uniform,,SLOT-RAND-LBA,118,2.0,83.0,81.0
5,0.2,heterogeneous,4.0,POOL-LBA(=yours),113,6.0,75.0,81.0
5,0.2,heterogeneous,4.0,SLOT-G-DEF,113,60.0,108.0,48.0
5,0.2,heterogeneous,4.0,SLOT-G-LBA,113,8.0,82.0,74.0
5,0.2,heterogeneous,4.0,SLOT-LFT-DEF,112,52.0,104.0,52.0
5,0.2,heterogeneous,4.0,SLOT-LFT-LBA,112,12.0,84.0,72.0
5,0.2,heterogeneous,4.0,SLOT-RAND-DEF,111,66.0,111.0,45.0
5,0.2,heterogeneous,4.0,SLOT-RAND-LBA,111,0.0,78.0,78.0
5,0.2,heterogeneous,16.0,POOL-LBA(=yours),117,2.0,82.0,80.0
5,0.2,heterogeneous,16.0,SLOT-G-DEF,117,64.0,113.0,49.0
5,0.2,heterogeneous,16.0,SLOT-G-LBA,117,6.0,78.0,84.0
5,0.2,heterogeneous,16.0,SLOT-LFT-DEF,117,50.0,106.0,56.0
5,0.2,heterogeneous,16.0,SLOT-LFT-LBA,117,2.0,80.0,82.0
5,0.2,heterogeneous,16.0,SLOT-RAND-DEF,114,56.0,109.0,53.0
5,0.2,heterogeneous,16.0,SLOT-RAND-LBA,117,6.0,84.0,78.0
5,0.2,heterogeneous,64.0,POOL-LBA(=yours),120,1.0,83.0,82.0
5,0.2,heterogeneous,64.0,SLOT-G-DEF,120,75.0,120.0,45.0
5,0.2,heterogeneous,64.0,SLOT-G-LBA,120,5.0,80.0,85.0
5,0.2,heterogeneous,64.0,SLOT-LFT-DEF,120,63.0,114.0,51.0
5,0.2,heterogeneous,64.0,SLOT-LFT-LBA,120,1.0,82.0,83.0
5,0.2,heterogeneous,64.0,SLOT-RAND-DEF,121,77.0,121.0,44.0
5,0.2,heterogeneous,64.0,SLOT-RAND-LBA,120,3.0,84.0,81.0
5,0.3,uniform,,POOL-LBA(=yours),127,1.0,88.0,87.0
5,0.3,uniform,,SLOT-G-DEF,127,79.0,127.0,48.0
5,0.3,uniform,,SLOT-G-LBA,127,7.0,91.0,84.0
5,0.3,uniform,,SLOT-LFT-DEF,127,67.0,121.0,54.0
5,0.3,uniform,,SLOT-LFT-LBA,127,3.0,89.0,86.0
5,0.3,uniform,,SLOT-RAND-DEF,126,65.0,120.0,55.0
5,0.3,uniform,,SLOT-RAND-LBA,126,5.0,85.0,90.0
5,0.3,heterogeneous,4.0,POOL-LBA(=yours),135,1.0,91.0,92.0
5,0.3,heterogeneous,4.0,SLOT-G-DEF,135,87.0,135.0,48.0
5,0.3,heterogeneous,4.0,SLOT-G-LBA,135,3.0,90.0,93.0
5,0.3,heterogeneous,4.0,SLOT-LFT-DEF,137,75.0,129.0,54.0
5,0.3,heterogeneous,4.0,SLOT-LFT-LBA,137,5.0,94.0,89.0
5,0.3,heterogeneous,4.0,SLOT-RAND-DEF,132,75.0,129.0,54.0
5,0.3,heterogeneous,4.0,SLOT-RAND-LBA,132,3.0,93.0,90.0
5,0.3,heterogeneous,16.0,POOL-LBA(=yours),133,4.0,93.0,89.0
5,0.3,heterogeneous,16.0,SLOT-G-DEF,133,84.0,133.0,49.0
5,0.3,heterogeneous,16.0,SLOT-G-LBA,133,2.0,90.0,92.0
5,0.3,heterogeneous,16.0,SLOT-LFT-DEF,133,72.0,127.0,55.0
5,0.3,heterogeneous,16.0,SLOT-LFT-LBA,133,0.0,91.0,91.0
5,0.3,heterogeneous,16.0,SLOT-RAND-DEF,130,64.0,123.0,59.0
5,0.3,heterogeneous,16.0,SLOT-RAND-LBA,133,2.0,92.0,90.0
5,0.3,heterogeneous,64.0,POOL-LBA(=yours),128,0.0,89.0,89.0
5,0.3,heterogeneous,64.0,SLOT-G-DEF,128,78.0,128.0,50.0
5,0.3,heterogeneous,64.0,SLOT-G-LBA,128,6.0,86.0,92.0
5,0.3,heterogeneous,64.0,SLOT-LFT-DEF,129,66.0,122.0,56.0
5,0.3,heterogeneous,64.0,SLOT-LFT-LBA,129,0.0,89.0,89.0
5,0.3,heterogeneous,64.0,SLOT-RAND-DEF,134,90.0,134.0,44.0
5,0.3,heterogeneous,64.0,SLOT-RAND-LBA,131,14.0,82.0,96.0
6,0.0,uniform,,POOL-LBA(=yours),106,2.0,69.0,71.0
6,0.0,uniform,,SLOT-G-DEF,106,58.0,99.0,41.0
6,0.0,uniform,,SLOT-G-LBA,106,8.0,74.0,66.0
6,0.0,uniform,,SLOT-LFT-DEF,99,52.0,96.0,44.0
6,0.0,uniform,,SLOT-LFT-LBA,99,10.0,75.0,65.0
6,0.0,uniform,,SLOT-RAND-DEF,101,62.0,101.0,39.0
6,0.0,uniform,,SLOT-RAND-LBA,101,4.0,72.0,68.0
6,0.0,heterogeneous,4.0,POOL-LBA(=yours),106,2.0,69.0,71.0
6,0.0,heterogeneous,4.0,SLOT-G-DEF,106,58.0,99.0,41.0
6,0.0,heterogeneous,4.0,SLOT-G-LBA,106,8.0,74.0,66.0
6,0.0,heterogeneous,4.0,SLOT-LFT-DEF,99,52.0,96.0,44.0
6,0.0,heterogeneous,4.0,SLOT-LFT-LBA,99,10.0,75.0,65.0
6,0.0,heterogeneous,4.0,SLOT-RAND-DEF,101,52.0,96.0,44.0
6,0.0,heterogeneous,4.0,SLOT-RAND-LBA,101,6.0,73.0,67.0
6,0.0,heterogeneous,16.0,POOL-LBA(=yours),106,2.0,69.0,71.0
6,0.0,heterogeneous,16.0,SLOT-G-DEF,106,58.0,99.0,41.0
6,0.0,heterogeneous,16.0,SLOT-G-LBA,106,8.0,74.0,66.0
6,0.0,heterogeneous,16.0,SLOT-LFT-DEF,99,52.0,96.0,44.0
6,0.0,heterogeneous,16.0,SLOT-LFT-LBA,99,10.0,75.0,65.0
6,0.0,heterogeneous,16.0,SLOT-RAND-DEF,103,62.0,101.0,39.0
6,0.0,heterogeneous,16.0,SLOT-RAND-LBA,101,4.0,68.0,72.0
6,0.0,heterogeneous,64.0,POOL-LBA(=yours),106,2.0,69.0,71.0
6,0.0,heterogeneous,64.0,SLOT-G-DEF,106,58.0,99.0,41.0
6,0.0,heterogeneous,64.0,SLOT-G-LBA,106,8.0,74.0,66.0
6,0.0,heterogeneous,64.0,SLOT-LFT-DEF,99,52.0,96.0,44.0
6,0.0,heterogeneous,64.0,SLOT-LFT-LBA,99,10.0,75.0,65.0
6,0.0,heterogeneous,64.0,SLOT-RAND-DEF,98,56.0,98.0,42.0
6,0.0,heterogeneous,64.0,SLOT-RAND-LBA,99,0.0,70.0,70.0
6,0.1,uniform,,POOL-LBA(=yours),121,2.0,79.0,81.0
6,0.1,uniform,,SLOT-G-DEF,121,66.0,113.0,47.0
6,0.1,uniform,,SLOT-G-LBA,121,10.0,85.0,75.0
6,0.1,uniform,,SLOT-LFT-DEF,113,58.0,109.0,51.0
6,0.1,uniform,,SLOT-LFT-LBA,113,12.0,86.0,74.0
6,0.1,uniform,,SLOT-RAND-DEF,111,46.0,103.0,57.0
6,0.1,uniform,,SLOT-RAND-LBA,119,6.0,83.0,77.0
6,0.1,heterogeneous,4.0,POOL-LBA(=yours),113,4.0,72.0,76.0
6,0.1,heterogeneous,4.0,SLOT-G-DEF,113,64.0,106.0,42.0
6,0.1,heterogeneous,4.0,SLOT-G-LBA,113,6.0,77.0,71.0
6,0.1,heterogeneous,4.0,SLOT-LFT-DEF,106,54.0,101.0,47.0
6,0.1,heterogeneous,4.0,SLOT-LFT-LBA,106,10.0,79.0,69.0
6,0.1,heterogeneous,4.0,SLOT-RAND-DEF,102,48.0,98.0,50.0
6,0.1,heterogeneous,4.0,SLOT-RAND-LBA,107,0.0,74.0,74.0
6,0.1,heterogeneous,16.0,POOL-LBA(=yours),118,4.0,76.0,80.0
6,0.1,heterogeneous,16.0,SLOT-G-DEF,118,64.0,110.0,46.0
6,0.1,heterogeneous,16.0,SLOT-G-LBA,118,6.0,81.0,75.0
6,0.1,heterogeneous,16.0,SLOT-LFT-DEF,110,56.0,106.0,50.0
6,0.1,heterogeneous,16.0,SLOT-LFT-LBA,110,10.0,73.0,83.0
6,0.1,heterogeneous,16.0,SLOT-RAND-DEF,113,54.0,105.0,51.0
6,0.1,heterogeneous,16.0,SLOT-RAND-LBA,114,12.0,72.0,84.0
6,0.1,heterogeneous,64.0,POOL-LBA(=yours),116,2.0,78.0,76.0
6,0.1,heterogeneous,64.0,SLOT-G-DEF,116,62.0,108.0,46.0
6,0.1,heterogeneous,64.0,SLOT-G-LBA,116,12.0,83.0,71.0
6,0.1,heterogeneous,64.0,SLOT-LFT-DEF,109,54.0,104.0,50.0
6,0.1,heterogeneous,64.0,SLOT-LFT-LBA,109,12.0,83.0,71.0
6,0.1,heterogeneous,64.0,SLOT-RAND-DEF,113,46.0,100.0,54.0
6,0.1,heterogeneous,64.0,SLOT-RAND-LBA,111,4.0,79.0,75.0
6,0.2,uniform,,POOL-LBA(=yours),127,4.0,82.0,86.0
6,0.2,uniform,,SLOT-G-DEF,127,70.0,119.0,49.0
6,0.2,uniform,,SLOT-G-LBA,127,8.0,88.0,80.0
6,0.2,uniform,,SLOT-LFT-DEF,118,48.0,108.0,60.0
6,0.2,uniform,,SLOT-LFT-LBA,118,10.0,79.0,89.0
6,0.2,uniform,,SLOT-RAND-DEF,119,46.0,107.0,61.0
6,0.2,uniform,,SLOT-RAND-LBA,124,8.0,88.0,80.0
6,0.2,heterogeneous,4.0,POOL-LBA(=yours),135,5.0,87.0,92.0
6,0.2,heterogeneous,4.0,SLOT-G-DEF,135,75.0,127.0,52.0
6,0.2,heterogeneous,4.0,SLOT-G-LBA,135,5.0,87.0,92.0
6,0.2,heterogeneous,4.0,SLOT-LFT-DEF,127,51.0,115.0,64.0
6,0.2,heterogeneous,4.0,SLOT-LFT-LBA,127,3.0,88.0,91.0
6,0.2,heterogeneous,4.0,SLOT-RAND-DEF,125,61.0,120.0,59.0
6,0.2,heterogeneous,4.0,SLOT-RAND-LBA,132,9.0,94.0,85.0
6,0.2,heterogeneous,16.0,POOL-LBA(=yours),129,1.0,85.0,86.0
6,0.2,heterogeneous,16.0,SLOT-G-DEF,129,71.0,121.0,50.0
6,0.2,heterogeneous,16.0,SLOT-G-LBA,129,11.0,91.0,80.0
6,0.2,heterogeneous,16.0,SLOT-LFT-DEF,119,61.0,116.0,55.0
6,0.2,heterogeneous,16.0,SLOT-LFT-LBA,119,9.0,90.0,81.0
6,0.2,heterogeneous,16.0,SLOT-RAND-DEF,125,79.0,125.0,46.0
6,0.2,heterogeneous,16.0,SLOT-RAND-LBA,123,5.0,83.0,88.0
6,0.2,heterogeneous,64.0,POOL-LBA(=yours),123,0.0,82.0,82.0
6,0.2,heterogeneous,64.0,SLOT-G-DEF,123,66.0,115.0,49.0
6,0.2,heterogeneous,64.0,SLOT-G-LBA,123,12.0,88.0,76.0
6,0.2,heterogeneous,64.0,SLOT-LFT-DEF,116,60.0,112.0,52.0
6,0.2,heterogeneous,64.0,SLOT-LFT-LBA,116,12.0,88.0,76.0
6,0.2,heterogeneous,64.0,SLOT-RAND-DEF,117,50.0,107.0,57.0
6,0.2,heterogeneous,64.0,SLOT-RAND-LBA,121,2.0,83.0,81.0
6,0.3,uniform,,POOL-LBA(=yours),135,0.0,89.0,89.0
6,0.3,uniform,,SLOT-G-DEF,135,74.0,126.0,52.0
6,0.3,uniform,,SLOT-G-LBA,135,12.0,95.0,83.0
6,0.3,uniform,,SLOT-LFT-DEF,126,66.0,122.0,56.0
6,0.3,uniform,,SLOT-LFT-LBA,126,12.0,95.0,83.0
6,0.3,uniform,,SLOT-RAND-DEF,128,62.0,120.0,58.0
6,0.3,uniform,,SLOT-RAND-LBA,124,4.0,87.0,91.0
6,0.3,heterogeneous,4.0,POOL-LBA(=yours),146,5.0,91.0,96.0
6,0.3,heterogeneous,4.0,SLOT-G-DEF,146,99.0,143.0,44.0
6,0.3,heterogeneous,4.0,SLOT-G-LBA,146,7.0,97.0,90.0
6,0.3,heterogeneous,4.0,SLOT-LFT-DEF,132,49.0,118.0,69.0
6,0.3,heterogeneous,4.0,SLOT-LFT-LBA,132,7.0,90.0,97.0
6,0.3,heterogeneous,4.0,SLOT-RAND-DEF,142,69.0,128.0,59.0
6,0.3,heterogeneous,4.0,SLOT-RAND-LBA,140,5.0,96.0,91.0
6,0.3,heterogeneous,16.0,POOL-LBA(=yours),137,2.0,89.0,91.0
6,0.3,heterogeneous,16.0,SLOT-G-DEF,137,76.0,128.0,52.0
6,0.3,heterogeneous,16.0,SLOT-G-LBA,137,12.0,96.0,84.0
6,0.3,heterogeneous,16.0,SLOT-LFT-DEF,129,68.0,124.0,56.0
6,0.3,heterogeneous,16.0,SLOT-LFT-LBA,129,12.0,96.0,84.0
6,0.3,heterogeneous,16.0,SLOT-RAND-DEF,131,62.0,121.0,59.0
6,0.3,heterogeneous,16.0,SLOT-RAND-LBA,131,8.0,94.0,86.0
6,0.3,heterogeneous,64.0,POOL-LBA(=yours),138,2.0,90.0,92.0
6,0.3,heterogeneous,64.0,SLOT-G-DEF,138,74.0,128.0,54.0
6,0.3,heterogeneous,64.0,SLOT-G-LBA,138,12.0,97.0,85.0
6,0.3,heterogeneous,64.0,SLOT-LFT-DEF,129,66.0,124.0,58.0
6,0.3,heterogeneous,64.0,SLOT-LFT-LBA,129,14.0,98.0,84.0
6,0.3,heterogeneous,64.0,SLOT-RAND-DEF,130,66.0,124.0,58.0
6,0.3,heterogeneous,64.0,SLOT-RAND-LBA,131,6.0,94.0,88.0
7,0.0,uniform,,POOL-LBA(=yours),104,3.0,68.0,65.0
7,0.0,uniform,,SLOT-G-DEF,104,69.0,101.0,32.0
7,0.0,uniform,,SLOT-G-LBA,104,3.0,65.0,68.0
7,0.0,uniform,,SLOT-LFT-DEF,104,75.0,104.0,29.0
7,0.0,uniform,,SLOT-LFT-LBA,104,5.0,69.0,64.0
7,0.0,uniform,,SLOT-RAND-DEF,104,65.0,99.0,34.0
7,0.0,uniform,,SLOT-RAND-LBA,108,3.0,65.0,68.0
7,0.0,heterogeneous,4.0,POOL-LBA(=yours),104,3.0,68.0,65.0
7,0.0,heterogeneous,4.0,SLOT-G-DEF,104,69.0,101.0,32.0
7,0.0,heterogeneous,4.0,SLOT-G-LBA,104,3.0,65.0,68.0
7,0.0,heterogeneous,4.0,SLOT-LFT-DEF,104,75.0,104.0,29.0
7,0.0,heterogeneous,4.0,SLOT-LFT-LBA,104,5.0,69.0,64.0
7,0.0,heterogeneous,4.0,SLOT-RAND-DEF,109,67.0,100.0,33.0
7,0.0,heterogeneous,4.0,SLOT-RAND-LBA,104,5.0,69.0,64.0
7,0.0,heterogeneous,16.0,POOL-LBA(=yours),104,3.0,68.0,65.0
7,0.0,heterogeneous,16.0,SLOT-G-DEF,104,69.0,101.0,32.0
7,0.0,heterogeneous,16.0,SLOT-G-LBA,104,3.0,65.0,68.0
7,0.0,heterogeneous,16.0,SLOT-LFT-DEF,104,75.0,104.0,29.0
7,0.0,heterogeneous,16.0,SLOT-LFT-LBA,104,5.0,69.0,64.0
7,0.0,heterogeneous,16.0,SLOT-RAND-DEF,104,75.0,104.0,29.0
7,0.0,heterogeneous,16.0,SLOT-RAND-LBA,108,3.0,65.0,68.0
7,0.0,heterogeneous,64.0,POOL-LBA(=yours),104,3.0,68.0,65.0
7,0.0,heterogeneous,64.0,SLOT-G-DEF,104,69.0,101.0,32.0
7,0.0,heterogeneous,64.0,SLOT-G-LBA,104,3.0,65.0,68.0
7,0.0,heterogeneous,64.0,SLOT-LFT-DEF,104,75.0,104.0,29.0
7,0.0,heterogeneous,64.0,SLOT-LFT-LBA,104,5.0,69.0,64.0
7,0.0,heterogeneous,64.0,SLOT-RAND-DEF,108,83.0,108.0,25.0
7,0.0,heterogeneous,64.0,SLOT-RAND-LBA,109,3.0,65.0,68.0
7,0.1,uniform,,POOL-LBA(=yours),119,3.0,78.0,75.0
7,0.1,uniform,,SLOT-G-DEF,119,79.0,116.0,37.0
7,0.1,uniform,,SLOT-G-LBA,119,3.0,75.0,78.0
7,0.1,uniform,,SLOT-LFT-DEF,119,85.0,119.0,34.0
7,0.1,uniform,,SLOT-LFT-LBA,119,5.0,79.0,74.0
7,0.1,uniform,,SLOT-RAND-DEF,119,81.0,117.0,36.0
7,0.1,uniform,,SLOT-RAND-LBA,119,3.0,78.0,75.0
7,0.1,heterogeneous,4.0,POOL-LBA(=yours),112,6.0,77.0,71.0
7,0.1,heterogeneous,4.0,SLOT-G-DEF,112,76.0,112.0,36.0
7,0.1,heterogeneous,4.0,SLOT-G-LBA,112,6.0,77.0,71.0
7,0.1,heterogeneous,4.0,SLOT-LFT-DEF,112,76.0,112.0,36.0
7,0.1,heterogeneous,4.0,SLOT-LFT-LBA,112,6.0,71.0,77.0
7,0.1,heterogeneous,4.0,SLOT-RAND-DEF,119,78.0,113.0,35.0
7,0.1,heterogeneous,4.0,SLOT-RAND-LBA,112,6.0,71.0,77.0
7,0.1,heterogeneous,16.0,POOL-LBA(=yours),113,0.0,72.0,72.0
7,0.1,heterogeneous,16.0,SLOT-G-DEF,113,78.0,111.0,33.0
7,0.1,heterogeneous,16.0,SLOT-G-LBA,113,0.0,72.0,72.0
7,0.1,heterogeneous,16.0,SLOT-LFT-DEF,113,82.0,113.0,31.0
7,0.1,heterogeneous,16.0,SLOT-LFT-LBA,113,2.0,73.0,71.0
7,0.1,heterogeneous,16.0,SLOT-RAND-DEF,113,82.0,113.0,31.0
7,0.1,heterogeneous,16.0,SLOT-RAND-LBA,113,2.0,73.0,71.0
7,0.1,heterogeneous,64.0,POOL-LBA(=yours),117,3.0,73.0,76.0
7,0.1,heterogeneous,64.0,SLOT-G-DEF,117,77.0,113.0,36.0
7,0.1,heterogeneous,64.0,SLOT-G-LBA,117,3.0,73.0,76.0
7,0.1,heterogeneous,64.0,SLOT-LFT-DEF,117,85.0,117.0,32.0
7,0.1,heterogeneous,64.0,SLOT-LFT-LBA,117,7.0,71.0,78.0
7,0.1,heterogeneous,64.0,SLOT-RAND-DEF,117,71.0,110.0,39.0
7,0.1,heterogeneous,64.0,SLOT-RAND-LBA,124,5.0,72.0,77.0
7,0.2,uniform,,POOL-LBA(=yours),125,3.0,78.0,81.0
7,0.2,uniform,,SLOT-G-DEF,125,83.0,121.0,38.0
7,0.2,uniform,,SLOT-G-LBA,125,3.0,78.0,81.0
7,0.2,uniform,,SLOT-LFT-DEF,125,91.0,125.0,34.0
7,0.2,uniform,,SLOT-LFT-LBA,125,5.0,77.0,82.0
7,0.2,uniform,,SLOT-RAND-DEF,131,85.0,122.0,37.0
7,0.2,uniform,,SLOT-RAND-LBA,132,7.0,83.0,76.0
7,0.2,heterogeneous,4.0,POOL-LBA(=yours),126,3.0,81.0,78.0
7,0.2,heterogeneous,4.0,SLOT-G-DEF,126,91.0,125.0,34.0
7,0.2,heterogeneous,4.0,SLOT-G-LBA,126,3.0,78.0,81.0
7,0.2,heterogeneous,4.0,SLOT-LFT-DEF,126,93.0,126.0,33.0
7,0.2,heterogeneous,4.0,SLOT-LFT-LBA,126,3.0,81.0,78.0
7,0.2,heterogeneous,4.0,SLOT-RAND-DEF,126,93.0,126.0,33.0
7,0.2,heterogeneous,4.0,SLOT-RAND-LBA,126,3.0,81.0,78.0
7,0.2,heterogeneous,16.0,POOL-LBA(=yours),125,5.0,83.0,78.0
7,0.2,heterogeneous,16.0,SLOT-G-DEF,125,81.0,121.0,40.0
7,0.2,heterogeneous,16.0,SLOT-G-LBA,125,5.0,78.0,83.0
7,0.2,heterogeneous,16.0,SLOT-LFT-DEF,125,89.0,125.0,36.0
7,0.2,heterogeneous,16.0,SLOT-LFT-LBA,125,5.0,83.0,78.0
7,0.2,heterogeneous,16.0,SLOT-RAND-DEF,125,79.0,120.0,41.0
7,0.2,heterogeneous,16.0,SLOT-RAND-LBA,125,5.0,78.0,83.0
7,0.2,heterogeneous,64.0,POOL-LBA(=yours),123,2.0,78.0,80.0
7,0.2,heterogeneous,64.0,SLOT-G-DEF,123,82.0,120.0,38.0
7,0.2,heterogeneous,64.0,SLOT-G-LBA,123,2.0,78.0,80.0
7,0.2,heterogeneous,64.0,SLOT-LFT-DEF,123,88.0,123.0,35.0
7,0.2,heterogeneous,64.0,SLOT-LFT-LBA,123,6.0,82.0,76.0
7,0.2,heterogeneous,64.0,SLOT-RAND-DEF,123,82.0,120.0,38.0
7,0.2,heterogeneous,64.0,SLOT-RAND-LBA,130,4.0,77.0,81.0
7,0.3,uniform,,POOL-LBA(=yours),132,5.0,87.0,82.0
7,0.3,uniform,,SLOT-G-DEF,132,87.0,128.0,41.0
7,0.3,uniform,,SLOT-G-LBA,132,5.0,87.0,82.0
7,0.3,uniform,,SLOT-LFT-DEF,132,95.0,132.0,37.0
7,0.3,uniform,,SLOT-LFT-LBA,132,5.0,87.0,82.0
7,0.3,uniform,,SLOT-RAND-DEF,137,105.0,137.0,32.0
7,0.3,uniform,,SLOT-RAND-LBA,138,3.0,86.0,83.0
7,0.3,heterogeneous,4.0,POOL-LBA(=yours),142,7.0,94.0,87.0
7,0.3,heterogeneous,4.0,SLOT-G-DEF,142,87.0,134.0,47.0
7,0.3,heterogeneous,4.0,SLOT-G-LBA,142,5.0,88.0,93.0
7,0.3,heterogeneous,4.0,SLOT-LFT-DEF,142,103.0,142.0,39.0
7,0.3,heterogeneous,4.0,SLOT-LFT-LBA,142,5.0,88.0,93.0
7,0.3,heterogeneous,4.0,SLOT-RAND-DEF,142,87.0,134.0,47.0
7,0.3,heterogeneous,4.0,SLOT-RAND-LBA,143,5.0,93.0,88.0
7,0.3,heterogeneous,16.0,POOL-LBA(=yours),131,4.0,85.0,81.0
7,0.3,heterogeneous,16.0,SLOT-G-DEF,131,88.0,127.0,39.0
7,0.3,heterogeneous,16.0,SLOT-G-LBA,131,4.0,85.0,81.0
7,0.3,heterogeneous,16.0,SLOT-LFT-DEF,131,96.0,131.0,35.0
7,0.3,heterogeneous,16.0,SLOT-LFT-LBA,131,8.0,87.0,79.0
7,0.3,heterogeneous,16.0,SLOT-RAND-DEF,131,84.0,125.0,41.0
7,0.3,heterogeneous,16.0,SLOT-RAND-LBA,131,8.0,87.0,79.0
7,0.3,heterogeneous,64.0,POOL-LBA(=yours),138,4.0,90.0,86.0
7,0.3,heterogeneous,64.0,SLOT-G-DEF,138,92.0,134.0,42.0
7,0.3,heterogeneous,64.0,SLOT-G-LBA,138,4.0,86.0,90.0
7,0.3,heterogeneous,64.0,SLOT-LFT-DEF,138,100.0,138.0,38.0
7,0.3,heterogeneous,64.0,SLOT-LFT-LBA,138,6.0,91.0,85.0
7,0.3,heterogeneous,64.0,SLOT-RAND-DEF,138,94.0,135.0,41.0
7,0.3,heterogeneous,64.0,SLOT-RAND-LBA,138,4.0,90.0,86.0
8,0.0,uniform,,POOL-LBA(=yours),106,1.0,69.0,70.0
8,0.0,uniform,,SLOT-G-DEF,106,65.0,102.0,37.0
8,0.0,uniform,,SLOT-G-LBA,106,1.0,69.0,70.0
8,0.0,uniform,,SLOT-LFT-DEF,105,63.0,101.0,38.0
8,0.0,uniform,,SLOT-LFT-LBA,105,1.0,70.0,69.0
8,0.0,uniform,,SLOT-RAND-DEF,110,81.0,110.0,29.0
8,0.0,uniform,,SLOT-RAND-LBA,114,1.0,70.0,69.0
8,0.0,heterogeneous,4.0,POOL-LBA(=yours),106,1.0,69.0,70.0
8,0.0,heterogeneous,4.0,SLOT-G-DEF,106,65.0,102.0,37.0
8,0.0,heterogeneous,4.0,SLOT-G-LBA,106,1.0,69.0,70.0
8,0.0,heterogeneous,4.0,SLOT-LFT-DEF,105,63.0,101.0,38.0
8,0.0,heterogeneous,4.0,SLOT-LFT-LBA,105,1.0,70.0,69.0
8,0.0,heterogeneous,4.0,SLOT-RAND-DEF,110,81.0,110.0,29.0
8,0.0,heterogeneous,4.0,SLOT-RAND-LBA,107,3.0,68.0,71.0
8,0.0,heterogeneous,16.0,POOL-LBA(=yours),106,1.0,69.0,70.0
8,0.0,heterogeneous,16.0,SLOT-G-DEF,106,65.0,102.0,37.0
8,0.0,heterogeneous,16.0,SLOT-G-LBA,106,1.0,69.0,70.0
8,0.0,heterogeneous,16.0,SLOT-LFT-DEF,105,63.0,101.0,38.0
8,0.0,heterogeneous,16.0,SLOT-LFT-LBA,105,1.0,70.0,69.0
8,0.0,heterogeneous,16.0,SLOT-RAND-DEF,106,73.0,106.0,33.0
8,0.0,heterogeneous,16.0,SLOT-RAND-LBA,111,1.0,69.0,70.0
8,0.0,heterogeneous,64.0,POOL-LBA(=yours),106,1.0,69.0,70.0
8,0.0,heterogeneous,64.0,SLOT-G-DEF,106,65.0,102.0,37.0
8,0.0,heterogeneous,64.0,SLOT-G-LBA,106,1.0,69.0,70.0
8,0.0,heterogeneous,64.0,SLOT-LFT-DEF,105,63.0,101.0,38.0
8,0.0,heterogeneous,64.0,SLOT-LFT-LBA,105,1.0,70.0,69.0
8,0.0,heterogeneous,64.0,SLOT-RAND-DEF,106,65.0,102.0,37.0
8,0.0,heterogeneous,64.0,SLOT-RAND-LBA,111,1.0,70.0,69.0
8,0.1,uniform,,POOL-LBA(=yours),121,1.0,79.0,80.0
8,0.1,uniform,,SLOT-G-DEF,121,75.0,117.0,42.0
8,0.1,uniform,,SLOT-G-LBA,121,1.0,79.0,80.0
8,0.1,uniform,,SLOT-LFT-DEF,120,71.0,115.0,44.0
8,0.1,uniform,,SLOT-LFT-LBA,120,1.0,80.0,79.0
8,0.1,uniform,,SLOT-RAND-DEF,125,75.0,117.0,42.0
8,0.1,uniform,,SLOT-RAND-LBA,121,3.0,78.0,81.0
8,0.1,heterogeneous,4.0,POOL-LBA(=yours),110,3.0,75.0,72.0
8,0.1,heterogeneous,4.0,SLOT-G-DEF,110,61.0,104.0,43.0
8,0.1,heterogeneous,4.0,SLOT-G-LBA,110,3.0,75.0,72.0
8,0.1,heterogeneous,4.0,SLOT-LFT-DEF,108,69.0,108.0,39.0
8,0.1,heterogeneous,4.0,SLOT-LFT-LBA,108,1.0,74.0,73.0
8,0.1,heterogeneous,4.0,SLOT-RAND-DEF,113,67.0,107.0,40.0
8,0.1,heterogeneous,4.0,SLOT-RAND-LBA,118,5.0,76.0,71.0
8,0.1,heterogeneous,16.0,POOL-LBA(=yours),120,4.0,80.0,76.0
8,0.1,heterogeneous,16.0,SLOT-G-DEF,120,68.0,112.0,44.0
8,0.1,heterogeneous,16.0,SLOT-G-LBA,120,4.0,80.0,76.0
8,0.1,heterogeneous,16.0,SLOT-LFT-DEF,116,74.0,115.0,41.0
8,0.1,heterogeneous,16.0,SLOT-LFT-LBA,116,0.0,78.0,78.0
8,0.1,heterogeneous,16.0,SLOT-RAND-DEF,120,66.0,111.0,45.0
8,0.1,heterogeneous,16.0,SLOT-RAND-LBA,120,0.0,78.0,78.0
8,0.1,heterogeneous,64.0,POOL-LBA(=yours),121,1.0,79.0,78.0
8,0.1,heterogeneous,64.0,SLOT-G-DEF,121,75.0,116.0,41.0
8,0.1,heterogeneous,64.0,SLOT-G-LBA,121,1.0,78.0,79.0
8,0.1,heterogeneous,64.0,SLOT-LFT-DEF,119,81.0,119.0,38.0
8,0.1,heterogeneous,64.0,SLOT-LFT-LBA,119,1.0,79.0,78.0
8,0.1,heterogeneous,64.0,SLOT-RAND-DEF,122,75.0,116.0,41.0
8,0.1,heterogeneous,64.0,SLOT-RAND-LBA,120,1.0,79.0,78.0
8,0.2,uniform,,POOL-LBA(=yours),127,1.0,83.0,84.0
8,0.2,uniform,,SLOT-G-DEF,127,75.0,121.0,46.0
8,0.2,uniform,,SLOT-G-LBA,127,1.0,83.0,84.0
8,0.2,uniform,,SLOT-LFT-DEF,125,75.0,121.0,46.0
8,0.2,uniform,,SLOT-LFT-LBA,125,1.0,84.0,83.0
8,0.2,uniform,,SLOT-RAND-DEF,125,83.0,125.0,42.0
8,0.2,uniform,,SLOT-RAND-LBA,127,3.0,85.0,82.0
8,0.2,heterogeneous,4.0,POOL-LBA(=yours),126,2.0,81.0,79.0
8,0.2,heterogeneous,4.0,SLOT-G-DEF,126,78.0,119.0,41.0
8,0.2,heterogeneous,4.0,SLOT-G-LBA,126,0.0,80.0,80.0
8,0.2,heterogeneous,4.0,SLOT-LFT-DEF,125,90.0,125.0,35.0
8,0.2,heterogeneous,4.0,SLOT-LFT-LBA,125,2.0,79.0,81.0
8,0.2,heterogeneous,4.0,SLOT-RAND-DEF,130,80.0,120.0,40.0
8,0.2,heterogeneous,4.0,SLOT-RAND-LBA,124,2.0,79.0,81.0
8,0.2,heterogeneous,16.0,POOL-LBA(=yours),131,0.0,85.0,85.0
8,0.2,heterogeneous,16.0,SLOT-G-DEF,131,78.0,124.0,46.0
8,0.2,heterogeneous,16.0,SLOT-G-LBA,131,0.0,85.0,85.0
8,0.2,heterogeneous,16.0,SLOT-LFT-DEF,128,84.0,127.0,43.0
8,0.2,heterogeneous,16.0,SLOT-LFT-LBA,128,0.0,85.0,85.0
8,0.2,heterogeneous,16.0,SLOT-RAND-DEF,129,70.0,120.0,50.0
8,0.2,heterogeneous,16.0,SLOT-RAND-LBA,135,2.0,86.0,84.0
8,0.2,heterogeneous,64.0,POOL-LBA(=yours),129,1.0,84.0,83.0
8,0.2,heterogeneous,64.0,SLOT-G-DEF,129,79.0,123.0,44.0
8,0.2,heterogeneous,64.0,SLOT-G-LBA,129,1.0,84.0,83.0
8,0.2,heterogeneous,64.0,SLOT-LFT-DEF,127,87.0,127.0,40.0
8,0.2,heterogeneous,64.0,SLOT-LFT-LBA,127,1.0,83.0,84.0
8,0.2,heterogeneous,64.0,SLOT-RAND-DEF,128,89.0,128.0,39.0
8,0.2,heterogeneous,64.0,SLOT-RAND-LBA,133,1.0,84.0,83.0
8,0.3,uniform,,POOL-LBA(=yours),135,0.0,88.0,88.0
8,0.3,uniform,,SLOT-G-DEF,135,84.0,130.0,46.0
8,0.3,uniform,,SLOT-G-LBA,135,0.0,88.0,88.0
8,0.3,uniform,,SLOT-LFT-DEF,134,82.0,129.0,47.0
8,0.3,uniform,,SLOT-LFT-LBA,134,2.0,89.0,87.0
8,0.3,uniform,,SLOT-RAND-DEF,140,104.0,140.0,36.0
8,0.3,uniform,,SLOT-RAND-LBA,135,6.0,91.0,85.0
8,0.3,heterogeneous,4.0,POOL-LBA(=yours),139,6.0,86.0,92.0
8,0.3,heterogeneous,4.0,SLOT-G-DEF,139,80.0,129.0,49.0
8,0.3,heterogeneous,4.0,SLOT-G-LBA,139,2.0,88.0,90.0
8,0.3,heterogeneous,4.0,SLOT-LFT-DEF,136,94.0,136.0,42.0
8,0.3,heterogeneous,4.0,SLOT-LFT-LBA,136,2.0,90.0,88.0
8,0.3,heterogeneous,4.0,SLOT-RAND-DEF,135,78.0,128.0,50.0
8,0.3,heterogeneous,4.0,SLOT-RAND-LBA,141,0.0,89.0,89.0
8,0.3,heterogeneous,16.0,POOL-LBA(=yours),136,0.0,88.0,88.0
8,0.3,heterogeneous,16.0,SLOT-G-DEF,136,80.0,128.0,48.0
8,0.3,heterogeneous,16.0,SLOT-G-LBA,136,0.0,88.0,88.0
8,0.3,heterogeneous,16.0,SLOT-LFT-DEF,133,80.0,128.0,48.0
8,0.3,heterogeneous,16.0,SLOT-LFT-LBA,133,2.0,89.0,87.0
8,0.3,heterogeneous,16.0,SLOT-RAND-DEF,143,96.0,136.0,40.0
8,0.3,heterogeneous,16.0,SLOT-RAND-LBA,135,6.0,91.0,85.0
8,0.3,heterogeneous,64.0,POOL-LBA(=yours),137,2.0,90.0,88.0
8,0.3,heterogeneous,64.0,SLOT-G-DEF,137,86.0,132.0,46.0
8,0.3,heterogeneous,64.0,SLOT-G-LBA,137,0.0,89.0,89.0
8,0.3,heterogeneous,64.0,SLOT-LFT-DEF,136,82.0,130.0,48.0
8,0.3,heterogeneous,64.0,SLOT-LFT-LBA,136,0.0,89.0,89.0
8,0.3,heterogeneous,64.0,SLOT-RAND-DEF,143,108.0,143.0,35.0
8,0.3,heterogeneous,64.0,SLOT-RAND-LBA,136,2.0,90.0,88.0
9,0.0,uniform,,POOL-LBA(=yours),100,3.0,69.0,66.0
9,0.0,uniform,,SLOT-G-DEF,100,49.0,92.0,43.0
9,0.0,uniform,,SLOT-G-LBA,100,5.0,70.0,65.0
9,0.0,uniform,,SLOT-LFT-DEF,102,57.0,96.0,39.0
9,0.0,uniform,,SLOT-LFT-LBA,102,3.0,69.0,66.0
9,0.0,uniform,,SLOT-RAND-DEF,100,59.0,97.0,38.0
9,0.0,uniform,,SLOT-RAND-LBA,99,5.0,70.0,65.0
9,0.0,heterogeneous,4.0,POOL-LBA(=yours),100,3.0,69.0,66.0
9,0.0,heterogeneous,4.0,SLOT-G-DEF,100,49.0,92.0,43.0
9,0.0,heterogeneous,4.0,SLOT-G-LBA,100,5.0,70.0,65.0
9,0.0,heterogeneous,4.0,SLOT-LFT-DEF,102,57.0,96.0,39.0
9,0.0,heterogeneous,4.0,SLOT-LFT-LBA,102,3.0,69.0,66.0
9,0.0,heterogeneous,4.0,SLOT-RAND-DEF,100,49.0,92.0,43.0
9,0.0,heterogeneous,4.0,SLOT-RAND-LBA,104,1.0,68.0,67.0
9,0.0,heterogeneous,16.0,POOL-LBA(=yours),100,3.0,69.0,66.0
9,0.0,heterogeneous,16.0,SLOT-G-DEF,100,49.0,92.0,43.0
9,0.0,heterogeneous,16.0,SLOT-G-LBA,100,5.0,70.0,65.0
9,0.0,heterogeneous,16.0,SLOT-LFT-DEF,102,57.0,96.0,39.0
9,0.0,heterogeneous,16.0,SLOT-LFT-LBA,102,3.0,69.0,66.0
9,0.0,heterogeneous,16.0,SLOT-RAND-DEF,100,63.0,99.0,36.0
9,0.0,heterogeneous,16.0,SLOT-RAND-LBA,105,3.0,69.0,66.0
9,0.0,heterogeneous,64.0,POOL-LBA(=yours),100,3.0,69.0,66.0
9,0.0,heterogeneous,64.0,SLOT-G-DEF,100,49.0,92.0,43.0
9,0.0,heterogeneous,64.0,SLOT-G-LBA,100,5.0,70.0,65.0
9,0.0,heterogeneous,64.0,SLOT-LFT-DEF,102,57.0,96.0,39.0
9,0.0,heterogeneous,64.0,SLOT-LFT-LBA,102,3.0,69.0,66.0
9,0.0,heterogeneous,64.0,SLOT-RAND-DEF,101,57.0,96.0,39.0
9,0.0,heterogeneous,64.0,SLOT-RAND-LBA,104,5.0,70.0,65.0
9,0.1,uniform,,POOL-LBA(=yours),114,3.0,79.0,76.0
9,0.1,uniform,,SLOT-G-DEF,114,55.0,105.0,50.0
9,0.1,uniform,,SLOT-G-LBA,114,5.0,80.0,75.0
9,0.1,uniform,,SLOT-LFT-DEF,116,65.0,110.0,45.0
9,0.1,uniform,,SLOT-LFT-LBA,116,3.0,79.0,76.0
9,0.1,uniform,,SLOT-RAND-DEF,114,61.0,108.0,47.0
9,0.1,uniform,,SLOT-RAND-LBA,119,1.0,78.0,77.0
9,0.1,heterogeneous,4.0,POOL-LBA(=yours),110,2.0,73.0,75.0
9,0.1,heterogeneous,4.0,SLOT-G-DEF,110,66.0,107.0,41.0
9,0.1,heterogeneous,4.0,SLOT-G-LBA,110,0.0,74.0,74.0
9,0.1,heterogeneous,4.0,SLOT-LFT-DEF,111,74.0,111.0,37.0
9,0.1,heterogeneous,4.0,SLOT-LFT-LBA,111,4.0,72.0,76.0
9,0.1,heterogeneous,4.0,SLOT-RAND-DEF,115,82.0,115.0,33.0
9,0.1,heterogeneous,4.0,SLOT-RAND-LBA,114,2.0,75.0,73.0
9,0.1,heterogeneous,16.0,POOL-LBA(=yours),107,2.0,74.0,72.0
9,0.1,heterogeneous,16.0,SLOT-G-DEF,107,62.0,104.0,42.0
9,0.1,heterogeneous,16.0,SLOT-G-LBA,107,6.0,76.0,70.0
9,0.1,heterogeneous,16.0,SLOT-LFT-DEF,109,60.0,103.0,43.0
9,0.1,heterogeneous,16.0,SLOT-LFT-LBA,109,4.0,75.0,71.0
9,0.1,heterogeneous,16.0,SLOT-RAND-DEF,113,78.0,112.0,34.0
9,0.1,heterogeneous,16.0,SLOT-RAND-LBA,107,2.0,72.0,74.0
9,0.1,heterogeneous,64.0,POOL-LBA(=yours),109,1.0,74.0,75.0
9,0.1,heterogeneous,64.0,SLOT-G-DEF,109,61.0,105.0,44.0
9,0.1,heterogeneous,64.0,SLOT-G-LBA,109,1.0,74.0,75.0
9,0.1,heterogeneous,64.0,SLOT-LFT-DEF,111,63.0,106.0,43.0
9,0.1,heterogeneous,64.0,SLOT-LFT-LBA,111,3.0,76.0,73.0
9,0.1,heterogeneous,64.0,SLOT-RAND-DEF,110,57.0,103.0,46.0
9,0.1,heterogeneous,64.0,SLOT-RAND-LBA,109,1.0,74.0,75.0
9,0.2,uniform,,POOL-LBA(=yours),121,4.0,83.0,79.0
9,0.2,uniform,,SLOT-G-DEF,121,66.0,114.0,48.0
9,0.2,uniform,,SLOT-G-LBA,121,2.0,80.0,82.0
9,0.2,uniform,,SLOT-LFT-DEF,123,84.0,123.0,39.0
9,0.2,uniform,,SLOT-LFT-LBA,123,2.0,82.0,80.0
9,0.2,uniform,,SLOT-RAND-DEF,119,74.0,118.0,44.0
9,0.2,uniform,,SLOT-RAND-LBA,119,2.0,80.0,82.0
9,0.2,heterogeneous,4.0,POOL-LBA(=yours),117,4.0,81.0,77.0
9,0.2,heterogeneous,4.0,SLOT-G-DEF,117,64.0,111.0,47.0
9,0.2,heterogeneous,4.0,SLOT-G-LBA,117,2.0,78.0,80.0
9,0.2,heterogeneous,4.0,SLOT-LFT-DEF,118,78.0,118.0,40.0
9,0.2,heterogeneous,4.0,SLOT-LFT-LBA,118,0.0,79.0,79.0
9,0.2,heterogeneous,4.0,SLOT-RAND-DEF,119,50.0,104.0,54.0
9,0.2,heterogeneous,4.0,SLOT-RAND-LBA,116,2.0,80.0,78.0
9,0.2,heterogeneous,16.0,POOL-LBA(=yours),123,4.0,85.0,81.0
9,0.2,heterogeneous,16.0,SLOT-G-DEF,123,74.0,120.0,46.0
9,0.2,heterogeneous,16.0,SLOT-G-LBA,123,4.0,85.0,81.0
9,0.2,heterogeneous,16.0,SLOT-LFT-DEF,124,82.0,124.0,42.0
9,0.2,heterogeneous,16.0,SLOT-LFT-LBA,124,2.0,84.0,82.0
9,0.2,heterogeneous,16.0,SLOT-RAND-DEF,130,94.0,130.0,36.0
9,0.2,heterogeneous,16.0,SLOT-RAND-LBA,123,0.0,83.0,83.0
9,0.2,heterogeneous,64.0,POOL-LBA(=yours),122,3.0,84.0,81.0
9,0.2,heterogeneous,64.0,SLOT-G-DEF,122,59.0,112.0,53.0
9,0.2,heterogeneous,64.0,SLOT-G-LBA,122,7.0,79.0,86.0
9,0.2,heterogeneous,64.0,SLOT-LFT-DEF,125,69.0,117.0,48.0
9,0.2,heterogeneous,64.0,SLOT-LFT-LBA,125,5.0,85.0,80.0
9,0.2,heterogeneous,64.0,SLOT-RAND-DEF,129,93.0,129.0,36.0
9,0.2,heterogeneous,64.0,SLOT-RAND-LBA,133,3.0,84.0,81.0
9,0.3,uniform,,POOL-LBA(=yours),128,1.0,87.0,86.0
9,0.3,uniform,,SLOT-G-DEF,128,67.0,120.0,53.0
9,0.3,uniform,,SLOT-G-LBA,128,7.0,83.0,90.0
9,0.3,uniform,,SLOT-LFT-DEF,131,75.0,124.0,49.0
9,0.3,uniform,,SLOT-LFT-LBA,131,3.0,85.0,88.0
9,0.3,uniform,,SLOT-RAND-DEF,134,91.0,132.0,41.0
9,0.3,uniform,,SLOT-RAND-LBA,128,3.0,88.0,85.0
9,0.3,heterogeneous,4.0,POOL-LBA(=yours),130,2.0,92.0,90.0
9,0.3,heterogeneous,4.0,SLOT-G-DEF,130,70.0,126.0,56.0
9,0.3,heterogeneous,4.0,SLOT-G-LBA,130,2.0,92.0,90.0
9,0.3,heterogeneous,4.0,SLOT-LFT-DEF,131,72.0,127.0,55.0
9,0.3,heterogeneous,4.0,SLOT-LFT-LBA,131,0.0,91.0,91.0
9,0.3,heterogeneous,4.0,SLOT-RAND-DEF,132,70.0,126.0,56.0
9,0.3,heterogeneous,4.0,SLOT-RAND-LBA,138,6.0,94.0,88.0
9,0.3,heterogeneous,16.0,POOL-LBA(=yours),127,1.0,85.0,86.0
9,0.3,heterogeneous,16.0,SLOT-G-DEF,127,83.0,127.0,44.0
9,0.3,heterogeneous,16.0,SLOT-G-LBA,127,3.0,87.0,84.0
9,0.3,heterogeneous,16.0,SLOT-LFT-DEF,129,71.0,121.0,50.0
9,0.3,heterogeneous,16.0,SLOT-LFT-LBA,129,1.0,85.0,86.0
9,0.3,heterogeneous,16.0,SLOT-RAND-DEF,127,75.0,123.0,48.0
9,0.3,heterogeneous,16.0,SLOT-RAND-LBA,129,1.0,85.0,86.0
9,0.3,heterogeneous,64.0,POOL-LBA(=yours),132,2.0,90.0,88.0
9,0.3,heterogeneous,64.0,SLOT-G-DEF,132,70.0,124.0,54.0
9,0.3,heterogeneous,64.0,SLOT-G-LBA,132,2.0,88.0,90.0
9,0.3,heterogeneous,64.0,SLOT-LFT-DEF,135,76.0,127.0,51.0
9,0.3,heterogeneous,64.0,SLOT-LFT-LBA,135,2.0,90.0,88.0
9,0.3,heterogeneous,64.0,SLOT-RAND-DEF,138,66.0,122.0,56.0
9,0.3,heterogeneous,64.0,SLOT-RAND-LBA,139,2.0,90.0,88.0
10,0.0,uniform,,POOL-LBA(=yours),107,4.0,76.0,72.0
10,0.0,uniform,,SLOT-G-DEF,107,66.0,107.0,41.0
10,0.0,uniform,,SLOT-G-LBA,107,0.0,74.0,74.0
10,0.0,uniform,,SLOT-LFT-DEF,107,66.0,107.0,41.0
10,0.0,uniform,,SLOT-LFT-LBA,107,4.0,72.0,76.0
10,0.0,uniform,,SLOT-RAND-DEF,105,62.0,105.0,43.0
10,0.0,uniform,,SLOT-RAND-LBA,105,2.0,75.0,73.0
10,0.0,heterogeneous,4.0,POOL-LBA(=yours),107,4.0,76.0,72.0
10,0.0,heterogeneous,4.0,SLOT-G-DEF,107,66.0,107.0,41.0
10,0.0,heterogeneous,4.0,SLOT-G-LBA,107,0.0,74.0,74.0
10,0.0,heterogeneous,4.0,SLOT-LFT-DEF,107,66.0,107.0,41.0
10,0.0,heterogeneous,4.0,SLOT-LFT-LBA,107,4.0,72.0,76.0
10,0.0,heterogeneous,4.0,SLOT-RAND-DEF,106,64.0,106.0,42.0
10,0.0,heterogeneous,4.0,SLOT-RAND-LBA,107,12.0,80.0,68.0
10,0.0,heterogeneous,16.0,POOL-LBA(=yours),107,4.0,76.0,72.0
10,0.0,heterogeneous,16.0,SLOT-G-DEF,107,66.0,107.0,41.0
10,0.0,heterogeneous,16.0,SLOT-G-LBA,107,0.0,74.0,74.0
10,0.0,heterogeneous,16.0,SLOT-LFT-DEF,107,66.0,107.0,41.0
10,0.0,heterogeneous,16.0,SLOT-LFT-LBA,107,4.0,72.0,76.0
10,0.0,heterogeneous,16.0,SLOT-RAND-DEF,113,78.0,113.0,35.0
10,0.0,heterogeneous,16.0,SLOT-RAND-LBA,107,10.0,69.0,79.0
10,0.0,heterogeneous,64.0,POOL-LBA(=yours),107,4.0,76.0,72.0
10,0.0,heterogeneous,64.0,SLOT-G-DEF,107,66.0,107.0,41.0
10,0.0,heterogeneous,64.0,SLOT-G-LBA,107,0.0,74.0,74.0
10,0.0,heterogeneous,64.0,SLOT-LFT-DEF,107,66.0,107.0,41.0
10,0.0,heterogeneous,64.0,SLOT-LFT-LBA,107,4.0,72.0,76.0
10,0.0,heterogeneous,64.0,SLOT-RAND-DEF,107,54.0,101.0,47.0
10,0.0,heterogeneous,64.0,SLOT-RAND-LBA,107,0.0,74.0,74.0
10,0.1,uniform,,POOL-LBA(=yours),121,4.0,86.0,82.0
10,0.1,uniform,,SLOT-G-DEF,121,74.0,121.0,47.0
10,0.1,uniform,,SLOT-G-LBA,121,0.0,84.0,84.0
10,0.1,uniform,,SLOT-LFT-DEF,121,74.0,121.0,47.0
10,0.1,uniform,,SLOT-LFT-LBA,121,4.0,82.0,86.0
10,0.1,uniform,,SLOT-RAND-DEF,120,54.0,111.0,57.0
10,0.1,uniform,,SLOT-RAND-LBA,121,0.0,84.0,84.0
10,0.1,heterogeneous,4.0,POOL-LBA(=yours),124,4.0,82.0,86.0
10,0.1,heterogeneous,4.0,SLOT-G-DEF,124,70.0,119.0,49.0
10,0.1,heterogeneous,4.0,SLOT-G-LBA,124,0.0,84.0,84.0
10,0.1,heterogeneous,4.0,SLOT-LFT-DEF,123,78.0,123.0,45.0
10,0.1,heterogeneous,4.0,SLOT-LFT-LBA,123,0.0,84.0,84.0
10,0.1,heterogeneous,4.0,SLOT-RAND-DEF,119,46.0,107.0,61.0
10,0.1,heterogeneous,4.0,SLOT-RAND-LBA,120,6.0,87.0,81.0
10,0.1,heterogeneous,16.0,POOL-LBA(=yours),119,1.0,80.0,81.0
10,0.1,heterogeneous,16.0,SLOT-G-DEF,119,69.0,115.0,46.0
10,0.1,heterogeneous,16.0,SLOT-G-LBA,119,1.0,80.0,81.0
10,0.1,heterogeneous,16.0,SLOT-LFT-DEF,116,71.0,116.0,45.0
10,0.1,heterogeneous,16.0,SLOT-LFT-LBA,116,1.0,81.0,80.0
10,0.1,heterogeneous,16.0,SLOT-RAND-DEF,115,57.0,109.0,52.0
10,0.1,heterogeneous,16.0,SLOT-RAND-LBA,116,1.0,81.0,80.0
10,0.1,heterogeneous,64.0,POOL-LBA(=yours),118,2.0,83.0,81.0
10,0.1,heterogeneous,64.0,SLOT-G-DEF,118,66.0,115.0,49.0
10,0.1,heterogeneous,64.0,SLOT-G-LBA,118,4.0,84.0,80.0
10,0.1,heterogeneous,64.0,SLOT-LFT-DEF,118,72.0,118.0,46.0
10,0.1,heterogeneous,64.0,SLOT-LFT-LBA,118,2.0,81.0,83.0
10,0.1,heterogeneous,64.0,SLOT-RAND-DEF,117,50.0,107.0,57.0
10,0.1,heterogeneous,64.0,SLOT-RAND-LBA,118,0.0,82.0,82.0
10,0.2,uniform,,POOL-LBA(=yours),128,6.0,91.0,85.0
10,0.2,uniform,,SLOT-G-DEF,128,80.0,128.0,48.0
10,0.2,uniform,,SLOT-G-LBA,128,0.0,88.0,88.0
10,0.2,uniform,,SLOT-LFT-DEF,128,80.0,128.0,48.0
10,0.2,uniform,,SLOT-LFT-LBA,128,4.0,86.0,90.0
10,0.2,uniform,,SLOT-RAND-DEF,125,74.0,125.0,51.0
10,0.2,uniform,,SLOT-RAND-LBA,128,12.0,82.0,94.0
10,0.2,heterogeneous,4.0,POOL-LBA(=yours),116,2.0,81.0,79.0
10,0.2,heterogeneous,4.0,SLOT-G-DEF,116,68.0,114.0,46.0
10,0.2,heterogeneous,4.0,SLOT-G-LBA,116,4.0,82.0,78.0
10,0.2,heterogeneous,4.0,SLOT-LFT-DEF,114,68.0,114.0,46.0
10,0.2,heterogeneous,4.0,SLOT-LFT-LBA,114,2.0,79.0,81.0
10,0.2,heterogeneous,4.0,SLOT-RAND-DEF,116,56.0,108.0,52.0
10,0.2,heterogeneous,4.0,SLOT-RAND-LBA,112,4.0,82.0,78.0
10,0.2,heterogeneous,16.0,POOL-LBA(=yours),129,4.0,86.0,90.0
10,0.2,heterogeneous,16.0,SLOT-G-DEF,129,78.0,127.0,49.0
10,0.2,heterogeneous,16.0,SLOT-G-LBA,129,2.0,89.0,87.0
10,0.2,heterogeneous,16.0,SLOT-LFT-DEF,129,82.0,129.0,47.0
10,0.2,heterogeneous,16.0,SLOT-LFT-LBA,129,6.0,85.0,91.0
10,0.2,heterogeneous,16.0,SLOT-RAND-DEF,135,78.0,127.0,49.0
10,0.2,heterogeneous,16.0,SLOT-RAND-LBA,125,2.0,89.0,87.0
10,0.2,heterogeneous,64.0,POOL-LBA(=yours),127,7.0,92.0,85.0
10,0.2,heterogeneous,64.0,SLOT-G-DEF,127,77.0,127.0,50.0
10,0.2,heterogeneous,64.0,SLOT-G-LBA,127,1.0,89.0,88.0
10,0.2,heterogeneous,64.0,SLOT-LFT-DEF,128,79.0,128.0,49.0
10,0.2,heterogeneous,64.0,SLOT-LFT-LBA,128,3.0,87.0,90.0
10,0.2,heterogeneous,64.0,SLOT-RAND-DEF,134,77.0,127.0,50.0
10,0.2,heterogeneous,64.0,SLOT-RAND-LBA,134,1.0,88.0,89.0
10,0.3,uniform,,POOL-LBA(=yours),137,4.0,97.0,93.0
10,0.3,uniform,,SLOT-G-DEF,137,84.0,137.0,53.0
10,0.3,uniform,,SLOT-G-LBA,137,0.0,95.0,95.0
10,0.3,uniform,,SLOT-LFT-DEF,137,84.0,137.0,53.0
10,0.3,uniform,,SLOT-LFT-LBA,137,6.0,92.0,98.0
10,0.3,uniform,,SLOT-RAND-DEF,135,80.0,135.0,55.0
10,0.3,uniform,,SLOT-RAND-LBA,138,12.0,89.0,101.0
10,0.3,heterogeneous,4.0,POOL-LBA(=yours),141,1.0,95.0,96.0
10,0.3,heterogeneous,4.0,SLOT-G-DEF,141,81.0,136.0,55.0
10,0.3,heterogeneous,4.0,SLOT-G-LBA,141,3.0,97.0,94.0
10,0.3,heterogeneous,4.0,SLOT-LFT-DEF,140,75.0,133.0,58.0
10,0.3,heterogeneous,4.0,SLOT-LFT-LBA,140,1.0,96.0,95.0
10,0.3,heterogeneous,4.0,SLOT-RAND-DEF,138,67.0,129.0,62.0
10,0.3,heterogeneous,4.0,SLOT-RAND-LBA,144,5.0,98.0,93.0
10,0.3,heterogeneous,16.0,POOL-LBA(=yours),139,0.0,96.0,96.0
10,0.3,heterogeneous,16.0,SLOT-G-DEF,139,66.0,129.0,63.0
10,0.3,heterogeneous,16.0,SLOT-G-LBA,139,4.0,98.0,94.0
10,0.3,heterogeneous,16.0,SLOT-LFT-DEF,139,86.0,139.0,53.0
10,0.3,heterogeneous,16.0,SLOT-LFT-LBA,139,6.0,99.0,93.0
10,0.3,heterogeneous,16.0,SLOT-RAND-DEF,140,68.0,130.0,62.0
10,0.3,heterogeneous,16.0,SLOT-RAND-LBA,140,2.0,97.0,95.0
10,0.3,heterogeneous,64.0,POOL-LBA(=yours),140,0.0,97.0,97.0
10,0.3,heterogeneous,64.0,SLOT-G-DEF,140,78.0,136.0,58.0
10,0.3,heterogeneous,64.0,SLOT-G-LBA,140,0.0,97.0,97.0
10,0.3,heterogeneous,64.0,SLOT-LFT-DEF,139,84.0,139.0,55.0
10,0.3,heterogeneous,64.0,SLOT-LFT-LBA,139,4.0,95.0,99.0
10,0.3,heterogeneous,64.0,SLOT-RAND-DEF,140,86.0,140.0,54.0
10,0.3,heterogeneous,64.0,SLOT-RAND-LBA,137,14.0,104.0,90.0
11,0.0,uniform,,POOL-LBA(=yours),103,5.0,72.0,67.0
11,0.0,uniform,,SLOT-G-DEF,103,57.0,98.0,41.0
11,0.0,uniform,,SLOT-G-LBA,103,1.0,70.0,69.0
11,0.0,uniform,,SLOT-LFT-DEF,104,55.0,97.0,42.0
11,0.0,uniform,,SLOT-LFT-LBA,104,1.0,70.0,69.0
11,0.0,uniform,,SLOT-RAND-DEF,107,61.0,100.0,39.0
11,0.0,uniform,,SLOT-RAND-LBA,107,5.0,67.0,72.0
11,0.0,heterogeneous,4.0,POOL-LBA(=yours),103,5.0,72.0,67.0
11,0.0,heterogeneous,4.0,SLOT-G-DEF,103,57.0,98.0,41.0
11,0.0,heterogeneous,4.0,SLOT-G-LBA,103,1.0,70.0,69.0
11,0.0,heterogeneous,4.0,SLOT-LFT-DEF,104,55.0,97.0,42.0
11,0.0,heterogeneous,4.0,SLOT-LFT-LBA,104,1.0,70.0,69.0
11,0.0,heterogeneous,4.0,SLOT-RAND-DEF,106,63.0,101.0,38.0
11,0.0,heterogeneous,4.0,SLOT-RAND-LBA,108,5.0,72.0,67.0
11,0.0,heterogeneous,16.0,POOL-LBA(=yours),103,5.0,72.0,67.0
11,0.0,heterogeneous,16.0,SLOT-G-DEF,103,57.0,98.0,41.0
11,0.0,heterogeneous,16.0,SLOT-G-LBA,103,1.0,70.0,69.0
11,0.0,heterogeneous,16.0,SLOT-LFT-DEF,104,55.0,97.0,42.0
11,0.0,heterogeneous,16.0,SLOT-LFT-LBA,104,1.0,70.0,69.0
11,0.0,heterogeneous,16.0,SLOT-RAND-DEF,104,55.0,97.0,42.0
11,0.0,heterogeneous,16.0,SLOT-RAND-LBA,104,5.0,67.0,72.0
11,0.0,heterogeneous,64.0,POOL-LBA(=yours),103,5.0,72.0,67.0
11,0.0,heterogeneous,64.0,SLOT-G-DEF,103,57.0,98.0,41.0
11,0.0,heterogeneous,64.0,SLOT-G-LBA,103,1.0,70.0,69.0
11,0.0,heterogeneous,64.0,SLOT-LFT-DEF,104,55.0,97.0,42.0
11,0.0,heterogeneous,64.0,SLOT-LFT-LBA,104,1.0,70.0,69.0
11,0.0,heterogeneous,64.0,SLOT-RAND-DEF,103,57.0,98.0,41.0
11,0.0,heterogeneous,64.0,SLOT-RAND-LBA,106,7.0,73.0,66.0
11,0.1,uniform,,POOL-LBA(=yours),117,5.0,82.0,77.0
11,0.1,uniform,,SLOT-G-DEF,117,63.0,111.0,48.0
11,0.1,uniform,,SLOT-G-LBA,117,1.0,80.0,79.0
11,0.1,uniform,,SLOT-LFT-DEF,118,61.0,110.0,49.0
11,0.1,uniform,,SLOT-LFT-LBA,118,1.0,80.0,79.0
11,0.1,uniform,,SLOT-RAND-DEF,122,85.0,122.0,37.0
11,0.1,uniform,,SLOT-RAND-LBA,119,1.0,80.0,79.0
11,0.1,heterogeneous,4.0,POOL-LBA(=yours),117,3.0,78.0,75.0
11,0.1,heterogeneous,4.0,SLOT-G-DEF,117,61.0,107.0,46.0
11,0.1,heterogeneous,4.0,SLOT-G-LBA,117,1.0,77.0,76.0
11,0.1,heterogeneous,4.0,SLOT-LFT-DEF,116,71.0,112.0,41.0
11,0.1,heterogeneous,4.0,SLOT-LFT-LBA,116,3.0,75.0,78.0
11,0.1,heterogeneous,4.0,SLOT-RAND-DEF,116,67.0,110.0,43.0
11,0.1,heterogeneous,4.0,SLOT-RAND-LBA,117,5.0,74.0,79.0
11,0.1,heterogeneous,16.0,POOL-LBA(=yours),114,7.0,80.0,73.0
11,0.1,heterogeneous,16.0,SLOT-G-DEF,114,55.0,104.0,49.0
11,0.1,heterogeneous,16.0,SLOT-G-LBA,114,17.0,85.0,68.0
11,0.1,heterogeneous,16.0,SLOT-LFT-DEF,114,71.0,112.0,41.0
11,0.1,heterogeneous,16.0,SLOT-LFT-LBA,114,5.0,74.0,79.0
11,0.1,heterogeneous,16.0,SLOT-RAND-DEF,114,51.0,102.0,51.0
11,0.1,heterogeneous,16.0,SLOT-RAND-LBA,116,5.0,79.0,74.0
11,0.1,heterogeneous,64.0,POOL-LBA(=yours),113,7.0,80.0,73.0
11,0.1,heterogeneous,64.0,SLOT-G-DEF,113,63.0,108.0,45.0
11,0.1,heterogeneous,64.0,SLOT-G-LBA,113,3.0,78.0,75.0
11,0.1,heterogeneous,64.0,SLOT-LFT-DEF,114,61.0,107.0,46.0
11,0.1,heterogeneous,64.0,SLOT-LFT-LBA,114,1.0,77.0,76.0
11,0.1,heterogeneous,64.0,SLOT-RAND-DEF,114,75.0,114.0,39.0
11,0.1,heterogeneous,64.0,SLOT-RAND-LBA,118,5.0,74.0,79.0
11,0.2,uniform,,POOL-LBA(=yours),126,7.0,88.0,81.0
11,0.2,uniform,,SLOT-G-DEF,126,69.0,119.0,50.0
11,0.2,uniform,,SLOT-G-LBA,126,1.0,85.0,84.0
11,0.2,uniform,,SLOT-LFT-DEF,127,67.0,118.0,51.0
11,0.2,uniform,,SLOT-LFT-LBA,127,1.0,85.0,84.0
11,0.2,uniform,,SLOT-RAND-DEF,130,85.0,127.0,42.0
11,0.2,uniform,,SLOT-RAND-LBA,127,5.0,82.0,87.0
11,0.2,heterogeneous,4.0,POOL-LBA(=yours),129,10.0,91.0,81.0
11,0.2,heterogeneous,4.0,SLOT-G-DEF,129,82.0,127.0,45.0
11,0.2,heterogeneous,4.0,SLOT-G-LBA,129,4.0,88.0,84.0
11,0.2,heterogeneous,4.0,SLOT-LFT-DEF,129,86.0,129.0,43.0
11,0.2,heterogeneous,4.0,SLOT-LFT-LBA,129,4.0,88.0,84.0
11,0.2,heterogeneous,4.0,SLOT-RAND-DEF,125,78.0,125.0,47.0
11,0.2,heterogeneous,4.0,SLOT-RAND-LBA,128,8.0,82.0,90.0
11,0.2,heterogeneous,16.0,POOL-LBA(=yours),127,7.0,88.0,81.0
11,0.2,heterogeneous,16.0,SLOT-G-DEF,127,69.0,119.0,50.0
11,0.2,heterogeneous,16.0,SLOT-G-LBA,127,1.0,84.0,85.0
11,0.2,heterogeneous,16.0,SLOT-LFT-DEF,128,67.0,118.0,51.0
11,0.2,heterogeneous,16.0,SLOT-LFT-LBA,128,1.0,84.0,85.0
11,0.2,heterogeneous,16.0,SLOT-RAND-DEF,131,93.0,131.0,38.0
11,0.2,heterogeneous,16.0,SLOT-RAND-LBA,130,7.0,88.0,81.0
11,0.2,heterogeneous,64.0,POOL-LBA(=yours),122,5.0,86.0,81.0
11,0.2,heterogeneous,64.0,SLOT-G-DEF,122,69.0,118.0,49.0
11,0.2,heterogeneous,64.0,SLOT-G-LBA,122,3.0,85.0,82.0
11,0.2,heterogeneous,64.0,SLOT-LFT-DEF,124,65.0,116.0,51.0
11,0.2,heterogeneous,64.0,SLOT-LFT-LBA,124,1.0,84.0,83.0
11,0.2,heterogeneous,64.0,SLOT-RAND-DEF,126,85.0,126.0,41.0
11,0.2,heterogeneous,64.0,SLOT-RAND-LBA,125,5.0,81.0,86.0
11,0.3,uniform,,POOL-LBA(=yours),130,8.0,92.0,84.0
11,0.3,uniform,,SLOT-G-DEF,130,76.0,126.0,50.0
11,0.3,uniform,,SLOT-G-LBA,130,4.0,90.0,86.0
11,0.3,uniform,,SLOT-LFT-DEF,132,72.0,124.0,52.0
11,0.3,uniform,,SLOT-LFT-LBA,132,2.0,89.0,87.0
11,0.3,uniform,,SLOT-RAND-DEF,134,84.0,130.0,46.0
11,0.3,uniform,,SLOT-RAND-LBA,136,4.0,86.0,90.0
11,0.3,heterogeneous,4.0,POOL-LBA(=yours),140,4.0,97.0,93.0
11,0.3,heterogeneous,4.0,SLOT-G-DEF,140,80.0,135.0,55.0
11,0.3,heterogeneous,4.0,SLOT-G-LBA,140,2.0,94.0,96.0
11,0.3,heterogeneous,4.0,SLOT-LFT-DEF,140,82.0,136.0,54.0
11,0.3,heterogeneous,4.0,SLOT-LFT-LBA,140,2.0,96.0,94.0
11,0.3,heterogeneous,4.0,SLOT-RAND-DEF,140,88.0,139.0,51.0
11,0.3,heterogeneous,4.0,SLOT-RAND-LBA,142,6.0,92.0,98.0
11,0.3,heterogeneous,16.0,POOL-LBA(=yours),135,8.0,87.0,95.0
11,0.3,heterogeneous,16.0,SLOT-G-DEF,135,50.0,116.0,66.0
11,0.3,heterogeneous,16.0,SLOT-G-LBA,135,22.0,102.0,80.0
11,0.3,heterogeneous,16.0,SLOT-LFT-DEF,137,66.0,124.0,58.0
11,0.3,heterogeneous,16.0,SLOT-LFT-LBA,137,2.0,92.0,90.0
11,0.3,heterogeneous,16.0,SLOT-RAND-DEF,135,68.0,125.0,57.0
11,0.3,heterogeneous,16.0,SLOT-RAND-LBA,138,10.0,96.0,86.0
11,0.3,heterogeneous,64.0,POOL-LBA(=yours),138,8.0,89.0,97.0
11,0.3,heterogeneous,64.0,SLOT-G-DEF,138,52.0,119.0,67.0
11,0.3,heterogeneous,64.0,SLOT-G-LBA,138,20.0,103.0,83.0
11,0.3,heterogeneous,64.0,SLOT-LFT-DEF,139,70.0,128.0,58.0
11,0.3,heterogeneous,64.0,SLOT-LFT-LBA,139,0.0,93.0,93.0
11,0.3,heterogeneous,64.0,SLOT-RAND-DEF,139,50.0,118.0,68.0
11,0.3,heterogeneous,64.0,SLOT-RAND-LBA,139,16.0,101.0,85.0
12,0.0,uniform,,POOL-LBA(=yours),105,5.0,64.0,69.0
12,0.0,uniform,,SLOT-G-DEF,105,71.0,102.0,31.0
12,0.0,uniform,,SLOT-G-LBA,105,5.0,64.0,69.0
12,0.0,uniform,,SLOT-LFT-DEF,103,59.0,96.0,37.0
12,0.0,uniform,,SLOT-LFT-LBA,103,1.0,66.0,67.0
12,0.0,uniform,,SLOT-RAND-DEF,100,61.0,97.0,36.0
12,0.0,uniform,,SLOT-RAND-LBA,105,1.0,66.0,67.0
12,0.0,heterogeneous,4.0,POOL-LBA(=yours),105,5.0,64.0,69.0
12,0.0,heterogeneous,4.0,SLOT-G-DEF,105,71.0,102.0,31.0
12,0.0,heterogeneous,4.0,SLOT-G-LBA,105,5.0,64.0,69.0
12,0.0,heterogeneous,4.0,SLOT-LFT-DEF,103,59.0,96.0,37.0
12,0.0,heterogeneous,4.0,SLOT-LFT-LBA,103,1.0,66.0,67.0
12,0.0,heterogeneous,4.0,SLOT-RAND-DEF,109,81.0,107.0,26.0
12,0.0,heterogeneous,4.0,SLOT-RAND-LBA,104,5.0,69.0,64.0
12,0.0,heterogeneous,16.0,POOL-LBA(=yours),105,5.0,64.0,69.0
12,0.0,heterogeneous,16.0,SLOT-G-DEF,105,71.0,102.0,31.0
12,0.0,heterogeneous,16.0,SLOT-G-LBA,105,5.0,64.0,69.0
12,0.0,heterogeneous,16.0,SLOT-LFT-DEF,103,59.0,96.0,37.0
12,0.0,heterogeneous,16.0,SLOT-LFT-LBA,103,1.0,66.0,67.0
12,0.0,heterogeneous,16.0,SLOT-RAND-DEF,103,73.0,103.0,30.0
12,0.0,heterogeneous,16.0,SLOT-RAND-LBA,110,1.0,67.0,66.0
12,0.0,heterogeneous,64.0,POOL-LBA(=yours),105,5.0,64.0,69.0
12,0.0,heterogeneous,64.0,SLOT-G-DEF,105,71.0,102.0,31.0
12,0.0,heterogeneous,64.0,SLOT-G-LBA,105,5.0,64.0,69.0
12,0.0,heterogeneous,64.0,SLOT-LFT-DEF,103,59.0,96.0,37.0
12,0.0,heterogeneous,64.0,SLOT-LFT-LBA,103,1.0,66.0,67.0
12,0.0,heterogeneous,64.0,SLOT-RAND-DEF,103,55.0,94.0,39.0
12,0.0,heterogeneous,64.0,SLOT-RAND-LBA,104,1.0,67.0,66.0
12,0.1,uniform,,POOL-LBA(=yours),120,7.0,80.0,73.0
12,0.1,uniform,,SLOT-G-DEF,120,81.0,117.0,36.0
12,0.1,uniform,,SLOT-G-LBA,120,7.0,80.0,73.0
12,0.1,uniform,,SLOT-LFT-DEF,118,67.0,110.0,43.0
12,0.1,uniform,,SLOT-LFT-LBA,118,1.0,76.0,77.0
12,0.1,uniform,,SLOT-RAND-DEF,119,77.0,115.0,38.0
12,0.1,uniform,,SLOT-RAND-LBA,125,7.0,80.0,73.0
12,0.1,heterogeneous,4.0,POOL-LBA(=yours),114,5.0,76.0,71.0
12,0.1,heterogeneous,4.0,SLOT-G-DEF,114,75.0,111.0,36.0
12,0.1,heterogeneous,4.0,SLOT-G-LBA,114,5.0,76.0,71.0
12,0.1,heterogeneous,4.0,SLOT-LFT-DEF,112,63.0,105.0,42.0
12,0.1,heterogeneous,4.0,SLOT-LFT-LBA,112,1.0,74.0,73.0
12,0.1,heterogeneous,4.0,SLOT-RAND-DEF,116,81.0,114.0,33.0
12,0.1,heterogeneous,4.0,SLOT-RAND-LBA,114,11.0,79.0,68.0
12,0.1,heterogeneous,16.0,POOL-LBA(=yours),116,5.0,71.0,76.0
12,0.1,heterogeneous,16.0,SLOT-G-DEF,116,79.0,113.0,34.0
12,0.1,heterogeneous,16.0,SLOT-G-LBA,116,5.0,71.0,76.0
12,0.1,heterogeneous,16.0,SLOT-LFT-DEF,114,81.0,114.0,33.0
12,0.1,heterogeneous,16.0,SLOT-LFT-LBA,114,1.0,74.0,73.0
12,0.1,heterogeneous,16.0,SLOT-RAND-DEF,117,83.0,115.0,32.0
12,0.1,heterogeneous,16.0,SLOT-RAND-LBA,114,5.0,71.0,76.0
12,0.1,heterogeneous,64.0,POOL-LBA(=yours),118,7.0,78.0,71.0
12,0.1,heterogeneous,64.0,SLOT-G-DEF,118,83.0,116.0,33.0
12,0.1,heterogeneous,64.0,SLOT-G-LBA,118,7.0,78.0,71.0
12,0.1,heterogeneous,64.0,SLOT-LFT-DEF,116,71.0,110.0,39.0
12,0.1,heterogeneous,64.0,SLOT-LFT-LBA,116,1.0,75.0,74.0
12,0.1,heterogeneous,64.0,SLOT-RAND-DEF,121,93.0,121.0,28.0
12,0.1,heterogeneous,64.0,SLOT-RAND-LBA,116,3.0,76.0,73.0
12,0.2,uniform,,POOL-LBA(=yours),126,6.0,77.0,83.0
12,0.2,uniform,,SLOT-G-DEF,126,86.0,123.0,37.0
12,0.2,uniform,,SLOT-G-LBA,126,6.0,77.0,83.0
12,0.2,uniform,,SLOT-LFT-DEF,124,70.0,115.0,45.0
12,0.2,uniform,,SLOT-LFT-LBA,124,2.0,81.0,79.0
12,0.2,uniform,,SLOT-RAND-DEF,129,90.0,125.0,35.0
12,0.2,uniform,,SLOT-RAND-LBA,120,0.0,80.0,80.0
12,0.2,heterogeneous,4.0,POOL-LBA(=yours),125,3.0,79.0,82.0
12,0.2,heterogeneous,4.0,SLOT-G-DEF,125,81.0,121.0,40.0
12,0.2,heterogeneous,4.0,SLOT-G-LBA,125,3.0,79.0,82.0
12,0.2,heterogeneous,4.0,SLOT-LFT-DEF,123,85.0,123.0,38.0
12,0.2,heterogeneous,4.0,SLOT-LFT-LBA,123,5.0,78.0,83.0
12,0.2,heterogeneous,4.0,SLOT-RAND-DEF,126,71.0,116.0,45.0
12,0.2,heterogeneous,4.0,SLOT-RAND-LBA,128,9.0,85.0,76.0
12,0.2,heterogeneous,16.0,POOL-LBA(=yours),124,5.0,76.0,81.0
12,0.2,heterogeneous,16.0,SLOT-G-DEF,124,85.0,121.0,36.0
12,0.2,heterogeneous,16.0,SLOT-G-LBA,124,7.0,82.0,75.0
12,0.2,heterogeneous,16.0,SLOT-LFT-DEF,122,71.0,114.0,43.0
12,0.2,heterogeneous,16.0,SLOT-LFT-LBA,122,1.0,79.0,78.0
12,0.2,heterogeneous,16.0,SLOT-RAND-DEF,119,73.0,115.0,42.0
12,0.2,heterogeneous,16.0,SLOT-RAND-LBA,127,1.0,78.0,79.0
12,0.2,heterogeneous,64.0,POOL-LBA(=yours),125,7.0,83.0,76.0
12,0.2,heterogeneous,64.0,SLOT-G-DEF,125,83.0,121.0,38.0
12,0.2,heterogeneous,64.0,SLOT-G-LBA,125,7.0,83.0,76.0
12,0.2,heterogeneous,64.0,SLOT-LFT-DEF,122,71.0,115.0,44.0
12,0.2,heterogeneous,64.0,SLOT-LFT-LBA,122,1.0,79.0,80.0
12,0.2,heterogeneous,64.0,SLOT-RAND-DEF,119,75.0,117.0,42.0
12,0.2,heterogeneous,64.0,SLOT-RAND-LBA,128,1.0,80.0,79.0
12,0.3,uniform,,POOL-LBA(=yours),134,8.0,88.0,80.0
12,0.3,uniform,,SLOT-G-DEF,134,90.0,129.0,39.0
12,0.3,uniform,,SLOT-G-LBA,134,8.0,88.0,80.0
12,0.3,uniform,,SLOT-LFT-DEF,131,76.0,122.0,46.0
12,0.3,uniform,,SLOT-LFT-LBA,131,2.0,83.0,85.0
12,0.3,uniform,,SLOT-RAND-DEF,133,94.0,131.0,37.0
12,0.3,uniform,,SLOT-RAND-LBA,134,2.0,85.0,83.0
12,0.3,heterogeneous,4.0,POOL-LBA(=yours),141,4.0,91.0,87.0
12,0.3,heterogeneous,4.0,SLOT-G-DEF,141,92.0,135.0,43.0
12,0.3,heterogeneous,4.0,SLOT-G-LBA,141,6.0,92.0,86.0
12,0.3,heterogeneous,4.0,SLOT-LFT-DEF,136,78.0,128.0,50.0
12,0.3,heterogeneous,4.0,SLOT-LFT-LBA,136,0.0,89.0,89.0
12,0.3,heterogeneous,4.0,SLOT-RAND-DEF,134,72.0,125.0,53.0
12,0.3,heterogeneous,4.0,SLOT-RAND-LBA,137,10.0,84.0,94.0
12,0.3,heterogeneous,16.0,POOL-LBA(=yours),137,6.0,90.0,84.0
12,0.3,heterogeneous,16.0,SLOT-G-DEF,137,90.0,132.0,42.0
12,0.3,heterogeneous,16.0,SLOT-G-LBA,137,6.0,90.0,84.0
12,0.3,heterogeneous,16.0,SLOT-LFT-DEF,133,80.0,127.0,47.0
12,0.3,heterogeneous,16.0,SLOT-LFT-LBA,133,4.0,89.0,85.0
12,0.3,heterogeneous,16.0,SLOT-RAND-DEF,135,80.0,127.0,47.0
12,0.3,heterogeneous,16.0,SLOT-RAND-LBA,132,10.0,92.0,82.0
12,0.3,heterogeneous,64.0,POOL-LBA(=yours),135,6.0,82.0,88.0
12,0.3,heterogeneous,64.0,SLOT-G-DEF,135,90.0,130.0,40.0
12,0.3,heterogeneous,64.0,SLOT-G-LBA,135,6.0,82.0,88.0
12,0.3,heterogeneous,64.0,SLOT-LFT-DEF,132,76.0,123.0,47.0
12,0.3,heterogeneous,64.0,SLOT-LFT-LBA,132,2.0,84.0,86.0
12,0.3,heterogeneous,64.0,SLOT-RAND-DEF,131,84.0,127.0,43.0
12,0.3,heterogeneous,64.0,SLOT-RAND-LBA,134,0.0,85.0,85.0
13,0.0,uniform,,POOL-LBA(=yours),124,7.0,78.0,71.0
13,0.0,uniform,,SLOT-G-DEF,124,87.0,118.0,31.0
13,0.0,uniform,,SLOT-G-LBA,124,7.0,78.0,71.0
13,0.0,uniform,,SLOT-LFT-DEF,124,87.0,118.0,31.0
13,0.0,uniform,,SLOT-LFT-LBA,124,7.0,78.0,71.0
13,0.0,uniform,,SLOT-RAND-DEF,124,95.0,122.0,27.0
13,0.0,uniform,,SLOT-RAND-LBA,124,1.0,74.0,75.0
13,0.0,heterogeneous,4.0,POOL-LBA(=yours),124,7.0,78.0,71.0
13,0.0,heterogeneous,4.0,SLOT-G-DEF,124,87.0,118.0,31.0
13,0.0,heterogeneous,4.0,SLOT-G-LBA,124,7.0,78.0,71.0
13,0.0,heterogeneous,4.0,SLOT-LFT-DEF,124,87.0,118.0,31.0
13,0.0,heterogeneous,4.0,SLOT-LFT-LBA,124,7.0,78.0,71.0
13,0.0,heterogeneous,4.0,SLOT-RAND-DEF,123,85.0,117.0,32.0
13,0.0,heterogeneous,4.0,SLOT-RAND-LBA,124,1.0,74.0,75.0
13,0.0,heterogeneous,16.0,POOL-LBA(=yours),124,7.0,78.0,71.0
13,0.0,heterogeneous,16.0,SLOT-G-DEF,124,87.0,118.0,31.0
13,0.0,heterogeneous,16.0,SLOT-G-LBA,124,7.0,78.0,71.0
13,0.0,heterogeneous,16.0,SLOT-LFT-DEF,124,87.0,118.0,31.0
13,0.0,heterogeneous,16.0,SLOT-LFT-LBA,124,7.0,78.0,71.0
13,0.0,heterogeneous,16.0,SLOT-RAND-DEF,123,97.0,123.0,26.0
13,0.0,heterogeneous,16.0,SLOT-RAND-LBA,123,13.0,81.0,68.0
13,0.0,heterogeneous,64.0,POOL-LBA(=yours),124,7.0,78.0,71.0
13,0.0,heterogeneous,64.0,SLOT-G-DEF,124,87.0,118.0,31.0
13,0.0,heterogeneous,64.0,SLOT-G-LBA,124,7.0,78.0,71.0
13,0.0,heterogeneous,64.0,SLOT-LFT-DEF,124,87.0,118.0,31.0
13,0.0,heterogeneous,64.0,SLOT-LFT-LBA,124,7.0,78.0,71.0
13,0.0,heterogeneous,64.0,SLOT-RAND-DEF,124,99.0,124.0,25.0
13,0.0,heterogeneous,64.0,SLOT-RAND-LBA,123,5.0,72.0,77.0
13,0.1,uniform,,POOL-LBA(=yours),140,7.0,88.0,81.0
13,0.1,uniform,,SLOT-G-DEF,140,97.0,133.0,36.0
13,0.1,uniform,,SLOT-G-LBA,140,7.0,88.0,81.0
13,0.1,uniform,,SLOT-LFT-DEF,140,97.0,133.0,36.0
13,0.1,uniform,,SLOT-LFT-LBA,140,7.0,88.0,81.0
13,0.1,uniform,,SLOT-RAND-DEF,138,97.0,133.0,36.0
13,0.1,uniform,,SLOT-RAND-LBA,140,5.0,82.0,87.0
13,0.1,heterogeneous,4.0,POOL-LBA(=yours),132,6.0,83.0,77.0
13,0.1,heterogeneous,4.0,SLOT-G-DEF,132,92.0,126.0,34.0
13,0.1,heterogeneous,4.0,SLOT-G-LBA,132,6.0,83.0,77.0
13,0.1,heterogeneous,4.0,SLOT-LFT-DEF,132,92.0,126.0,34.0
13,0.1,heterogeneous,4.0,SLOT-LFT-LBA,132,8.0,84.0,76.0
13,0.1,heterogeneous,4.0,SLOT-RAND-DEF,133,90.0,125.0,35.0
13,0.1,heterogeneous,4.0,SLOT-RAND-LBA,131,0.0,80.0,80.0
13,0.1,heterogeneous,16.0,POOL-LBA(=yours),134,7.0,78.0,85.0
13,0.1,heterogeneous,16.0,SLOT-G-DEF,134,95.0,129.0,34.0
13,0.1,heterogeneous,16.0,SLOT-G-LBA,134,7.0,78.0,85.0
13,0.1,heterogeneous,16.0,SLOT-LFT-DEF,134,95.0,129.0,34.0
13,0.1,heterogeneous,16.0,SLOT-LFT-LBA,134,7.0,85.0,78.0
13,0.1,heterogeneous,16.0,SLOT-RAND-DEF,134,105.0,134.0,29.0
13,0.1,heterogeneous,16.0,SLOT-RAND-LBA,133,1.0,81.0,82.0
13,0.1,heterogeneous,64.0,POOL-LBA(=yours),139,7.0,86.0,79.0
13,0.1,heterogeneous,64.0,SLOT-G-DEF,139,99.0,132.0,33.0
13,0.1,heterogeneous,64.0,SLOT-G-LBA,139,7.0,86.0,79.0
13,0.1,heterogeneous,64.0,SLOT-LFT-DEF,139,99.0,132.0,33.0
13,0.1,heterogeneous,64.0,SLOT-LFT-LBA,139,7.0,86.0,79.0
13,0.1,heterogeneous,64.0,SLOT-RAND-DEF,139,113.0,139.0,26.0
13,0.1,heterogeneous,64.0,SLOT-RAND-LBA,138,5.0,85.0,80.0
13,0.2,uniform,,POOL-LBA(=yours),148,9.0,84.0,93.0
13,0.2,uniform,,SLOT-G-DEF,148,105.0,141.0,36.0
13,0.2,uniform,,SLOT-G-LBA,148,9.0,84.0,93.0
13,0.2,uniform,,SLOT-LFT-DEF,148,105.0,141.0,36.0
13,0.2,uniform,,SLOT-LFT-LBA,148,9.0,84.0,93.0
13,0.2,uniform,,SLOT-RAND-DEF,146,103.0,140.0,37.0
13,0.2,uniform,,SLOT-RAND-LBA,147,7.0,92.0,85.0
13,0.2,heterogeneous,4.0,POOL-LBA(=yours),145,4.0,90.0,86.0
13,0.2,heterogeneous,4.0,SLOT-G-DEF,145,104.0,140.0,36.0
13,0.2,heterogeneous,4.0,SLOT-G-LBA,145,4.0,90.0,86.0
13,0.2,heterogeneous,4.0,SLOT-LFT-DEF,145,104.0,140.0,36.0
13,0.2,heterogeneous,4.0,SLOT-LFT-LBA,145,2.0,87.0,89.0
13,0.2,heterogeneous,4.0,SLOT-RAND-DEF,144,96.0,136.0,40.0
13,0.2,heterogeneous,4.0,SLOT-RAND-LBA,145,2.0,87.0,89.0
13,0.2,heterogeneous,16.0,POOL-LBA(=yours),141,3.0,84.0,87.0
13,0.2,heterogeneous,16.0,SLOT-G-DEF,141,111.0,141.0,30.0
13,0.2,heterogeneous,16.0,SLOT-G-LBA,141,3.0,84.0,87.0
13,0.2,heterogeneous,16.0,SLOT-LFT-DEF,141,111.0,141.0,30.0
13,0.2,heterogeneous,16.0,SLOT-LFT-LBA,141,5.0,83.0,88.0
13,0.2,heterogeneous,16.0,SLOT-RAND-DEF,141,111.0,141.0,30.0
13,0.2,heterogeneous,16.0,SLOT-RAND-LBA,141,13.0,92.0,79.0
13,0.2,heterogeneous,64.0,POOL-LBA(=yours),149,7.0,87.0,94.0
13,0.2,heterogeneous,64.0,SLOT-G-DEF,149,105.0,143.0,38.0
13,0.2,heterogeneous,64.0,SLOT-G-LBA,149,7.0,87.0,94.0
13,0.2,heterogeneous,64.0,SLOT-LFT-DEF,149,105.0,143.0,38.0
13,0.2,heterogeneous,64.0,SLOT-LFT-LBA,149,7.0,87.0,94.0
13,0.2,heterogeneous,64.0,SLOT-RAND-DEF,149,89.0,135.0,46.0
13,0.2,heterogeneous,64.0,SLOT-RAND-LBA,151,17.0,99.0,82.0
13,0.3,uniform,,POOL-LBA(=yours),160,8.0,100.0,92.0
13,0.3,uniform,,SLOT-G-DEF,160,112.0,152.0,40.0
13,0.3,uniform,,SLOT-G-LBA,160,8.0,100.0,92.0
13,0.3,uniform,,SLOT-LFT-DEF,160,112.0,152.0,40.0
13,0.3,uniform,,SLOT-LFT-LBA,160,8.0,100.0,92.0
13,0.3,uniform,,SLOT-RAND-DEF,160,108.0,150.0,42.0
13,0.3,uniform,,SLOT-RAND-LBA,159,8.0,100.0,92.0
13,0.3,heterogeneous,4.0,POOL-LBA(=yours),157,8.0,92.0,100.0
13,0.3,heterogeneous,4.0,SLOT-G-DEF,157,96.0,144.0,48.0
13,0.3,heterogeneous,4.0,SLOT-G-LBA,157,12.0,102.0,90.0
13,0.3,heterogeneous,4.0,SLOT-LFT-DEF,157,96.0,144.0,48.0
13,0.3,heterogeneous,4.0,SLOT-LFT-LBA,157,12.0,90.0,102.0
13,0.3,heterogeneous,4.0,SLOT-RAND-DEF,159,124.0,158.0,34.0
13,0.3,heterogeneous,4.0,SLOT-RAND-LBA,159,14.0,103.0,89.0
13,0.3,heterogeneous,16.0,POOL-LBA(=yours),157,11.0,100.0,89.0
13,0.3,heterogeneous,16.0,SLOT-G-DEF,157,89.0,139.0,50.0
13,0.3,heterogeneous,16.0,SLOT-G-LBA,157,11.0,89.0,100.0
13,0.3,heterogeneous,16.0,SLOT-LFT-DEF,157,89.0,139.0,50.0
13,0.3,heterogeneous,16.0,SLOT-LFT-LBA,157,11.0,100.0,89.0
13,0.3,heterogeneous,16.0,SLOT-RAND-DEF,155,109.0,149.0,40.0
13,0.3,heterogeneous,16.0,SLOT-RAND-LBA,156,17.0,103.0,86.0
13,0.3,heterogeneous,64.0,POOL-LBA(=yours),161,10.0,102.0,92.0
13,0.3,heterogeneous,64.0,SLOT-G-DEF,161,114.0,154.0,40.0
13,0.3,heterogeneous,64.0,SLOT-G-LBA,161,10.0,102.0,92.0
13,0.3,heterogeneous,64.0,SLOT-LFT-DEF,161,114.0,154.0,40.0
13,0.3,heterogeneous,64.0,SLOT-LFT-LBA,161,8.0,101.0,93.0
13,0.3,heterogeneous,64.0,SLOT-RAND-DEF,162,126.0,160.0,34.0
13,0.3,heterogeneous,64.0,SLOT-RAND-LBA,162,10.0,92.0,102.0
14,0.0,uniform,,POOL-LBA(=yours),102,3.0,67.0,70.0
14,0.0,uniform,,SLOT-G-DEF,102,55.0,96.0,41.0
14,0.0,uniform,,SLOT-G-LBA,102,3.0,70.0,67.0
14,0.0,uniform,,SLOT-LFT-DEF,102,55.0,96.0,41.0
14,0.0,uniform,,SLOT-LFT-LBA,102,1.0,69.0,68.0
14,0.0,uniform,,SLOT-RAND-DEF,106,65.0,101.0,36.0
14,0.0,uniform,,SLOT-RAND-LBA,103,1.0,68.0,69.0
14,0.0,heterogeneous,4.0,POOL-LBA(=yours),102,3.0,67.0,70.0
14,0.0,heterogeneous,4.0,SLOT-G-DEF,102,55.0,96.0,41.0
14,0.0,heterogeneous,4.0,SLOT-G-LBA,102,3.0,70.0,67.0
14,0.0,heterogeneous,4.0,SLOT-LFT-DEF,102,55.0,96.0,41.0
14,0.0,heterogeneous,4.0,SLOT-LFT-LBA,102,1.0,69.0,68.0
14,0.0,heterogeneous,4.0,SLOT-RAND-DEF,103,67.0,102.0,35.0
14,0.0,heterogeneous,4.0,SLOT-RAND-LBA,108,7.0,72.0,65.0
14,0.0,heterogeneous,16.0,POOL-LBA(=yours),102,3.0,67.0,70.0
14,0.0,heterogeneous,16.0,SLOT-G-DEF,102,55.0,96.0,41.0
14,0.0,heterogeneous,16.0,SLOT-G-LBA,102,3.0,70.0,67.0
14,0.0,heterogeneous,16.0,SLOT-LFT-DEF,102,55.0,96.0,41.0
14,0.0,heterogeneous,16.0,SLOT-LFT-LBA,102,1.0,69.0,68.0
14,0.0,heterogeneous,16.0,SLOT-RAND-DEF,106,75.0,106.0,31.0
14,0.0,heterogeneous,16.0,SLOT-RAND-LBA,108,1.0,68.0,69.0
14,0.0,heterogeneous,64.0,POOL-LBA(=yours),102,3.0,67.0,70.0
14,0.0,heterogeneous,64.0,SLOT-G-DEF,102,55.0,96.0,41.0
14,0.0,heterogeneous,64.0,SLOT-G-LBA,102,3.0,70.0,67.0
14,0.0,heterogeneous,64.0,SLOT-LFT-DEF,102,55.0,96.0,41.0
14,0.0,heterogeneous,64.0,SLOT-LFT-LBA,102,1.0,69.0,68.0
14,0.0,heterogeneous,64.0,SLOT-RAND-DEF,108,79.0,108.0,29.0
14,0.0,heterogeneous,64.0,SLOT-RAND-LBA,107,3.0,70.0,67.0
14,0.1,uniform,,POOL-LBA(=yours),116,3.0,77.0,80.0
14,0.1,uniform,,SLOT-G-DEF,116,61.0,109.0,48.0
14,0.1,uniform,,SLOT-G-LBA,116,3.0,80.0,77.0
14,0.1,uniform,,SLOT-LFT-DEF,116,61.0,109.0,48.0
14,0.1,uniform,,SLOT-LFT-LBA,116,1.0,79.0,78.0
14,0.1,uniform,,SLOT-RAND-DEF,121,75.0,116.0,41.0
14,0.1,uniform,,SLOT-RAND-LBA,122,5.0,76.0,81.0
14,0.1,heterogeneous,4.0,POOL-LBA(=yours),105,5.0,75.0,70.0
14,0.1,heterogeneous,4.0,SLOT-G-DEF,105,43.0,94.0,51.0
14,0.1,heterogeneous,4.0,SLOT-G-LBA,105,15.0,65.0,80.0
14,0.1,heterogeneous,4.0,SLOT-LFT-DEF,105,57.0,101.0,44.0
14,0.1,heterogeneous,4.0,SLOT-LFT-LBA,105,3.0,74.0,71.0
14,0.1,heterogeneous,4.0,SLOT-RAND-DEF,112,59.0,102.0,43.0
14,0.1,heterogeneous,4.0,SLOT-RAND-LBA,112,5.0,70.0,75.0
14,0.1,heterogeneous,16.0,POOL-LBA(=yours),110,4.0,73.0,77.0
14,0.1,heterogeneous,16.0,SLOT-G-DEF,110,62.0,106.0,44.0
14,0.1,heterogeneous,16.0,SLOT-G-LBA,110,2.0,76.0,74.0
14,0.1,heterogeneous,16.0,SLOT-LFT-DEF,110,62.0,106.0,44.0
14,0.1,heterogeneous,16.0,SLOT-LFT-LBA,110,2.0,76.0,74.0
14,0.1,heterogeneous,16.0,SLOT-RAND-DEF,112,62.0,106.0,44.0
14,0.1,heterogeneous,16.0,SLOT-RAND-LBA,114,0.0,75.0,75.0
14,0.1,heterogeneous,64.0,POOL-LBA(=yours),110,3.0,76.0,73.0
14,0.1,heterogeneous,64.0,SLOT-G-DEF,110,63.0,106.0,43.0
14,0.1,heterogeneous,64.0,SLOT-G-LBA,110,1.0,74.0,75.0
14,0.1,heterogeneous,64.0,SLOT-LFT-DEF,110,63.0,106.0,43.0
14,0.1,heterogeneous,64.0,SLOT-LFT-LBA,110,5.0,77.0,72.0
14,0.1,heterogeneous,64.0,SLOT-RAND-DEF,110,71.0,110.0,39.0
14,0.1,heterogeneous,64.0,SLOT-RAND-LBA,117,5.0,77.0,72.0
14,0.2,uniform,,POOL-LBA(=yours),121,4.0,79.0,83.0
14,0.2,uniform,,SLOT-G-DEF,121,66.0,114.0,48.0
14,0.2,uniform,,SLOT-G-LBA,121,4.0,83.0,79.0
14,0.2,uniform,,SLOT-LFT-DEF,121,66.0,114.0,48.0
14,0.2,uniform,,SLOT-LFT-LBA,121,2.0,82.0,80.0
14,0.2,uniform,,SLOT-RAND-DEF,123,80.0,121.0,41.0
14,0.2,uniform,,SLOT-RAND-LBA,127,2.0,80.0,82.0
14,0.2,heterogeneous,4.0,POOL-LBA(=yours),125,3.0,84.0,81.0
14,0.2,heterogeneous,4.0,SLOT-G-DEF,125,73.0,119.0,46.0
14,0.2,heterogeneous,4.0,SLOT-G-LBA,125,5.0,85.0,80.0
14,0.2,heterogeneous,4.0,SLOT-LFT-DEF,125,77.0,121.0,44.0
14,0.2,heterogeneous,4.0,SLOT-LFT-LBA,125,7.0,79.0,86.0
14,0.2,heterogeneous,4.0,SLOT-RAND-DEF,127,87.0,126.0,39.0
14,0.2,heterogeneous,4.0,SLOT-RAND-LBA,125,1.0,82.0,83.0
14,0.2,heterogeneous,16.0,POOL-LBA(=yours),120,9.0,85.0,76.0
14,0.2,heterogeneous,16.0,SLOT-G-DEF,120,65.0,113.0,48.0
14,0.2,heterogeneous,16.0,SLOT-G-LBA,120,1.0,80.0,81.0
14,0.2,heterogeneous,16.0,SLOT-LFT-DEF,120,67.0,114.0,47.0
14,0.2,heterogeneous,16.0,SLOT-LFT-LBA,120,5.0,83.0,78.0
14,0.2,heterogeneous,16.0,SLOT-RAND-DEF,120,77.0,119.0,42.0
14,0.2,heterogeneous,16.0,SLOT-RAND-LBA,122,3.0,82.0,79.0
14,0.2,heterogeneous,64.0,POOL-LBA(=yours),121,3.0,83.0,80.0
14,0.2,heterogeneous,64.0,SLOT-G-DEF,121,67.0,115.0,48.0
14,0.2,heterogeneous,64.0,SLOT-G-LBA,121,1.0,81.0,82.0
14,0.2,heterogeneous,64.0,SLOT-LFT-DEF,121,67.0,115.0,48.0
14,0.2,heterogeneous,64.0,SLOT-LFT-LBA,121,1.0,81.0,82.0
14,0.2,heterogeneous,64.0,SLOT-RAND-DEF,126,89.0,126.0,37.0
14,0.2,heterogeneous,64.0,SLOT-RAND-LBA,129,1.0,81.0,82.0
14,0.3,uniform,,POOL-LBA(=yours),131,5.0,85.0,90.0
14,0.3,uniform,,SLOT-G-DEF,131,71.0,123.0,52.0
14,0.3,uniform,,SLOT-G-LBA,131,3.0,89.0,86.0
14,0.3,uniform,,SLOT-LFT-DEF,131,71.0,123.0,52.0
14,0.3,uniform,,SLOT-LFT-LBA,131,1.0,88.0,87.0
14,0.3,uniform,,SLOT-RAND-DEF,136,83.0,129.0,46.0
14,0.3,uniform,,SLOT-RAND-LBA,131,1.0,88.0,87.0
14,0.3,heterogeneous,4.0,POOL-LBA(=yours),134,7.0,86.0,93.0
14,0.3,heterogeneous,4.0,SLOT-G-DEF,134,79.0,129.0,50.0
14,0.3,heterogeneous,4.0,SLOT-G-LBA,134,9.0,94.0,85.0
14,0.3,heterogeneous,4.0,SLOT-LFT-DEF,134,83.0,131.0,48.0
14,0.3,heterogeneous,4.0,SLOT-LFT-LBA,134,1.0,90.0,89.0
14,0.3,heterogeneous,4.0,SLOT-RAND-DEF,141,99.0,139.0,40.0
14,0.3,heterogeneous,4.0,SLOT-RAND-LBA,141,5.0,87.0,92.0
14,0.3,heterogeneous,16.0,POOL-LBA(=yours),132,5.0,91.0,86.0
14,0.3,heterogeneous,16.0,SLOT-G-DEF,132,75.0,126.0,51.0
14,0.3,heterogeneous,16.0,SLOT-G-LBA,132,1.0,89.0,88.0
14,0.3,heterogeneous,16.0,SLOT-LFT-DEF,132,75.0,126.0,51.0
14,0.3,heterogeneous,16.0,SLOT-LFT-LBA,132,3.0,90.0,87.0
14,0.3,heterogeneous,16.0,SLOT-RAND-DEF,132,75.0,126.0,51.0
14,0.3,heterogeneous,16.0,SLOT-RAND-LBA,136,1.0,88.0,89.0
14,0.3,heterogeneous,64.0,POOL-LBA(=yours),131,6.0,92.0,86.0
14,0.3,heterogeneous,64.0,SLOT-G-DEF,131,54.0,116.0,62.0
14,0.3,heterogeneous,64.0,SLOT-G-LBA,131,18.0,80.0,98.0
14,0.3,heterogeneous,64.0,SLOT-LFT-DEF,131,72.0,125.0,53.0
14,0.3,heterogeneous,64.0,SLOT-LFT-LBA,131,4.0,91.0,87.0
14,0.3,heterogeneous,64.0,SLOT-RAND-DEF,132,50.0,114.0,64.0
14,0.3,heterogeneous,64.0,SLOT-RAND-LBA,133,0.0,89.0,89.0
15,0.0,uniform,,POOL-LBA(=yours),117,2.0,77.0,75.0
15,0.0,uniform,,SLOT-G-DEF,117,80.0,116.0,36.0
15,0.0,uniform,,SLOT-G-LBA,117,2.0,77.0,75.0
15,0.0,uniform,,SLOT-LFT-DEF,119,66.0,109.0,43.0
15,0.0,uniform,,SLOT-LFT-LBA,119,2.0,77.0,75.0
15,0.0,uniform,,SLOT-RAND-DEF,118,84.0,118.0,34.0
15,0.0,uniform,,SLOT-RAND-LBA,122,2.0,77.0,75.0
15,0.0,heterogeneous,4.0,POOL-LBA(=yours),117,2.0,77.0,75.0
15,0.0,heterogeneous,4.0,SLOT-G-DEF,117,80.0,116.0,36.0
15,0.0,heterogeneous,4.0,SLOT-G-LBA,117,2.0,77.0,75.0
15,0.0,heterogeneous,4.0,SLOT-LFT-DEF,119,66.0,109.0,43.0
15,0.0,heterogeneous,4.0,SLOT-LFT-LBA,119,2.0,77.0,75.0
15,0.0,heterogeneous,4.0,SLOT-RAND-DEF,119,66.0,109.0,43.0
15,0.0,heterogeneous,4.0,SLOT-RAND-LBA,117,2.0,77.0,75.0
15,0.0,heterogeneous,16.0,POOL-LBA(=yours),117,2.0,77.0,75.0
15,0.0,heterogeneous,16.0,SLOT-G-DEF,117,80.0,116.0,36.0
15,0.0,heterogeneous,16.0,SLOT-G-LBA,117,2.0,77.0,75.0
15,0.0,heterogeneous,16.0,SLOT-LFT-DEF,119,66.0,109.0,43.0
15,0.0,heterogeneous,16.0,SLOT-LFT-LBA,119,2.0,77.0,75.0
15,0.0,heterogeneous,16.0,SLOT-RAND-DEF,117,82.0,117.0,35.0
15,0.0,heterogeneous,16.0,SLOT-RAND-LBA,117,2.0,75.0,77.0
15,0.0,heterogeneous,64.0,POOL-LBA(=yours),117,2.0,77.0,75.0
15,0.0,heterogeneous,64.0,SLOT-G-DEF,117,80.0,116.0,36.0
15,0.0,heterogeneous,64.0,SLOT-G-LBA,117,2.0,77.0,75.0
15,0.0,heterogeneous,64.0,SLOT-LFT-DEF,119,66.0,109.0,43.0
15,0.0,heterogeneous,64.0,SLOT-LFT-LBA,119,2.0,77.0,75.0
15,0.0,heterogeneous,64.0,SLOT-RAND-DEF,117,72.0,112.0,40.0
15,0.0,heterogeneous,64.0,SLOT-RAND-LBA,117,2.0,75.0,77.0
15,0.1,uniform,,POOL-LBA(=yours),132,2.0,85.0,87.0
15,0.1,uniform,,SLOT-G-DEF,132,90.0,131.0,41.0
15,0.1,uniform,,SLOT-G-LBA,132,2.0,87.0,85.0
15,0.1,uniform,,SLOT-LFT-DEF,134,74.0,123.0,49.0
15,0.1,uniform,,SLOT-LFT-LBA,134,2.0,87.0,85.0
15,0.1,uniform,,SLOT-RAND-DEF,138,96.0,134.0,38.0
15,0.1,uniform,,SLOT-RAND-LBA,132,2.0,85.0,87.0
15,0.1,heterogeneous,4.0,POOL-LBA(=yours),136,1.0,88.0,89.0
15,0.1,heterogeneous,4.0,SLOT-G-DEF,136,95.0,136.0,41.0
15,0.1,heterogeneous,4.0,SLOT-G-LBA,136,1.0,89.0,88.0
15,0.1,heterogeneous,4.0,SLOT-LFT-DEF,139,89.0,133.0,44.0
15,0.1,heterogeneous,4.0,SLOT-LFT-LBA,139,1.0,88.0,89.0
15,0.1,heterogeneous,4.0,SLOT-RAND-DEF,139,89.0,133.0,44.0
15,0.1,heterogeneous,4.0,SLOT-RAND-LBA,136,1.0,88.0,89.0
15,0.1,heterogeneous,16.0,POOL-LBA(=yours),123,0.0,81.0,81.0
15,0.1,heterogeneous,16.0,SLOT-G-DEF,123,84.0,123.0,39.0
15,0.1,heterogeneous,16.0,SLOT-G-LBA,123,0.0,81.0,81.0
15,0.1,heterogeneous,16.0,SLOT-LFT-DEF,126,72.0,117.0,45.0
15,0.1,heterogeneous,16.0,SLOT-LFT-LBA,126,0.0,81.0,81.0
15,0.1,heterogeneous,16.0,SLOT-RAND-DEF,126,78.0,120.0,42.0
15,0.1,heterogeneous,16.0,SLOT-RAND-LBA,123,4.0,83.0,79.0
15,0.1,heterogeneous,64.0,POOL-LBA(=yours),130,1.0,84.0,85.0
15,0.1,heterogeneous,64.0,SLOT-G-DEF,130,87.0,128.0,41.0
15,0.1,heterogeneous,64.0,SLOT-G-LBA,130,3.0,86.0,83.0
15,0.1,heterogeneous,64.0,SLOT-LFT-DEF,132,73.0,121.0,48.0
15,0.1,heterogeneous,64.0,SLOT-LFT-LBA,132,1.0,85.0,84.0
15,0.1,heterogeneous,64.0,SLOT-RAND-DEF,136,97.0,133.0,36.0
15,0.1,heterogeneous,64.0,SLOT-RAND-LBA,130,3.0,83.0,86.0
15,0.2,uniform,,POOL-LBA(=yours),141,1.0,91.0,92.0
15,0.2,uniform,,SLOT-G-DEF,141,97.0,140.0,43.0
15,0.2,uniform,,SLOT-G-LBA,141,3.0,93.0,90.0
15,0.2,uniform,,SLOT-LFT-DEF,144,79.0,131.0,52.0
15,0.2,uniform,,SLOT-LFT-LBA,144,1.0,92.0,91.0
15,0.2,uniform,,SLOT-RAND-DEF,141,97.0,140.0,43.0
15,0.2,uniform,,SLOT-RAND-LBA,142,3.0,90.0,93.0
15,0.2,heterogeneous,4.0,POOL-LBA(=yours),144,1.0,92.0,91.0
15,0.2,heterogeneous,4.0,SLOT-G-DEF,144,105.0,144.0,39.0
15,0.2,heterogeneous,4.0,SLOT-G-LBA,144,1.0,92.0,91.0
15,0.2,heterogeneous,4.0,SLOT-LFT-DEF,143,87.0,135.0,48.0
15,0.2,heterogeneous,4.0,SLOT-LFT-LBA,143,5.0,94.0,89.0
15,0.2,heterogeneous,4.0,SLOT-RAND-DEF,145,107.0,145.0,38.0
15,0.2,heterogeneous,4.0,SLOT-RAND-LBA,144,1.0,91.0,92.0
15,0.2,heterogeneous,16.0,POOL-LBA(=yours),141,3.0,89.0,92.0
15,0.2,heterogeneous,16.0,SLOT-G-DEF,141,101.0,141.0,40.0
15,0.2,heterogeneous,16.0,SLOT-G-LBA,141,1.0,91.0,90.0
15,0.2,heterogeneous,16.0,SLOT-LFT-DEF,144,83.0,132.0,49.0
15,0.2,heterogeneous,16.0,SLOT-LFT-LBA,144,5.0,93.0,88.0
15,0.2,heterogeneous,16.0,SLOT-RAND-DEF,141,89.0,135.0,46.0
15,0.2,heterogeneous,16.0,SLOT-RAND-LBA,141,3.0,89.0,92.0
15,0.2,heterogeneous,64.0,POOL-LBA(=yours),141,2.0,91.0,93.0
15,0.2,heterogeneous,64.0,SLOT-G-DEF,141,94.0,139.0,45.0
15,0.2,heterogeneous,64.0,SLOT-G-LBA,141,0.0,92.0,92.0
15,0.2,heterogeneous,64.0,SLOT-LFT-DEF,143,82.0,133.0,51.0
15,0.2,heterogeneous,64.0,SLOT-LFT-LBA,143,2.0,91.0,93.0
15,0.2,heterogeneous,64.0,SLOT-RAND-DEF,144,98.0,141.0,43.0
15,0.2,heterogeneous,64.0,SLOT-RAND-LBA,143,2.0,91.0,93.0
15,0.3,uniform,,POOL-LBA(=yours),151,1.0,97.0,98.0
15,0.3,uniform,,SLOT-G-DEF,151,103.0,149.0,46.0
15,0.3,uniform,,SLOT-G-LBA,151,3.0,96.0,99.0
15,0.3,uniform,,SLOT-LFT-DEF,153,85.0,140.0,55.0
15,0.3,uniform,,SLOT-LFT-LBA,153,3.0,99.0,96.0
15,0.3,uniform,,SLOT-RAND-DEF,157,97.0,146.0,49.0
15,0.3,uniform,,SLOT-RAND-LBA,151,1.0,97.0,98.0
15,0.3,heterogeneous,4.0,POOL-LBA(=yours),147,4.0,98.0,94.0
15,0.3,heterogeneous,4.0,SLOT-G-DEF,147,102.0,147.0,45.0
15,0.3,heterogeneous,4.0,SLOT-G-LBA,147,4.0,98.0,94.0
15,0.3,heterogeneous,4.0,SLOT-LFT-DEF,147,92.0,142.0,50.0
15,0.3,heterogeneous,4.0,SLOT-LFT-LBA,147,4.0,94.0,98.0
15,0.3,heterogeneous,4.0,SLOT-RAND-DEF,152,108.0,150.0,42.0
15,0.3,heterogeneous,4.0,SLOT-RAND-LBA,149,2.0,95.0,97.0
15,0.3,heterogeneous,16.0,POOL-LBA(=yours),158,3.0,103.0,100.0
15,0.3,heterogeneous,16.0,SLOT-G-DEF,158,113.0,158.0,45.0
15,0.3,heterogeneous,16.0,SLOT-G-LBA,158,3.0,100.0,103.0
15,0.3,heterogeneous,16.0,SLOT-LFT-DEF,158,91.0,147.0,56.0
15,0.3,heterogeneous,16.0,SLOT-LFT-LBA,158,1.0,102.0,101.0
15,0.3,heterogeneous,16.0,SLOT-RAND-DEF,158,113.0,158.0,45.0
15,0.3,heterogeneous,16.0,SLOT-RAND-LBA,165,3.0,103.0,100.0
15,0.3,heterogeneous,64.0,POOL-LBA(=yours),154,1.0,100.0,101.0
15,0.3,heterogeneous,64.0,SLOT-G-DEF,154,105.0,153.0,48.0
15,0.3,heterogeneous,64.0,SLOT-G-LBA,154,3.0,102.0,99.0
15,0.3,heterogeneous,64.0,SLOT-LFT-DEF,157,87.0,144.0,57.0
15,0.3,heterogeneous,64.0,SLOT-LFT-LBA,157,1.0,101.0,100.0
15,0.3,heterogeneous,64.0,SLOT-RAND-DEF,156,111.0,156.0,45.0
15,0.3,heterogeneous,64.0,SLOT-RAND-LBA,163,1.0,101.0,100.0
16,0.0,uniform,,POOL-LBA(=yours),107,6.0,70.0,76.0
16,0.0,uniform,,SLOT-G-DEF,107,44.0,95.0,51.0
16,0.0,uniform,,SLOT-G-LBA,107,6.0,70.0,76.0
16,0.0,uniform,,SLOT-LFT-DEF,106,42.0,94.0,52.0
16,0.0,uniform,,SLOT-LFT-LBA,106,8.0,69.0,77.0
16,0.0,uniform,,SLOT-RAND-DEF,106,66.0,106.0,40.0
16,0.0,uniform,,SLOT-RAND-LBA,105,10.0,78.0,68.0
16,0.0,heterogeneous,4.0,POOL-LBA(=yours),107,6.0,70.0,76.0
16,0.0,heterogeneous,4.0,SLOT-G-DEF,107,44.0,95.0,51.0
16,0.0,heterogeneous,4.0,SLOT-G-LBA,107,6.0,70.0,76.0
16,0.0,heterogeneous,4.0,SLOT-LFT-DEF,106,42.0,94.0,52.0
16,0.0,heterogeneous,4.0,SLOT-LFT-LBA,106,8.0,69.0,77.0
16,0.0,heterogeneous,4.0,SLOT-RAND-DEF,106,66.0,106.0,40.0
16,0.0,heterogeneous,4.0,SLOT-RAND-LBA,106,14.0,80.0,66.0
16,0.0,heterogeneous,16.0,POOL-LBA(=yours),107,6.0,70.0,76.0
16,0.0,heterogeneous,16.0,SLOT-G-DEF,107,44.0,95.0,51.0
16,0.0,heterogeneous,16.0,SLOT-G-LBA,107,6.0,70.0,76.0
16,0.0,heterogeneous,16.0,SLOT-LFT-DEF,106,42.0,94.0,52.0
16,0.0,heterogeneous,16.0,SLOT-LFT-LBA,106,8.0,69.0,77.0
16,0.0,heterogeneous,16.0,SLOT-RAND-DEF,110,68.0,107.0,39.0
16,0.0,heterogeneous,16.0,SLOT-RAND-LBA,105,6.0,70.0,76.0
16,0.0,heterogeneous,64.0,POOL-LBA(=yours),107,6.0,70.0,76.0
16,0.0,heterogeneous,64.0,SLOT-G-DEF,107,44.0,95.0,51.0
16,0.0,heterogeneous,64.0,SLOT-G-LBA,107,6.0,70.0,76.0
16,0.0,heterogeneous,64.0,SLOT-LFT-DEF,106,42.0,94.0,52.0
16,0.0,heterogeneous,64.0,SLOT-LFT-LBA,106,8.0,69.0,77.0
16,0.0,heterogeneous,64.0,SLOT-RAND-DEF,105,54.0,100.0,46.0
16,0.0,heterogeneous,64.0,SLOT-RAND-LBA,108,2.0,72.0,74.0
16,0.1,uniform,,POOL-LBA(=yours),121,6.0,80.0,86.0
16,0.1,uniform,,SLOT-G-DEF,121,48.0,107.0,59.0
16,0.1,uniform,,SLOT-G-LBA,121,8.0,79.0,87.0
16,0.1,uniform,,SLOT-LFT-DEF,120,46.0,106.0,60.0
16,0.1,uniform,,SLOT-LFT-LBA,120,10.0,78.0,88.0
16,0.1,uniform,,SLOT-RAND-DEF,118,50.0,108.0,58.0
16,0.1,uniform,,SLOT-RAND-LBA,119,4.0,81.0,85.0
16,0.1,heterogeneous,4.0,POOL-LBA(=yours),119,4.0,79.0,83.0
16,0.1,heterogeneous,4.0,SLOT-G-DEF,119,68.0,115.0,47.0
16,0.1,heterogeneous,4.0,SLOT-G-LBA,119,6.0,78.0,84.0
16,0.1,heterogeneous,4.0,SLOT-LFT-DEF,118,66.0,114.0,48.0
16,0.1,heterogeneous,4.0,SLOT-LFT-LBA,118,4.0,79.0,83.0
16,0.1,heterogeneous,4.0,SLOT-RAND-DEF,121,76.0,119.0,43.0
16,0.1,heterogeneous,4.0,SLOT-RAND-LBA,120,10.0,76.0,86.0
16,0.1,heterogeneous,16.0,POOL-LBA(=yours),120,7.0,78.0,85.0
16,0.1,heterogeneous,16.0,SLOT-G-DEF,120,51.0,107.0,56.0
16,0.1,heterogeneous,16.0,SLOT-G-LBA,120,7.0,85.0,78.0
16,0.1,heterogeneous,16.0,SLOT-LFT-DEF,119,45.0,104.0,59.0
16,0.1,heterogeneous,16.0,SLOT-LFT-LBA,119,9.0,77.0,86.0
16,0.1,heterogeneous,16.0,SLOT-RAND-DEF,116,51.0,107.0,56.0
16,0.1,heterogeneous,16.0,SLOT-RAND-LBA,117,5.0,79.0,84.0
16,0.1,heterogeneous,64.0,POOL-LBA(=yours),116,8.0,83.0,75.0
16,0.1,heterogeneous,64.0,SLOT-G-DEF,116,48.0,103.0,55.0
16,0.1,heterogeneous,64.0,SLOT-G-LBA,116,6.0,76.0,82.0
16,0.1,heterogeneous,64.0,SLOT-LFT-DEF,114,44.0,101.0,57.0
16,0.1,heterogeneous,64.0,SLOT-LFT-LBA,114,6.0,76.0,82.0
16,0.1,heterogeneous,64.0,SLOT-RAND-DEF,115,64.0,111.0,47.0
16,0.1,heterogeneous,64.0,SLOT-RAND-LBA,114,2.0,80.0,78.0
16,0.2,uniform,,POOL-LBA(=yours),128,7.0,83.0,90.0
16,0.2,uniform,,SLOT-G-DEF,128,53.0,113.0,60.0
16,0.2,uniform,,SLOT-G-LBA,128,7.0,83.0,90.0
16,0.2,uniform,,SLOT-LFT-DEF,127,49.0,111.0,62.0
16,0.2,uniform,,SLOT-LFT-LBA,127,11.0,81.0,92.0
16,0.2,uniform,,SLOT-RAND-DEF,129,73.0,123.0,50.0
16,0.2,uniform,,SLOT-RAND-LBA,126,17.0,95.0,78.0
16,0.2,heterogeneous,4.0,POOL-LBA(=yours),134,7.0,93.0,86.0
16,0.2,heterogeneous,4.0,SLOT-G-DEF,134,57.0,118.0,61.0
16,0.2,heterogeneous,4.0,SLOT-G-LBA,134,13.0,83.0,96.0
16,0.2,heterogeneous,4.0,SLOT-LFT-DEF,134,57.0,118.0,61.0
16,0.2,heterogeneous,4.0,SLOT-LFT-LBA,134,11.0,84.0,95.0
16,0.2,heterogeneous,4.0,SLOT-RAND-DEF,129,73.0,126.0,53.0
16,0.2,heterogeneous,4.0,SLOT-RAND-LBA,128,3.0,88.0,91.0
16,0.2,heterogeneous,16.0,POOL-LBA(=yours),128,5.0,89.0,84.0
16,0.2,heterogeneous,16.0,SLOT-G-DEF,128,57.0,115.0,58.0
16,0.2,heterogeneous,16.0,SLOT-G-LBA,128,7.0,83.0,90.0
16,0.2,heterogeneous,16.0,SLOT-LFT-DEF,127,53.0,113.0,60.0
16,0.2,heterogeneous,16.0,SLOT-LFT-LBA,127,5.0,84.0,89.0
16,0.2,heterogeneous,16.0,SLOT-RAND-DEF,128,69.0,121.0,52.0
16,0.2,heterogeneous,16.0,SLOT-RAND-LBA,131,3.0,88.0,85.0
16,0.2,heterogeneous,64.0,POOL-LBA(=yours),127,8.0,83.0,91.0
16,0.2,heterogeneous,64.0,SLOT-G-DEF,127,52.0,113.0,61.0
16,0.2,heterogeneous,64.0,SLOT-G-LBA,127,8.0,91.0,83.0
16,0.2,heterogeneous,64.0,SLOT-LFT-DEF,126,50.0,112.0,62.0
16,0.2,heterogeneous,64.0,SLOT-LFT-LBA,126,10.0,82.0,92.0
16,0.2,heterogeneous,64.0,SLOT-RAND-DEF,124,74.0,124.0,50.0
16,0.2,heterogeneous,64.0,SLOT-RAND-LBA,131,4.0,85.0,89.0
16,0.3,uniform,,POOL-LBA(=yours),137,9.0,98.0,89.0
16,0.3,uniform,,SLOT-G-DEF,137,57.0,122.0,65.0
16,0.3,uniform,,SLOT-G-LBA,137,7.0,90.0,97.0
16,0.3,uniform,,SLOT-LFT-DEF,136,55.0,121.0,66.0
16,0.3,uniform,,SLOT-LFT-LBA,136,9.0,89.0,98.0
16,0.3,uniform,,SLOT-RAND-DEF,134,69.0,128.0,59.0
16,0.3,uniform,,SLOT-RAND-LBA,134,5.0,91.0,96.0
16,0.3,heterogeneous,4.0,POOL-LBA(=yours),136,3.0,90.0,93.0
16,0.3,heterogeneous,4.0,SLOT-G-DEF,136,51.0,117.0,66.0
16,0.3,heterogeneous,4.0,SLOT-G-LBA,136,17.0,100.0,83.0
16,0.3,heterogeneous,4.0,SLOT-LFT-DEF,134,59.0,121.0,62.0
16,0.3,heterogeneous,4.0,SLOT-LFT-LBA,134,11.0,86.0,97.0
16,0.3,heterogeneous,4.0,SLOT-RAND-DEF,134,85.0,134.0,49.0
16,0.3,heterogeneous,4.0,SLOT-RAND-LBA,135,3.0,90.0,93.0
16,0.3,heterogeneous,16.0,POOL-LBA(=yours),145,9.0,102.0,93.0
16,0.3,heterogeneous,16.0,SLOT-G-DEF,145,65.0,130.0,65.0
16,0.3,heterogeneous,16.0,SLOT-G-LBA,145,13.0,104.0,91.0
16,0.3,heterogeneous,16.0,SLOT-LFT-DEF,143,61.0,128.0,67.0
16,0.3,heterogeneous,16.0,SLOT-LFT-LBA,143,7.0,94.0,101.0
16,0.3,heterogeneous,16.0,SLOT-RAND-DEF,143,79.0,137.0,58.0
16,0.3,heterogeneous,16.0,SLOT-RAND-LBA,141,7.0,94.0,101.0
16,0.3,heterogeneous,64.0,POOL-LBA(=yours),136,7.0,98.0,91.0
16,0.3,heterogeneous,64.0,SLOT-G-DEF,136,55.0,122.0,67.0
16,0.3,heterogeneous,64.0,SLOT-G-LBA,136,9.0,90.0,99.0
16,0.3,heterogeneous,64.0,SLOT-LFT-DEF,136,55.0,122.0,67.0
16,0.3,heterogeneous,64.0,SLOT-LFT-LBA,136,11.0,89.0,100.0
16,0.3,heterogeneous,64.0,SLOT-RAND-DEF,137,67.0,128.0,61.0
16,0.3,heterogeneous,64.0,SLOT-RAND-LBA,135,7.0,91.0,98.0
17,0.0,uniform,,POOL-LBA(=yours),109,3.0,69.0,72.0
17,0.0,uniform,,SLOT-G-DEF,109,71.0,106.0,35.0
17,0.0,uniform,,SLOT-G-LBA,109,3.0,69.0,72.0
17,0.0,uniform,,SLOT-LFT-DEF,103,61.0,101.0,40.0
17,0.0,uniform,,SLOT-LFT-LBA,103,1.0,71.0,70.0
17,0.0,uniform,,SLOT-RAND-DEF,103,53.0,97.0,44.0
17,0.0,uniform,,SLOT-RAND-LBA,106,7.0,74.0,67.0
17,0.0,heterogeneous,4.0,POOL-LBA(=yours),109,3.0,69.0,72.0
17,0.0,heterogeneous,4.0,SLOT-G-DEF,109,71.0,106.0,35.0
17,0.0,heterogeneous,4.0,SLOT-G-LBA,109,3.0,69.0,72.0
17,0.0,heterogeneous,4.0,SLOT-LFT-DEF,103,61.0,101.0,40.0
17,0.0,heterogeneous,4.0,SLOT-LFT-LBA,103,1.0,71.0,70.0
17,0.0,heterogeneous,4.0,SLOT-RAND-DEF,108,75.0,108.0,33.0
17,0.0,heterogeneous,4.0,SLOT-RAND-LBA,110,5.0,68.0,73.0
17,0.0,heterogeneous,16.0,POOL-LBA(=yours),109,3.0,69.0,72.0
17,0.0,heterogeneous,16.0,SLOT-G-DEF,109,71.0,106.0,35.0
17,0.0,heterogeneous,16.0,SLOT-G-LBA,109,3.0,69.0,72.0
17,0.0,heterogeneous,16.0,SLOT-LFT-DEF,103,61.0,101.0,40.0
17,0.0,heterogeneous,16.0,SLOT-LFT-LBA,103,1.0,71.0,70.0
17,0.0,heterogeneous,16.0,SLOT-RAND-DEF,106,59.0,100.0,41.0
17,0.0,heterogeneous,16.0,SLOT-RAND-LBA,106,11.0,76.0,65.0
17,0.0,heterogeneous,64.0,POOL-LBA(=yours),109,3.0,69.0,72.0
17,0.0,heterogeneous,64.0,SLOT-G-DEF,109,71.0,106.0,35.0
17,0.0,heterogeneous,64.0,SLOT-G-LBA,109,3.0,69.0,72.0
17,0.0,heterogeneous,64.0,SLOT-LFT-DEF,103,61.0,101.0,40.0
17,0.0,heterogeneous,64.0,SLOT-LFT-LBA,103,1.0,71.0,70.0
17,0.0,heterogeneous,64.0,SLOT-RAND-DEF,108,63.0,102.0,39.0
17,0.0,heterogeneous,64.0,SLOT-RAND-LBA,108,3.0,72.0,69.0
17,0.1,uniform,,POOL-LBA(=yours),124,5.0,83.0,78.0
17,0.1,uniform,,SLOT-G-DEF,124,79.0,120.0,41.0
17,0.1,uniform,,SLOT-G-LBA,124,5.0,83.0,78.0
17,0.1,uniform,,SLOT-LFT-DEF,117,69.0,115.0,46.0
17,0.1,uniform,,SLOT-LFT-LBA,117,1.0,81.0,80.0
17,0.1,uniform,,SLOT-RAND-DEF,124,73.0,117.0,44.0
17,0.1,uniform,,SLOT-RAND-LBA,117,3.0,79.0,82.0
17,0.1,heterogeneous,4.0,POOL-LBA(=yours),118,1.0,78.0,77.0
17,0.1,heterogeneous,4.0,SLOT-G-DEF,118,75.0,115.0,40.0
17,0.1,heterogeneous,4.0,SLOT-G-LBA,118,1.0,77.0,78.0
17,0.1,heterogeneous,4.0,SLOT-LFT-DEF,113,65.0,110.0,45.0
17,0.1,heterogeneous,4.0,SLOT-LFT-LBA,113,5.0,80.0,75.0
17,0.1,heterogeneous,4.0,SLOT-RAND-DEF,118,63.0,109.0,46.0
17,0.1,heterogeneous,4.0,SLOT-RAND-LBA,116,7.0,74.0,81.0
17,0.1,heterogeneous,16.0,POOL-LBA(=yours),122,2.0,77.0,79.0
17,0.1,heterogeneous,16.0,SLOT-G-DEF,122,80.0,118.0,38.0
17,0.1,heterogeneous,16.0,SLOT-G-LBA,122,4.0,80.0,76.0
17,0.1,heterogeneous,16.0,SLOT-LFT-DEF,116,70.0,113.0,43.0
17,0.1,heterogeneous,16.0,SLOT-LFT-LBA,116,0.0,78.0,78.0
17,0.1,heterogeneous,16.0,SLOT-RAND-DEF,120,84.0,120.0,36.0
17,0.1,heterogeneous,16.0,SLOT-RAND-LBA,118,0.0,78.0,78.0
17,0.1,heterogeneous,64.0,POOL-LBA(=yours),121,4.0,79.0,75.0
17,0.1,heterogeneous,64.0,SLOT-G-DEF,121,80.0,117.0,37.0
17,0.1,heterogeneous,64.0,SLOT-G-LBA,121,4.0,79.0,75.0
17,0.1,heterogeneous,64.0,SLOT-LFT-DEF,113,72.0,113.0,41.0
17,0.1,heterogeneous,64.0,SLOT-LFT-LBA,113,2.0,78.0,76.0
17,0.1,heterogeneous,64.0,SLOT-RAND-DEF,117,74.0,114.0,40.0
17,0.1,heterogeneous,64.0,SLOT-RAND-LBA,119,4.0,75.0,79.0
17,0.2,uniform,,POOL-LBA(=yours),130,4.0,86.0,82.0
17,0.2,uniform,,SLOT-G-DEF,130,84.0,126.0,42.0
17,0.2,uniform,,SLOT-G-LBA,130,4.0,86.0,82.0
17,0.2,uniform,,SLOT-LFT-DEF,122,72.0,120.0,48.0
17,0.2,uniform,,SLOT-LFT-LBA,122,0.0,84.0,84.0
17,0.2,uniform,,SLOT-RAND-DEF,127,60.0,114.0,54.0
17,0.2,uniform,,SLOT-RAND-LBA,127,4.0,82.0,86.0
17,0.2,heterogeneous,4.0,POOL-LBA(=yours),132,4.0,88.0,84.0
17,0.2,heterogeneous,4.0,SLOT-G-DEF,132,82.0,127.0,45.0
17,0.2,heterogeneous,4.0,SLOT-G-LBA,132,4.0,88.0,84.0
17,0.2,heterogeneous,4.0,SLOT-LFT-DEF,121,68.0,120.0,52.0
17,0.2,heterogeneous,4.0,SLOT-LFT-LBA,121,2.0,87.0,85.0
17,0.2,heterogeneous,4.0,SLOT-RAND-DEF,128,74.0,123.0,49.0
17,0.2,heterogeneous,4.0,SLOT-RAND-LBA,129,2.0,85.0,87.0
17,0.2,heterogeneous,16.0,POOL-LBA(=yours),134,5.0,88.0,83.0
17,0.2,heterogeneous,16.0,SLOT-G-DEF,134,91.0,131.0,40.0
17,0.2,heterogeneous,16.0,SLOT-G-LBA,134,5.0,88.0,83.0
17,0.2,heterogeneous,16.0,SLOT-LFT-DEF,126,75.0,123.0,48.0
17,0.2,heterogeneous,16.0,SLOT-LFT-LBA,126,1.0,86.0,85.0
17,0.2,heterogeneous,16.0,SLOT-RAND-DEF,132,57.0,114.0,57.0
17,0.2,heterogeneous,16.0,SLOT-RAND-LBA,132,11.0,91.0,80.0
17,0.2,heterogeneous,64.0,POOL-LBA(=yours),129,5.0,86.0,81.0
17,0.2,heterogeneous,64.0,SLOT-G-DEF,129,85.0,126.0,41.0
17,0.2,heterogeneous,64.0,SLOT-G-LBA,129,5.0,86.0,81.0
17,0.2,heterogeneous,64.0,SLOT-LFT-DEF,123,73.0,120.0,47.0
17,0.2,heterogeneous,64.0,SLOT-LFT-LBA,123,3.0,85.0,82.0
17,0.2,heterogeneous,64.0,SLOT-RAND-DEF,126,73.0,120.0,47.0
17,0.2,heterogeneous,64.0,SLOT-RAND-LBA,130,11.0,89.0,78.0
17,0.3,uniform,,POOL-LBA(=yours),140,3.0,89.0,92.0
17,0.3,uniform,,SLOT-G-DEF,140,93.0,137.0,44.0
17,0.3,uniform,,SLOT-G-LBA,140,5.0,93.0,88.0
17,0.3,uniform,,SLOT-LFT-DEF,134,79.0,130.0,51.0
17,0.3,uniform,,SLOT-LFT-LBA,134,5.0,93.0,88.0
17,0.3,uniform,,SLOT-RAND-DEF,138,85.0,133.0,48.0
17,0.3,uniform,,SLOT-RAND-LBA,133,3.0,92.0,89.0
17,0.3,heterogeneous,4.0,POOL-LBA(=yours),149,4.0,93.0,97.0
17,0.3,heterogeneous,4.0,SLOT-G-DEF,149,108.0,149.0,41.0
17,0.3,heterogeneous,4.0,SLOT-G-LBA,149,4.0,97.0,93.0
17,0.3,heterogeneous,4.0,SLOT-LFT-DEF,139,88.0,139.0,51.0
17,0.3,heterogeneous,4.0,SLOT-LFT-LBA,139,0.0,95.0,95.0
17,0.3,heterogeneous,4.0,SLOT-RAND-DEF,146,94.0,142.0,48.0
17,0.3,heterogeneous,4.0,SLOT-RAND-LBA,145,6.0,98.0,92.0
17,0.3,heterogeneous,16.0,POOL-LBA(=yours),143,1.0,94.0,93.0
17,0.3,heterogeneous,16.0,SLOT-G-DEF,143,91.0,139.0,48.0
17,0.3,heterogeneous,16.0,SLOT-G-LBA,143,1.0,94.0,93.0
17,0.3,heterogeneous,16.0,SLOT-LFT-DEF,133,73.0,130.0,57.0
17,0.3,heterogeneous,16.0,SLOT-LFT-LBA,133,5.0,96.0,91.0
17,0.3,heterogeneous,16.0,SLOT-RAND-DEF,136,71.0,129.0,58.0
17,0.3,heterogeneous,16.0,SLOT-RAND-LBA,144,9.0,89.0,98.0
17,0.3,heterogeneous,64.0,POOL-LBA(=yours),141,4.0,93.0,89.0
17,0.3,heterogeneous,64.0,SLOT-G-DEF,141,92.0,137.0,45.0
17,0.3,heterogeneous,64.0,SLOT-G-LBA,141,4.0,89.0,93.0
17,0.3,heterogeneous,64.0,SLOT-LFT-DEF,135,78.0,130.0,52.0
17,0.3,heterogeneous,64.0,SLOT-LFT-LBA,135,4.0,93.0,89.0
17,0.3,heterogeneous,64.0,SLOT-RAND-DEF,137,66.0,124.0,58.0
17,0.3,heterogeneous,64.0,SLOT-RAND-LBA,137,2.0,90.0,92.0
18,0.0,uniform,,POOL-LBA(=yours),110,2.0,73.0,71.0
18,0.0,uniform,,SLOT-G-DEF,110,76.0,110.0,34.0
18,0.0,uniform,,SLOT-G-LBA,110,0.0,72.0,72.0
18,0.0,uniform,,SLOT-LFT-DEF,107,64.0,104.0,40.0
18,0.0,uniform,,SLOT-LFT-LBA,107,2.0,71.0,73.0
18,0.0,uniform,,SLOT-RAND-DEF,106,68.0,106.0,38.0
18,0.0,uniform,,SLOT-RAND-LBA,106,2.0,73.0,71.0
18,0.0,heterogeneous,4.0,POOL-LBA(=yours),110,2.0,73.0,71.0
18,0.0,heterogeneous,4.0,SLOT-G-DEF,110,76.0,110.0,34.0
18,0.0,heterogeneous,4.0,SLOT-G-LBA,110,0.0,72.0,72.0
18,0.0,heterogeneous,4.0,SLOT-LFT-DEF,107,64.0,104.0,40.0
18,0.0,heterogeneous,4.0,SLOT-LFT-LBA,107,2.0,71.0,73.0
18,0.0,heterogeneous,4.0,SLOT-RAND-DEF,110,76.0,110.0,34.0
18,0.0,heterogeneous,4.0,SLOT-RAND-LBA,106,2.0,73.0,71.0
18,0.0,heterogeneous,16.0,POOL-LBA(=yours),110,2.0,73.0,71.0
18,0.0,heterogeneous,16.0,SLOT-G-DEF,110,76.0,110.0,34.0
18,0.0,heterogeneous,16.0,SLOT-G-LBA,110,0.0,72.0,72.0
18,0.0,heterogeneous,16.0,SLOT-LFT-DEF,107,64.0,104.0,40.0
18,0.0,heterogeneous,16.0,SLOT-LFT-LBA,107,2.0,71.0,73.0
18,0.0,heterogeneous,16.0,SLOT-RAND-DEF,106,58.0,101.0,43.0
18,0.0,heterogeneous,16.0,SLOT-RAND-LBA,111,2.0,71.0,73.0
18,0.0,heterogeneous,64.0,POOL-LBA(=yours),110,2.0,73.0,71.0
18,0.0,heterogeneous,64.0,SLOT-G-DEF,110,76.0,110.0,34.0
18,0.0,heterogeneous,64.0,SLOT-G-LBA,110,0.0,72.0,72.0
18,0.0,heterogeneous,64.0,SLOT-LFT-DEF,107,64.0,104.0,40.0
18,0.0,heterogeneous,64.0,SLOT-LFT-LBA,107,2.0,71.0,73.0
18,0.0,heterogeneous,64.0,SLOT-RAND-DEF,110,68.0,106.0,38.0
18,0.0,heterogeneous,64.0,SLOT-RAND-LBA,111,12.0,78.0,66.0
18,0.1,uniform,,POOL-LBA(=yours),125,2.0,83.0,81.0
18,0.1,uniform,,SLOT-G-DEF,125,86.0,125.0,39.0
18,0.1,uniform,,SLOT-G-LBA,125,0.0,82.0,82.0
18,0.1,uniform,,SLOT-LFT-DEF,121,72.0,118.0,46.0
18,0.1,uniform,,SLOT-LFT-LBA,121,2.0,81.0,83.0
18,0.1,uniform,,SLOT-RAND-DEF,121,72.0,118.0,46.0
18,0.1,uniform,,SLOT-RAND-LBA,126,14.0,75.0,89.0
18,0.1,heterogeneous,4.0,POOL-LBA(=yours),117,3.0,80.0,77.0
18,0.1,heterogeneous,4.0,SLOT-G-DEF,117,77.0,117.0,40.0
18,0.1,heterogeneous,4.0,SLOT-G-LBA,117,1.0,78.0,79.0
18,0.1,heterogeneous,4.0,SLOT-LFT-DEF,116,75.0,116.0,41.0
18,0.1,heterogeneous,4.0,SLOT-LFT-LBA,116,3.0,80.0,77.0
18,0.1,heterogeneous,4.0,SLOT-RAND-DEF,116,61.0,109.0,48.0
18,0.1,heterogeneous,4.0,SLOT-RAND-LBA,114,9.0,83.0,74.0
18,0.1,heterogeneous,16.0,POOL-LBA(=yours),120,1.0,78.0,79.0
18,0.1,heterogeneous,16.0,SLOT-G-DEF,120,73.0,115.0,42.0
18,0.1,heterogeneous,16.0,SLOT-G-LBA,120,11.0,73.0,84.0
18,0.1,heterogeneous,16.0,SLOT-LFT-DEF,116,63.0,110.0,47.0
18,0.1,heterogeneous,16.0,SLOT-LFT-LBA,116,11.0,84.0,73.0
18,0.1,heterogeneous,16.0,SLOT-RAND-DEF,116,75.0,116.0,41.0
18,0.1,heterogeneous,16.0,SLOT-RAND-LBA,116,15.0,86.0,71.0
18,0.1,heterogeneous,64.0,POOL-LBA(=yours),120,2.0,80.0,78.0
18,0.1,heterogeneous,64.0,SLOT-G-DEF,120,70.0,114.0,44.0
18,0.1,heterogeneous,64.0,SLOT-G-LBA,120,2.0,80.0,78.0
18,0.1,heterogeneous,64.0,SLOT-LFT-DEF,117,68.0,113.0,45.0
18,0.1,heterogeneous,64.0,SLOT-LFT-LBA,117,6.0,82.0,76.0
18,0.1,heterogeneous,64.0,SLOT-RAND-DEF,120,72.0,115.0,43.0
18,0.1,heterogeneous,64.0,SLOT-RAND-LBA,120,0.0,79.0,79.0
18,0.2,uniform,,POOL-LBA(=yours),131,1.0,86.0,85.0
18,0.2,uniform,,SLOT-G-DEF,131,91.0,131.0,40.0
18,0.2,uniform,,SLOT-G-LBA,131,1.0,86.0,85.0
18,0.2,uniform,,SLOT-LFT-DEF,128,77.0,124.0,47.0
18,0.2,uniform,,SLOT-LFT-LBA,128,3.0,84.0,87.0
18,0.2,uniform,,SLOT-RAND-DEF,127,83.0,127.0,44.0
18,0.2,uniform,,SLOT-RAND-LBA,128,9.0,90.0,81.0
18,0.2,heterogeneous,4.0,POOL-LBA(=yours),132,3.0,86.0,89.0
18,0.2,heterogeneous,4.0,SLOT-G-DEF,132,75.0,125.0,50.0
18,0.2,heterogeneous,4.0,SLOT-G-LBA,132,9.0,92.0,83.0
18,0.2,heterogeneous,4.0,SLOT-LFT-DEF,129,65.0,120.0,55.0
18,0.2,heterogeneous,4.0,SLOT-LFT-LBA,129,13.0,94.0,81.0
18,0.2,heterogeneous,4.0,SLOT-RAND-DEF,129,63.0,119.0,56.0
18,0.2,heterogeneous,4.0,SLOT-RAND-LBA,129,1.0,88.0,87.0
18,0.2,heterogeneous,16.0,POOL-LBA(=yours),127,2.0,83.0,85.0
18,0.2,heterogeneous,16.0,SLOT-G-DEF,127,86.0,127.0,41.0
18,0.2,heterogeneous,16.0,SLOT-G-LBA,127,0.0,84.0,84.0
18,0.2,heterogeneous,16.0,SLOT-LFT-DEF,125,72.0,120.0,48.0
18,0.2,heterogeneous,16.0,SLOT-LFT-LBA,125,2.0,83.0,85.0
18,0.2,heterogeneous,16.0,SLOT-RAND-DEF,123,66.0,117.0,51.0
18,0.2,heterogeneous,16.0,SLOT-RAND-LBA,123,14.0,91.0,77.0
18,0.2,heterogeneous,64.0,POOL-LBA(=yours),129,1.0,85.0,84.0
18,0.2,heterogeneous,64.0,SLOT-G-DEF,129,89.0,129.0,40.0
18,0.2,heterogeneous,64.0,SLOT-G-LBA,129,1.0,85.0,84.0
18,0.2,heterogeneous,64.0,SLOT-LFT-DEF,126,73.0,121.0,48.0
18,0.2,heterogeneous,64.0,SLOT-LFT-LBA,126,1.0,85.0,84.0
18,0.2,heterogeneous,64.0,SLOT-RAND-DEF,126,61.0,115.0,54.0
18,0.2,heterogeneous,64.0,SLOT-RAND-LBA,126,5.0,82.0,87.0
18,0.3,uniform,,POOL-LBA(=yours),143,3.0,95.0,92.0
18,0.3,uniform,,SLOT-G-DEF,143,99.0,143.0,44.0
18,0.3,uniform,,SLOT-G-LBA,143,1.0,93.0,94.0
18,0.3,uniform,,SLOT-LFT-DEF,139,83.0,135.0,52.0
18,0.3,uniform,,SLOT-LFT-LBA,139,3.0,92.0,95.0
18,0.3,uniform,,SLOT-RAND-DEF,139,91.0,139.0,48.0
18,0.3,uniform,,SLOT-RAND-LBA,138,3.0,92.0,95.0
18,0.3,heterogeneous,4.0,POOL-LBA(=yours),152,5.0,101.0,96.0
18,0.3,heterogeneous,4.0,SLOT-G-DEF,152,101.0,149.0,48.0
18,0.3,heterogeneous,4.0,SLOT-G-LBA,152,3.0,97.0,100.0
18,0.3,heterogeneous,4.0,SLOT-LFT-DEF,150,95.0,146.0,51.0
18,0.3,heterogeneous,4.0,SLOT-LFT-LBA,150,3.0,97.0,100.0
18,0.3,heterogeneous,4.0,SLOT-RAND-DEF,154,105.0,151.0,46.0
18,0.3,heterogeneous,4.0,SLOT-RAND-LBA,156,17.0,90.0,107.0
18,0.3,heterogeneous,16.0,POOL-LBA(=yours),140,1.0,92.0,93.0
18,0.3,heterogeneous,16.0,SLOT-G-DEF,140,85.0,135.0,50.0
18,0.3,heterogeneous,16.0,SLOT-G-LBA,140,11.0,98.0,87.0
18,0.3,heterogeneous,16.0,SLOT-LFT-DEF,139,69.0,127.0,58.0
18,0.3,heterogeneous,16.0,SLOT-LFT-LBA,139,13.0,86.0,99.0
18,0.3,heterogeneous,16.0,SLOT-RAND-DEF,139,83.0,134.0,51.0
18,0.3,heterogeneous,16.0,SLOT-RAND-LBA,139,19.0,83.0,102.0
18,0.3,heterogeneous,64.0,POOL-LBA(=yours),143,1.0,93.0,94.0
18,0.3,heterogeneous,64.0,SLOT-G-DEF,143,97.0,142.0,45.0
18,0.3,heterogeneous,64.0,SLOT-G-LBA,143,1.0,93.0,94.0
18,0.3,heterogeneous,64.0,SLOT-LFT-DEF,140,83.0,135.0,52.0
18,0.3,heterogeneous,64.0,SLOT-LFT-LBA,140,3.0,95.0,92.0
18,0.3,heterogeneous,64.0,SLOT-RAND-DEF,138,73.0,130.0,57.0
18,0.3,heterogeneous,64.0,SLOT-RAND-LBA,145,3.0,95.0,92.0
19,0.0,uniform,,POOL-LBA(=yours),110,2.0,69.0,71.0
19,0.0,uniform,,SLOT-G-DEF,110,80.0,110.0,30.0
19,0.0,uniform,,SLOT-G-LBA,110,2.0,71.0,69.0
19,0.0,uniform,,SLOT-LFT-DEF,110,80.0,110.0,30.0
19,0.0,uniform,,SLOT-LFT-LBA,110,2.0,71.0,69.0
19,0.0,uniform,,SLOT-RAND-DEF,110,80.0,110.0,30.0
19,0.0,uniform,,SLOT-RAND-LBA,108,0.0,70.0,70.0
19,0.0,heterogeneous,4.0,POOL-LBA(=yours),110,2.0,69.0,71.0
19,0.0,heterogeneous,4.0,SLOT-G-DEF,110,80.0,110.0,30.0
19,0.0,heterogeneous,4.0,SLOT-G-LBA,110,2.0,71.0,69.0
19,0.0,heterogeneous,4.0,SLOT-LFT-DEF,110,80.0,110.0,30.0
19,0.0,heterogeneous,4.0,SLOT-LFT-LBA,110,2.0,71.0,69.0
19,0.0,heterogeneous,4.0,SLOT-RAND-DEF,107,70.0,105.0,35.0
19,0.0,heterogeneous,4.0,SLOT-RAND-LBA,108,0.0,70.0,70.0
19,0.0,heterogeneous,16.0,POOL-LBA(=yours),110,2.0,69.0,71.0
19,0.0,heterogeneous,16.0,SLOT-G-DEF,110,80.0,110.0,30.0
19,0.0,heterogeneous,16.0,SLOT-G-LBA,110,2.0,71.0,69.0
19,0.0,heterogeneous,16.0,SLOT-LFT-DEF,110,80.0,110.0,30.0
19,0.0,heterogeneous,16.0,SLOT-LFT-LBA,110,2.0,71.0,69.0
19,0.0,heterogeneous,16.0,SLOT-RAND-DEF,107,74.0,107.0,33.0
19,0.0,heterogeneous,16.0,SLOT-RAND-LBA,108,0.0,70.0,70.0
19,0.0,heterogeneous,64.0,POOL-LBA(=yours),110,2.0,69.0,71.0
19,0.0,heterogeneous,64.0,SLOT-G-DEF,110,80.0,110.0,30.0
19,0.0,heterogeneous,64.0,SLOT-G-LBA,110,2.0,71.0,69.0
19,0.0,heterogeneous,64.0,SLOT-LFT-DEF,110,80.0,110.0,30.0
19,0.0,heterogeneous,64.0,SLOT-LFT-LBA,110,2.0,71.0,69.0
19,0.0,heterogeneous,64.0,SLOT-RAND-DEF,107,74.0,107.0,33.0
19,0.0,heterogeneous,64.0,SLOT-RAND-LBA,107,2.0,71.0,69.0
19,0.1,uniform,,POOL-LBA(=yours),125,2.0,79.0,81.0
19,0.1,uniform,,SLOT-G-DEF,125,90.0,125.0,35.0
19,0.1,uniform,,SLOT-G-LBA,125,2.0,81.0,79.0
19,0.1,uniform,,SLOT-LFT-DEF,125,90.0,125.0,35.0
19,0.1,uniform,,SLOT-LFT-LBA,125,2.0,81.0,79.0
19,0.1,uniform,,SLOT-RAND-DEF,123,76.0,118.0,42.0
19,0.1,uniform,,SLOT-RAND-LBA,123,0.0,80.0,80.0
19,0.1,heterogeneous,4.0,POOL-LBA(=yours),119,2.0,76.0,78.0
19,0.1,heterogeneous,4.0,SLOT-G-DEF,119,76.0,115.0,39.0
19,0.1,heterogeneous,4.0,SLOT-G-LBA,119,2.0,78.0,76.0
19,0.1,heterogeneous,4.0,SLOT-LFT-DEF,119,84.0,119.0,35.0
19,0.1,heterogeneous,4.0,SLOT-LFT-LBA,119,2.0,78.0,76.0
19,0.1,heterogeneous,4.0,SLOT-RAND-DEF,117,66.0,110.0,44.0
19,0.1,heterogeneous,4.0,SLOT-RAND-LBA,116,2.0,78.0,76.0
19,0.1,heterogeneous,16.0,POOL-LBA(=yours),122,1.0,78.0,79.0
19,0.1,heterogeneous,16.0,SLOT-G-DEF,122,79.0,118.0,39.0
19,0.1,heterogeneous,16.0,SLOT-G-LBA,122,9.0,83.0,74.0
19,0.1,heterogeneous,16.0,SLOT-LFT-DEF,122,87.0,122.0,35.0
19,0.1,heterogeneous,16.0,SLOT-LFT-LBA,122,1.0,78.0,79.0
19,0.1,heterogeneous,16.0,SLOT-RAND-DEF,119,65.0,111.0,46.0
19,0.1,heterogeneous,16.0,SLOT-RAND-LBA,118,9.0,74.0,83.0
19,0.1,heterogeneous,64.0,POOL-LBA(=yours),122,1.0,77.0,78.0
19,0.1,heterogeneous,64.0,SLOT-G-DEF,122,87.0,121.0,34.0
19,0.1,heterogeneous,64.0,SLOT-G-LBA,122,1.0,78.0,77.0
19,0.1,heterogeneous,64.0,SLOT-LFT-DEF,122,89.0,122.0,33.0
19,0.1,heterogeneous,64.0,SLOT-LFT-LBA,122,1.0,77.0,78.0
19,0.1,heterogeneous,64.0,SLOT-RAND-DEF,119,77.0,116.0,39.0
19,0.1,heterogeneous,64.0,SLOT-RAND-LBA,120,3.0,79.0,76.0
19,0.2,uniform,,POOL-LBA(=yours),133,3.0,83.0,86.0
19,0.2,uniform,,SLOT-G-DEF,133,97.0,133.0,36.0
19,0.2,uniform,,SLOT-G-LBA,133,3.0,86.0,83.0
19,0.2,uniform,,SLOT-LFT-DEF,133,97.0,133.0,36.0
19,0.2,uniform,,SLOT-LFT-LBA,133,3.0,86.0,83.0
19,0.2,uniform,,SLOT-RAND-DEF,129,85.0,127.0,42.0
19,0.2,uniform,,SLOT-RAND-LBA,130,1.0,84.0,85.0
19,0.2,heterogeneous,4.0,POOL-LBA(=yours),133,2.0,85.0,87.0
19,0.2,heterogeneous,4.0,SLOT-G-DEF,133,78.0,125.0,47.0
19,0.2,heterogeneous,4.0,SLOT-G-LBA,133,6.0,89.0,83.0
19,0.2,heterogeneous,4.0,SLOT-LFT-DEF,133,94.0,133.0,39.0
19,0.2,heterogeneous,4.0,SLOT-LFT-LBA,133,6.0,89.0,83.0
19,0.2,heterogeneous,4.0,SLOT-RAND-DEF,129,84.0,128.0,44.0
19,0.2,heterogeneous,4.0,SLOT-RAND-LBA,131,4.0,88.0,84.0
19,0.2,heterogeneous,16.0,POOL-LBA(=yours),134,4.0,87.0,83.0
19,0.2,heterogeneous,16.0,SLOT-G-DEF,134,88.0,129.0,41.0
19,0.2,heterogeneous,16.0,SLOT-G-LBA,134,2.0,84.0,86.0
19,0.2,heterogeneous,16.0,SLOT-LFT-DEF,134,98.0,134.0,36.0
19,0.2,heterogeneous,16.0,SLOT-LFT-LBA,134,4.0,83.0,87.0
19,0.2,heterogeneous,16.0,SLOT-RAND-DEF,133,70.0,120.0,50.0
19,0.2,heterogeneous,16.0,SLOT-RAND-LBA,134,2.0,84.0,86.0
19,0.2,heterogeneous,64.0,POOL-LBA(=yours),130,0.0,84.0,84.0
19,0.2,heterogeneous,64.0,SLOT-G-DEF,130,64.0,116.0,52.0
19,0.2,heterogeneous,64.0,SLOT-G-LBA,130,6.0,81.0,87.0
19,0.2,heterogeneous,64.0,SLOT-LFT-DEF,130,74.0,121.0,47.0
19,0.2,heterogeneous,64.0,SLOT-LFT-LBA,130,0.0,84.0,84.0
19,0.2,heterogeneous,64.0,SLOT-RAND-DEF,128,88.0,128.0,40.0
19,0.2,heterogeneous,64.0,SLOT-RAND-LBA,128,14.0,91.0,77.0
19,0.3,uniform,,POOL-LBA(=yours),140,2.0,88.0,90.0
19,0.3,uniform,,SLOT-G-DEF,140,102.0,140.0,38.0
19,0.3,uniform,,SLOT-G-LBA,140,2.0,90.0,88.0
19,0.3,uniform,,SLOT-LFT-DEF,140,102.0,140.0,38.0
19,0.3,uniform,,SLOT-LFT-LBA,140,2.0,90.0,88.0
19,0.3,uniform,,SLOT-RAND-DEF,138,86.0,132.0,46.0
19,0.3,uniform,,SLOT-RAND-LBA,138,2.0,90.0,88.0
19,0.3,heterogeneous,4.0,POOL-LBA(=yours),145,2.0,95.0,93.0
19,0.3,heterogeneous,4.0,SLOT-G-DEF,145,92.0,140.0,48.0
19,0.3,heterogeneous,4.0,SLOT-G-LBA,145,4.0,92.0,96.0
19,0.3,heterogeneous,4.0,SLOT-LFT-DEF,145,92.0,140.0,48.0
19,0.3,heterogeneous,4.0,SLOT-LFT-LBA,145,4.0,92.0,96.0
19,0.3,heterogeneous,4.0,SLOT-RAND-DEF,143,98.0,143.0,45.0
19,0.3,heterogeneous,4.0,SLOT-RAND-LBA,145,4.0,96.0,92.0
19,0.3,heterogeneous,16.0,POOL-LBA(=yours),142,3.0,91.0,88.0
19,0.3,heterogeneous,16.0,SLOT-G-DEF,142,105.0,142.0,37.0
19,0.3,heterogeneous,16.0,SLOT-G-LBA,142,3.0,91.0,88.0
19,0.3,heterogeneous,16.0,SLOT-LFT-DEF,142,105.0,142.0,37.0
19,0.3,heterogeneous,16.0,SLOT-LFT-LBA,142,3.0,91.0,88.0
19,0.3,heterogeneous,16.0,SLOT-RAND-DEF,139,89.0,134.0,45.0
19,0.3,heterogeneous,16.0,SLOT-RAND-LBA,138,5.0,87.0,92.0
19,0.3,heterogeneous,64.0,POOL-LBA(=yours),143,2.0,92.0,90.0
19,0.3,heterogeneous,64.0,SLOT-G-DEF,143,102.0,142.0,40.0
19,0.3,heterogeneous,64.0,SLOT-G-LBA,143,2.0,92.0,90.0
19,0.3,heterogeneous,64.0,SLOT-LFT-DEF,143,104.0,143.0,39.0
19,0.3,heterogeneous,64.0,SLOT-LFT-LBA,143,0.0,91.0,91.0
19,0.3,heterogeneous,64.0,SLOT-RAND-DEF,140,90.0,136.0,46.0
19,0.3,heterogeneous,64.0,SLOT-RAND-LBA,140,2.0,92.0,90.0
20,0.0,uniform,,POOL-LBA(=yours),101,3.0,68.0,71.0
20,0.0,uniform,,SLOT-G-DEF,101,55.0,97.0,42.0
20,0.0,uniform,,SLOT-G-LBA,101,3.0,71.0,68.0
20,0.0,uniform,,SLOT-LFT-DEF,100,61.0,100.0,39.0
20,0.0,uniform,,SLOT-LFT-LBA,100,3.0,68.0,71.0
20,0.0,uniform,,SLOT-RAND-DEF,100,53.0,96.0,43.0
20,0.0,uniform,,SLOT-RAND-LBA,99,3.0,68.0,71.0
20,0.0,heterogeneous,4.0,POOL-LBA(=yours),101,3.0,68.0,71.0
20,0.0,heterogeneous,4.0,SLOT-G-DEF,101,55.0,97.0,42.0
20,0.0,heterogeneous,4.0,SLOT-G-LBA,101,3.0,71.0,68.0
20,0.0,heterogeneous,4.0,SLOT-LFT-DEF,100,61.0,100.0,39.0
20,0.0,heterogeneous,4.0,SLOT-LFT-LBA,100,3.0,68.0,71.0
20,0.0,heterogeneous,4.0,SLOT-RAND-DEF,100,57.0,98.0,41.0
20,0.0,heterogeneous,4.0,SLOT-RAND-LBA,99,1.0,70.0,69.0
20,0.0,heterogeneous,16.0,POOL-LBA(=yours),101,3.0,68.0,71.0
20,0.0,heterogeneous,16.0,SLOT-G-DEF,101,55.0,97.0,42.0
20,0.0,heterogeneous,16.0,SLOT-G-LBA,101,3.0,71.0,68.0
20,0.0,heterogeneous,16.0,SLOT-LFT-DEF,100,61.0,100.0,39.0
20,0.0,heterogeneous,16.0,SLOT-LFT-LBA,100,3.0,68.0,71.0
20,0.0,heterogeneous,16.0,SLOT-RAND-DEF,99,59.0,99.0,40.0
20,0.0,heterogeneous,16.0,SLOT-RAND-LBA,99,1.0,69.0,70.0
20,0.0,heterogeneous,64.0,POOL-LBA(=yours),101,3.0,68.0,71.0
20,0.0,heterogeneous,64.0,SLOT-G-DEF,101,55.0,97.0,42.0
20,0.0,heterogeneous,64.0,SLOT-G-LBA,101,3.0,71.0,68.0
20,0.0,heterogeneous,64.0,SLOT-LFT-DEF,100,61.0,100.0,39.0
20,0.0,heterogeneous,64.0,SLOT-LFT-LBA,100,3.0,68.0,71.0
20,0.0,heterogeneous,64.0,SLOT-RAND-DEF,100,61.0,100.0,39.0
20,0.0,heterogeneous,64.0,SLOT-RAND-LBA,100,1.0,70.0,69.0
20,0.1,uniform,,POOL-LBA(=yours),115,3.0,78.0,81.0
20,0.1,uniform,,SLOT-G-DEF,115,63.0,111.0,48.0
20,0.1,uniform,,SLOT-G-LBA,115,3.0,81.0,78.0
20,0.1,uniform,,SLOT-LFT-DEF,114,69.0,114.0,45.0
20,0.1,uniform,,SLOT-LFT-LBA,114,3.0,78.0,81.0
20,0.1,uniform,,SLOT-RAND-DEF,113,55.0,107.0,52.0
20,0.1,uniform,,SLOT-RAND-LBA,114,1.0,80.0,79.0
20,0.1,heterogeneous,4.0,POOL-LBA(=yours),107,7.0,73.0,80.0
20,0.1,heterogeneous,4.0,SLOT-G-DEF,107,33.0,93.0,60.0
20,0.1,heterogeneous,4.0,SLOT-G-LBA,107,9.0,81.0,72.0
20,0.1,heterogeneous,4.0,SLOT-LFT-DEF,108,39.0,96.0,57.0
20,0.1,heterogeneous,4.0,SLOT-LFT-LBA,108,5.0,74.0,79.0
20,0.1,heterogeneous,4.0,SLOT-RAND-DEF,111,69.0,111.0,42.0
20,0.1,heterogeneous,4.0,SLOT-RAND-LBA,106,3.0,75.0,78.0
20,0.1,heterogeneous,16.0,POOL-LBA(=yours),112,6.0,80.0,74.0
20,0.1,heterogeneous,16.0,SLOT-G-DEF,112,48.0,101.0,53.0
20,0.1,heterogeneous,16.0,SLOT-G-LBA,112,10.0,72.0,82.0
20,0.1,heterogeneous,16.0,SLOT-LFT-DEF,111,54.0,104.0,50.0
20,0.1,heterogeneous,16.0,SLOT-LFT-LBA,111,14.0,84.0,70.0
20,0.1,heterogeneous,16.0,SLOT-RAND-DEF,110,48.0,101.0,53.0
20,0.1,heterogeneous,16.0,SLOT-RAND-LBA,110,4.0,79.0,75.0
20,0.1,heterogeneous,64.0,POOL-LBA(=yours),110,1.0,75.0,76.0
20,0.1,heterogeneous,64.0,SLOT-G-DEF,110,59.0,105.0,46.0
20,0.1,heterogeneous,64.0,SLOT-G-LBA,110,3.0,77.0,74.0
20,0.1,heterogeneous,64.0,SLOT-LFT-DEF,108,65.0,108.0,43.0
20,0.1,heterogeneous,64.0,SLOT-LFT-LBA,108,1.0,75.0,76.0
20,0.1,heterogeneous,64.0,SLOT-RAND-DEF,108,49.0,100.0,51.0
20,0.1,heterogeneous,64.0,SLOT-RAND-LBA,108,13.0,82.0,69.0
20,0.2,uniform,,POOL-LBA(=yours),120,5.0,80.0,85.0
20,0.2,uniform,,SLOT-G-DEF,120,65.0,115.0,50.0
20,0.2,uniform,,SLOT-G-LBA,120,3.0,84.0,81.0
20,0.2,uniform,,SLOT-LFT-DEF,119,73.0,119.0,46.0
20,0.2,uniform,,SLOT-LFT-LBA,119,5.0,80.0,85.0
20,0.2,uniform,,SLOT-RAND-DEF,122,79.0,122.0,43.0
20,0.2,uniform,,SLOT-RAND-LBA,118,1.0,83.0,82.0
20,0.2,heterogeneous,4.0,POOL-LBA(=yours),110,3.0,76.0,79.0
20,0.2,heterogeneous,4.0,SLOT-G-DEF,110,53.0,104.0,51.0
20,0.2,heterogeneous,4.0,SLOT-G-LBA,110,15.0,85.0,70.0
20,0.2,heterogeneous,4.0,SLOT-LFT-DEF,112,57.0,106.0,49.0
20,0.2,heterogeneous,4.0,SLOT-LFT-LBA,112,13.0,84.0,71.0
20,0.2,heterogeneous,4.0,SLOT-RAND-DEF,115,63.0,109.0,46.0
20,0.2,heterogeneous,4.0,SLOT-RAND-LBA,116,9.0,73.0,82.0
20,0.2,heterogeneous,16.0,POOL-LBA(=yours),123,4.0,84.0,88.0
20,0.2,heterogeneous,16.0,SLOT-G-DEF,123,48.0,110.0,62.0
20,0.2,heterogeneous,16.0,SLOT-G-LBA,123,2.0,85.0,87.0
20,0.2,heterogeneous,16.0,SLOT-LFT-DEF,123,60.0,116.0,56.0
20,0.2,heterogeneous,16.0,SLOT-LFT-LBA,123,6.0,83.0,89.0
20,0.2,heterogeneous,16.0,SLOT-RAND-DEF,122,58.0,115.0,57.0
20,0.2,heterogeneous,16.0,SLOT-RAND-LBA,128,2.0,85.0,87.0
20,0.2,heterogeneous,64.0,POOL-LBA(=yours),119,7.0,79.0,86.0
20,0.2,heterogeneous,64.0,SLOT-G-DEF,119,65.0,115.0,50.0
20,0.2,heterogeneous,64.0,SLOT-G-LBA,119,3.0,84.0,81.0
20,0.2,heterogeneous,64.0,SLOT-LFT-DEF,119,73.0,119.0,46.0
20,0.2,heterogeneous,64.0,SLOT-LFT-LBA,119,7.0,79.0,86.0
20,0.2,heterogeneous,64.0,SLOT-RAND-DEF,120,67.0,116.0,49.0
20,0.2,heterogeneous,64.0,SLOT-RAND-LBA,117,1.0,83.0,82.0
20,0.3,uniform,,POOL-LBA(=yours),129,3.0,87.0,90.0
20,0.3,uniform,,SLOT-G-DEF,129,69.0,123.0,54.0
20,0.3,uniform,,SLOT-G-LBA,129,5.0,91.0,86.0
20,0.3,uniform,,SLOT-LFT-DEF,127,77.0,127.0,50.0
20,0.3,uniform,,SLOT-LFT-LBA,127,3.0,87.0,90.0
20,0.3,uniform,,SLOT-RAND-DEF,127,73.0,125.0,52.0
20,0.3,uniform,,SLOT-RAND-LBA,128,7.0,92.0,85.0
20,0.3,heterogeneous,4.0,POOL-LBA(=yours),134,6.0,94.0,88.0
20,0.3,heterogeneous,4.0,SLOT-G-DEF,134,58.0,120.0,62.0
20,0.3,heterogeneous,4.0,SLOT-G-LBA,134,20.0,101.0,81.0
20,0.3,heterogeneous,4.0,SLOT-LFT-DEF,133,66.0,124.0,58.0
20,0.3,heterogeneous,4.0,SLOT-LFT-LBA,133,14.0,84.0,98.0
20,0.3,heterogeneous,4.0,SLOT-RAND-DEF,134,86.0,134.0,48.0
20,0.3,heterogeneous,4.0,SLOT-RAND-LBA,134,12.0,85.0,97.0
20,0.3,heterogeneous,16.0,POOL-LBA(=yours),126,5.0,89.0,84.0
20,0.3,heterogeneous,16.0,SLOT-G-DEF,126,55.0,114.0,59.0
20,0.3,heterogeneous,16.0,SLOT-G-LBA,126,5.0,84.0,89.0
20,0.3,heterogeneous,16.0,SLOT-LFT-DEF,125,61.0,117.0,56.0
20,0.3,heterogeneous,16.0,SLOT-LFT-LBA,125,7.0,90.0,83.0
20,0.3,heterogeneous,16.0,SLOT-RAND-DEF,131,73.0,123.0,50.0
20,0.3,heterogeneous,16.0,SLOT-RAND-LBA,125,3.0,88.0,85.0
20,0.3,heterogeneous,64.0,POOL-LBA(=yours),129,4.0,87.0,91.0
20,0.3,heterogeneous,64.0,SLOT-G-DEF,129,72.0,125.0,53.0
20,0.3,heterogeneous,64.0,SLOT-G-LBA,129,2.0,90.0,88.0
20,0.3,heterogeneous,64.0,SLOT-LFT-DEF,129,80.0,129.0,49.0
20,0.3,heterogeneous,64.0,SLOT-LFT-LBA,129,4.0,87.0,91.0
20,0.3,heterogeneous,64.0,SLOT-RAND-DEF,128,78.0,128.0,50.0
20,0.3,heterogeneous,64.0,SLOT-RAND-LBA,129,6.0,86.0,92.0
21,0.0,uniform,,POOL-LBA(=yours),101,6.0,74.0,68.0
21,0.0,uniform,,SLOT-G-DEF,101,58.0,100.0,42.0
21,0.0,uniform,,SLOT-G-LBA,101,6.0,74.0,68.0
21,0.0,uniform,,SLOT-LFT-DEF,101,58.0,100.0,42.0
21,0.0,uniform,,SLOT-LFT-LBA,101,8.0,75.0,67.0
21,0.0,uniform,,SLOT-RAND-DEF,102,62.0,102.0,40.0
21,0.0,uniform,,SLOT-RAND-LBA,104,6.0,74.0,68.0
21,0.0,heterogeneous,4.0,POOL-LBA(=yours),101,6.0,74.0,68.0
21,0.0,heterogeneous,4.0,SLOT-G-DEF,101,58.0,100.0,42.0
21,0.0,heterogeneous,4.0,SLOT-G-LBA,101,6.0,74.0,68.0
21,0.0,heterogeneous,4.0,SLOT-LFT-DEF,101,58.0,100.0,42.0
21,0.0,heterogeneous,4.0,SLOT-LFT-LBA,101,8.0,75.0,67.0
21,0.0,heterogeneous,4.0,SLOT-RAND-DEF,106,54.0,98.0,44.0
21,0.0,heterogeneous,4.0,SLOT-RAND-LBA,102,2.0,72.0,70.0
21,0.0,heterogeneous,16.0,POOL-LBA(=yours),101,6.0,74.0,68.0
21,0.0,heterogeneous,16.0,SLOT-G-DEF,101,58.0,100.0,42.0
21,0.0,heterogeneous,16.0,SLOT-G-LBA,101,6.0,74.0,68.0
21,0.0,heterogeneous,16.0,SLOT-LFT-DEF,101,58.0,100.0,42.0
21,0.0,heterogeneous,16.0,SLOT-LFT-LBA,101,8.0,75.0,67.0
21,0.0,heterogeneous,16.0,SLOT-RAND-DEF,104,58.0,100.0,42.0
21,0.0,heterogeneous,16.0,SLOT-RAND-LBA,106,6.0,68.0,74.0
21,0.0,heterogeneous,64.0,POOL-LBA(=yours),101,6.0,74.0,68.0
21,0.0,heterogeneous,64.0,SLOT-G-DEF,101,58.0,100.0,42.0
21,0.0,heterogeneous,64.0,SLOT-G-LBA,101,6.0,74.0,68.0
21,0.0,heterogeneous,64.0,SLOT-LFT-DEF,101,58.0,100.0,42.0
21,0.0,heterogeneous,64.0,SLOT-LFT-LBA,101,8.0,75.0,67.0
21,0.0,heterogeneous,64.0,SLOT-RAND-DEF,108,50.0,96.0,46.0
21,0.0,heterogeneous,64.0,SLOT-RAND-LBA,106,4.0,69.0,73.0
21,0.1,uniform,,POOL-LBA(=yours),115,8.0,85.0,77.0
21,0.1,uniform,,SLOT-G-DEF,115,66.0,114.0,48.0
21,0.1,uniform,,SLOT-G-LBA,115,8.0,85.0,77.0
21,0.1,uniform,,SLOT-LFT-DEF,115,66.0,114.0,48.0
21,0.1,uniform,,SLOT-LFT-LBA,115,8.0,77.0,85.0
21,0.1,uniform,,SLOT-RAND-DEF,123,74.0,118.0,44.0
21,0.1,uniform,,SLOT-RAND-LBA,118,2.0,80.0,82.0
21,0.1,heterogeneous,4.0,POOL-LBA(=yours),105,8.0,79.0,71.0
21,0.1,heterogeneous,4.0,SLOT-G-DEF,105,46.0,98.0,52.0
21,0.1,heterogeneous,4.0,SLOT-G-LBA,105,10.0,80.0,70.0
21,0.1,heterogeneous,4.0,SLOT-LFT-DEF,105,60.0,105.0,45.0
21,0.1,heterogeneous,4.0,SLOT-LFT-LBA,105,2.0,76.0,74.0
21,0.1,heterogeneous,4.0,SLOT-RAND-DEF,105,58.0,104.0,46.0
21,0.1,heterogeneous,4.0,SLOT-RAND-LBA,107,8.0,79.0,71.0
21,0.1,heterogeneous,16.0,POOL-LBA(=yours),112,8.0,82.0,74.0
21,0.1,heterogeneous,16.0,SLOT-G-DEF,112,66.0,111.0,45.0
21,0.1,heterogeneous,16.0,SLOT-G-LBA,112,8.0,82.0,74.0
21,0.1,heterogeneous,16.0,SLOT-LFT-DEF,112,66.0,111.0,45.0
21,0.1,heterogeneous,16.0,SLOT-LFT-LBA,112,4.0,80.0,76.0
21,0.1,heterogeneous,16.0,SLOT-RAND-DEF,113,70.0,113.0,43.0
21,0.1,heterogeneous,16.0,SLOT-RAND-LBA,115,4.0,80.0,76.0
21,0.1,heterogeneous,64.0,POOL-LBA(=yours),113,7.0,76.0,83.0
21,0.1,heterogeneous,64.0,SLOT-G-DEF,113,63.0,111.0,48.0
21,0.1,heterogeneous,64.0,SLOT-G-LBA,113,7.0,76.0,83.0
21,0.1,heterogeneous,64.0,SLOT-LFT-DEF,113,65.0,112.0,47.0
21,0.1,heterogeneous,64.0,SLOT-LFT-LBA,113,9.0,84.0,75.0
21,0.1,heterogeneous,64.0,SLOT-RAND-DEF,119,79.0,119.0,40.0
21,0.1,heterogeneous,64.0,SLOT-RAND-LBA,118,9.0,84.0,75.0
21,0.2,uniform,,POOL-LBA(=yours),121,7.0,89.0,82.0
21,0.2,uniform,,SLOT-G-DEF,121,67.0,119.0,52.0
21,0.2,uniform,,SLOT-G-LBA,121,7.0,89.0,82.0
21,0.2,uniform,,SLOT-LFT-DEF,121,71.0,121.0,50.0
21,0.2,uniform,,SLOT-LFT-LBA,121,7.0,89.0,82.0
21,0.2,uniform,,SLOT-RAND-DEF,128,67.0,119.0,52.0
21,0.2,uniform,,SLOT-RAND-LBA,123,7.0,82.0,89.0
21,0.2,heterogeneous,4.0,POOL-LBA(=yours),127,3.0,89.0,86.0
21,0.2,heterogeneous,4.0,SLOT-G-DEF,127,75.0,125.0,50.0
21,0.2,heterogeneous,4.0,SLOT-G-LBA,127,3.0,89.0,86.0
21,0.2,heterogeneous,4.0,SLOT-LFT-DEF,127,69.0,122.0,53.0
21,0.2,heterogeneous,4.0,SLOT-LFT-LBA,127,5.0,90.0,85.0
21,0.2,heterogeneous,4.0,SLOT-RAND-DEF,128,77.0,126.0,49.0
21,0.2,heterogeneous,4.0,SLOT-RAND-LBA,131,7.0,91.0,84.0
21,0.2,heterogeneous,16.0,POOL-LBA(=yours),121,7.0,82.0,89.0
21,0.2,heterogeneous,16.0,SLOT-G-DEF,121,57.0,114.0,57.0
21,0.2,heterogeneous,16.0,SLOT-G-LBA,121,7.0,82.0,89.0
21,0.2,heterogeneous,16.0,SLOT-LFT-DEF,120,67.0,119.0,52.0
21,0.2,heterogeneous,16.0,SLOT-LFT-LBA,120,1.0,85.0,86.0
21,0.2,heterogeneous,16.0,SLOT-RAND-DEF,123,51.0,111.0,60.0
21,0.2,heterogeneous,16.0,SLOT-RAND-LBA,119,7.0,89.0,82.0
21,0.2,heterogeneous,64.0,POOL-LBA(=yours),122,9.0,90.0,81.0
21,0.2,heterogeneous,64.0,SLOT-G-DEF,122,71.0,121.0,50.0
21,0.2,heterogeneous,64.0,SLOT-G-LBA,122,9.0,90.0,81.0
21,0.2,heterogeneous,64.0,SLOT-LFT-DEF,122,69.0,120.0,51.0
21,0.2,heterogeneous,64.0,SLOT-LFT-LBA,122,9.0,90.0,81.0
21,0.2,heterogeneous,64.0,SLOT-RAND-DEF,125,77.0,124.0,47.0
21,0.2,heterogeneous,64.0,SLOT-RAND-LBA,122,9.0,90.0,81.0
21,0.3,uniform,,POOL-LBA(=yours),128,7.0,93.0,86.0
21,0.3,uniform,,SLOT-G-DEF,128,75.0,127.0,52.0
21,0.3,uniform,,SLOT-G-LBA,128,7.0,93.0,86.0
21,0.3,uniform,,SLOT-LFT-DEF,128,73.0,126.0,53.0
21,0.3,uniform,,SLOT-LFT-LBA,128,9.0,85.0,94.0
21,0.3,uniform,,SLOT-RAND-DEF,136,67.0,123.0,56.0
21,0.3,uniform,,SLOT-RAND-LBA,129,9.0,85.0,94.0
21,0.3,heterogeneous,4.0,POOL-LBA(=yours),142,1.0,97.0,98.0
21,0.3,heterogeneous,4.0,SLOT-G-DEF,142,79.0,137.0,58.0
21,0.3,heterogeneous,4.0,SLOT-G-LBA,142,3.0,99.0,96.0
21,0.3,heterogeneous,4.0,SLOT-LFT-DEF,142,89.0,142.0,53.0
21,0.3,heterogeneous,4.0,SLOT-LFT-LBA,142,5.0,95.0,100.0
21,0.3,heterogeneous,4.0,SLOT-RAND-DEF,143,79.0,137.0,58.0
21,0.3,heterogeneous,4.0,SLOT-RAND-LBA,146,7.0,94.0,101.0
21,0.3,heterogeneous,16.0,POOL-LBA(=yours),136,6.0,99.0,93.0
21,0.3,heterogeneous,16.0,SLOT-G-DEF,136,74.0,133.0,59.0
21,0.3,heterogeneous,16.0,SLOT-G-LBA,136,8.0,100.0,92.0
21,0.3,heterogeneous,16.0,SLOT-LFT-DEF,137,76.0,134.0,58.0
21,0.3,heterogeneous,16.0,SLOT-LFT-LBA,137,8.0,92.0,100.0
21,0.3,heterogeneous,16.0,SLOT-RAND-DEF,146,100.0,146.0,46.0
21,0.3,heterogeneous,16.0,SLOT-RAND-LBA,142,8.0,100.0,92.0
21,0.3,heterogeneous,64.0,POOL-LBA(=yours),132,7.0,90.0,97.0
21,0.3,heterogeneous,64.0,SLOT-G-DEF,132,75.0,131.0,56.0
21,0.3,heterogeneous,64.0,SLOT-G-LBA,132,7.0,90.0,97.0
21,0.3,heterogeneous,64.0,SLOT-LFT-DEF,132,73.0,130.0,57.0
21,0.3,heterogeneous,64.0,SLOT-LFT-LBA,132,11.0,99.0,88.0
21,0.3,heterogeneous,64.0,SLOT-RAND-DEF,132,73.0,130.0,57.0
21,0.3,heterogeneous,64.0,SLOT-RAND-LBA,135,7.0,97.0,90.0
22,0.0,uniform,,POOL-LBA(=yours),105,4.0,69.0,73.0
22,0.0,uniform,,SLOT-G-DEF,105,50.0,96.0,46.0
22,0.0,uniform,,SLOT-G-LBA,105,14.0,78.0,64.0
22,0.0,uniform,,SLOT-LFT-DEF,105,54.0,98.0,44.0
22,0.0,uniform,,SLOT-LFT-LBA,105,12.0,77.0,65.0
22,0.0,uniform,,SLOT-RAND-DEF,113,60.0,101.0,41.0
22,0.0,uniform,,SLOT-RAND-LBA,103,12.0,65.0,77.0
22,0.0,heterogeneous,4.0,POOL-LBA(=yours),105,4.0,69.0,73.0
22,0.0,heterogeneous,4.0,SLOT-G-DEF,105,50.0,96.0,46.0
22,0.0,heterogeneous,4.0,SLOT-G-LBA,105,14.0,78.0,64.0
22,0.0,heterogeneous,4.0,SLOT-LFT-DEF,105,54.0,98.0,44.0
22,0.0,heterogeneous,4.0,SLOT-LFT-LBA,105,12.0,77.0,65.0
22,0.0,heterogeneous,4.0,SLOT-RAND-DEF,105,50.0,96.0,46.0
22,0.0,heterogeneous,4.0,SLOT-RAND-LBA,106,6.0,74.0,68.0
22,0.0,heterogeneous,16.0,POOL-LBA(=yours),105,4.0,69.0,73.0
22,0.0,heterogeneous,16.0,SLOT-G-DEF,105,50.0,96.0,46.0
22,0.0,heterogeneous,16.0,SLOT-G-LBA,105,14.0,78.0,64.0
22,0.0,heterogeneous,16.0,SLOT-LFT-DEF,105,54.0,98.0,44.0
22,0.0,heterogeneous,16.0,SLOT-LFT-LBA,105,12.0,77.0,65.0
22,0.0,heterogeneous,16.0,SLOT-RAND-DEF,108,64.0,103.0,39.0
22,0.0,heterogeneous,16.0,SLOT-RAND-LBA,103,12.0,65.0,77.0
22,0.0,heterogeneous,64.0,POOL-LBA(=yours),105,4.0,69.0,73.0
22,0.0,heterogeneous,64.0,SLOT-G-DEF,105,50.0,96.0,46.0
22,0.0,heterogeneous,64.0,SLOT-G-LBA,105,14.0,78.0,64.0
22,0.0,heterogeneous,64.0,SLOT-LFT-DEF,105,54.0,98.0,44.0
22,0.0,heterogeneous,64.0,SLOT-LFT-LBA,105,12.0,77.0,65.0
22,0.0,heterogeneous,64.0,SLOT-RAND-DEF,110,50.0,96.0,46.0
22,0.0,heterogeneous,64.0,SLOT-RAND-LBA,112,4.0,73.0,69.0
22,0.1,uniform,,POOL-LBA(=yours),119,4.0,79.0,83.0
22,0.1,uniform,,SLOT-G-DEF,119,56.0,109.0,53.0
22,0.1,uniform,,SLOT-G-LBA,119,16.0,89.0,73.0
22,0.1,uniform,,SLOT-LFT-DEF,119,60.0,111.0,51.0
22,0.1,uniform,,SLOT-LFT-LBA,119,14.0,88.0,74.0
22,0.1,uniform,,SLOT-RAND-DEF,124,86.0,124.0,38.0
22,0.1,uniform,,SLOT-RAND-LBA,131,10.0,86.0,76.0
22,0.1,heterogeneous,4.0,POOL-LBA(=yours),113,6.0,81.0,75.0
22,0.1,heterogeneous,4.0,SLOT-G-DEF,113,44.0,100.0,56.0
22,0.1,heterogeneous,4.0,SLOT-G-LBA,113,14.0,71.0,85.0
22,0.1,heterogeneous,4.0,SLOT-LFT-DEF,113,56.0,106.0,50.0
22,0.1,heterogeneous,4.0,SLOT-LFT-LBA,113,14.0,85.0,71.0
22,0.1,heterogeneous,4.0,SLOT-RAND-DEF,125,80.0,118.0,38.0
22,0.1,heterogeneous,4.0,SLOT-RAND-LBA,117,8.0,74.0,82.0
22,0.1,heterogeneous,16.0,POOL-LBA(=yours),116,8.0,82.0,74.0
22,0.1,heterogeneous,16.0,SLOT-G-DEF,116,56.0,106.0,50.0
22,0.1,heterogeneous,16.0,SLOT-G-LBA,116,12.0,72.0,84.0
22,0.1,heterogeneous,16.0,SLOT-LFT-DEF,116,62.0,109.0,47.0
22,0.1,heterogeneous,16.0,SLOT-LFT-LBA,116,14.0,85.0,71.0
22,0.1,heterogeneous,16.0,SLOT-RAND-DEF,126,94.0,125.0,31.0
22,0.1,heterogeneous,16.0,SLOT-RAND-LBA,115,2.0,79.0,77.0
22,0.1,heterogeneous,64.0,POOL-LBA(=yours),116,6.0,82.0,76.0
22,0.1,heterogeneous,64.0,SLOT-G-DEF,116,44.0,101.0,57.0
22,0.1,heterogeneous,64.0,SLOT-G-LBA,116,14.0,72.0,86.0
22,0.1,heterogeneous,64.0,SLOT-LFT-DEF,116,58.0,108.0,50.0
22,0.1,heterogeneous,64.0,SLOT-LFT-LBA,116,12.0,85.0,73.0
22,0.1,heterogeneous,64.0,SLOT-RAND-DEF,120,58.0,108.0,50.0
22,0.1,heterogeneous,64.0,SLOT-RAND-LBA,115,14.0,86.0,72.0
22,0.2,uniform,,POOL-LBA(=yours),126,6.0,82.0,88.0
22,0.2,uniform,,SLOT-G-DEF,126,60.0,115.0,55.0
22,0.2,uniform,,SLOT-G-LBA,126,16.0,93.0,77.0
22,0.2,uniform,,SLOT-LFT-DEF,126,64.0,117.0,53.0
22,0.2,uniform,,SLOT-LFT-LBA,126,14.0,92.0,78.0
22,0.2,uniform,,SLOT-RAND-DEF,136,90.0,130.0,40.0
22,0.2,uniform,,SLOT-RAND-LBA,131,12.0,91.0,79.0
22,0.2,heterogeneous,4.0,POOL-LBA(=yours),135,9.0,94.0,85.0
22,0.2,heterogeneous,4.0,SLOT-G-DEF,135,67.0,123.0,56.0
22,0.2,heterogeneous,4.0,SLOT-G-LBA,135,13.0,83.0,96.0
22,0.2,heterogeneous,4.0,SLOT-LFT-DEF,135,67.0,123.0,56.0
22,0.2,heterogeneous,4.0,SLOT-LFT-LBA,135,17.0,81.0,98.0
22,0.2,heterogeneous,4.0,SLOT-RAND-DEF,133,85.0,132.0,47.0
22,0.2,heterogeneous,4.0,SLOT-RAND-LBA,135,3.0,91.0,88.0
22,0.2,heterogeneous,16.0,POOL-LBA(=yours),127,8.0,82.0,90.0
22,0.2,heterogeneous,16.0,SLOT-G-DEF,127,62.0,117.0,55.0
22,0.2,heterogeneous,16.0,SLOT-G-LBA,127,12.0,92.0,80.0
22,0.2,heterogeneous,16.0,SLOT-LFT-DEF,126,66.0,119.0,53.0
22,0.2,heterogeneous,16.0,SLOT-LFT-LBA,126,14.0,93.0,79.0
22,0.2,heterogeneous,16.0,SLOT-RAND-DEF,138,100.0,136.0,36.0
22,0.2,heterogeneous,16.0,SLOT-RAND-LBA,130,12.0,80.0,92.0
22,0.2,heterogeneous,64.0,POOL-LBA(=yours),126,8.0,82.0,90.0
22,0.2,heterogeneous,64.0,SLOT-G-DEF,126,60.0,116.0,56.0
22,0.2,heterogeneous,64.0,SLOT-G-LBA,126,14.0,93.0,79.0
22,0.2,heterogeneous,64.0,SLOT-LFT-DEF,126,60.0,116.0,56.0
22,0.2,heterogeneous,64.0,SLOT-LFT-LBA,126,18.0,95.0,77.0
22,0.2,heterogeneous,64.0,SLOT-RAND-DEF,132,62.0,117.0,55.0
22,0.2,heterogeneous,64.0,SLOT-RAND-LBA,125,4.0,88.0,84.0
22,0.3,uniform,,POOL-LBA(=yours),135,8.0,87.0,95.0
22,0.3,uniform,,SLOT-G-DEF,135,66.0,124.0,58.0
22,0.3,uniform,,SLOT-G-LBA,135,18.0,100.0,82.0
22,0.3,uniform,,SLOT-LFT-DEF,135,66.0,124.0,58.0
22,0.3,uniform,,SLOT-LFT-LBA,135,20.0,81.0,101.0
22,0.3,uniform,,SLOT-RAND-DEF,133,84.0,133.0,49.0
22,0.3,uniform,,SLOT-RAND-LBA,138,6.0,88.0,94.0
22,0.3,heterogeneous,4.0,POOL-LBA(=yours),133,5.0,95.0,90.0
22,0.3,heterogeneous,4.0,SLOT-G-DEF,133,73.0,129.0,56.0
22,0.3,heterogeneous,4.0,SLOT-G-LBA,133,9.0,97.0,88.0
22,0.3,heterogeneous,4.0,SLOT-LFT-DEF,133,73.0,129.0,56.0
22,0.3,heterogeneous,4.0,SLOT-LFT-LBA,133,13.0,99.0,86.0
22,0.3,heterogeneous,4.0,SLOT-RAND-DEF,142,79.0,132.0,53.0
22,0.3,heterogeneous,4.0,SLOT-RAND-LBA,133,1.0,93.0,92.0
22,0.3,heterogeneous,16.0,POOL-LBA(=yours),136,7.0,89.0,96.0
22,0.3,heterogeneous,16.0,SLOT-G-DEF,136,65.0,125.0,60.0
22,0.3,heterogeneous,16.0,SLOT-G-LBA,136,13.0,99.0,86.0
22,0.3,heterogeneous,16.0,SLOT-LFT-DEF,135,69.0,127.0,58.0
22,0.3,heterogeneous,16.0,SLOT-LFT-LBA,135,11.0,98.0,87.0
22,0.3,heterogeneous,16.0,SLOT-RAND-DEF,140,83.0,134.0,51.0
22,0.3,heterogeneous,16.0,SLOT-RAND-LBA,142,5.0,95.0,90.0
22,0.3,heterogeneous,64.0,POOL-LBA(=yours),136,4.0,94.0,90.0
22,0.3,heterogeneous,64.0,SLOT-G-DEF,136,50.0,117.0,67.0
22,0.3,heterogeneous,64.0,SLOT-G-LBA,136,20.0,102.0,82.0
22,0.3,heterogeneous,64.0,SLOT-LFT-DEF,135,70.0,127.0,57.0
22,0.3,heterogeneous,64.0,SLOT-LFT-LBA,135,18.0,101.0,83.0
22,0.3,heterogeneous,64.0,SLOT-RAND-DEF,146,80.0,132.0,52.0
22,0.3,heterogeneous,64.0,SLOT-RAND-LBA,140,2.0,93.0,91.0
23,0.0,uniform,,POOL-LBA(=yours),113,5.0,69.0,74.0
23,0.0,uniform,,SLOT-G-DEF,113,83.0,113.0,30.0
23,0.0,uniform,,SLOT-G-LBA,113,5.0,74.0,69.0
23,0.0,uniform,,SLOT-LFT-DEF,105,67.0,105.0,38.0
23,0.0,uniform,,SLOT-LFT-LBA,105,5.0,69.0,74.0
23,0.0,uniform,,SLOT-RAND-DEF,109,73.0,108.0,35.0
23,0.0,uniform,,SLOT-RAND-LBA,106,1.0,71.0,72.0
23,0.0,heterogeneous,4.0,POOL-LBA(=yours),113,5.0,69.0,74.0
23,0.0,heterogeneous,4.0,SLOT-G-DEF,113,83.0,113.0,30.0
23,0.0,heterogeneous,4.0,SLOT-G-LBA,113,5.0,74.0,69.0
23,0.0,heterogeneous,4.0,SLOT-LFT-DEF,105,67.0,105.0,38.0
23,0.0,heterogeneous,4.0,SLOT-LFT-LBA,105,5.0,69.0,74.0
23,0.0,heterogeneous,4.0,SLOT-RAND-DEF,110,77.0,110.0,33.0
23,0.0,heterogeneous,4.0,SLOT-RAND-LBA,103,3.0,70.0,73.0
23,0.0,heterogeneous,16.0,POOL-LBA(=yours),113,5.0,69.0,74.0
23,0.0,heterogeneous,16.0,SLOT-G-DEF,113,83.0,113.0,30.0
23,0.0,heterogeneous,16.0,SLOT-G-LBA,113,5.0,74.0,69.0
23,0.0,heterogeneous,16.0,SLOT-LFT-DEF,105,67.0,105.0,38.0
23,0.0,heterogeneous,16.0,SLOT-LFT-LBA,105,5.0,69.0,74.0
23,0.0,heterogeneous,16.0,SLOT-RAND-DEF,112,81.0,112.0,31.0
23,0.0,heterogeneous,16.0,SLOT-RAND-LBA,111,3.0,73.0,70.0
23,0.0,heterogeneous,64.0,POOL-LBA(=yours),113,5.0,69.0,74.0
23,0.0,heterogeneous,64.0,SLOT-G-DEF,113,83.0,113.0,30.0
23,0.0,heterogeneous,64.0,SLOT-G-LBA,113,5.0,74.0,69.0
23,0.0,heterogeneous,64.0,SLOT-LFT-DEF,105,67.0,105.0,38.0
23,0.0,heterogeneous,64.0,SLOT-LFT-LBA,105,5.0,69.0,74.0
23,0.0,heterogeneous,64.0,SLOT-RAND-DEF,111,79.0,111.0,32.0
23,0.0,heterogeneous,64.0,SLOT-RAND-LBA,111,3.0,70.0,73.0
23,0.1,uniform,,POOL-LBA(=yours),128,7.0,85.0,78.0
23,0.1,uniform,,SLOT-G-DEF,128,93.0,128.0,35.0
23,0.1,uniform,,SLOT-G-LBA,128,5.0,79.0,84.0
23,0.1,uniform,,SLOT-LFT-DEF,119,75.0,119.0,44.0
23,0.1,uniform,,SLOT-LFT-LBA,119,5.0,79.0,84.0
23,0.1,uniform,,SLOT-RAND-DEF,117,67.0,115.0,48.0
23,0.1,uniform,,SLOT-RAND-LBA,126,1.0,82.0,81.0
23,0.1,heterogeneous,4.0,POOL-LBA(=yours),122,6.0,80.0,74.0
23,0.1,heterogeneous,4.0,SLOT-G-DEF,122,90.0,122.0,32.0
23,0.1,heterogeneous,4.0,SLOT-G-LBA,122,6.0,80.0,74.0
23,0.1,heterogeneous,4.0,SLOT-LFT-DEF,111,68.0,111.0,43.0
23,0.1,heterogeneous,4.0,SLOT-LFT-LBA,111,6.0,74.0,80.0
23,0.1,heterogeneous,4.0,SLOT-RAND-DEF,116,78.0,116.0,38.0
23,0.1,heterogeneous,4.0,SLOT-RAND-LBA,121,10.0,72.0,82.0
23,0.1,heterogeneous,16.0,POOL-LBA(=yours),123,3.0,76.0,79.0
23,0.1,heterogeneous,16.0,SLOT-G-DEF,123,91.0,123.0,32.0
23,0.1,heterogeneous,16.0,SLOT-G-LBA,123,5.0,80.0,75.0
23,0.1,heterogeneous,16.0,SLOT-LFT-DEF,113,71.0,113.0,42.0
23,0.1,heterogeneous,16.0,SLOT-LFT-LBA,113,5.0,75.0,80.0
23,0.1,heterogeneous,16.0,SLOT-RAND-DEF,123,85.0,120.0,35.0
23,0.1,heterogeneous,16.0,SLOT-RAND-LBA,114,5.0,80.0,75.0
23,0.1,heterogeneous,64.0,POOL-LBA(=yours),124,6.0,75.0,81.0
23,0.1,heterogeneous,64.0,SLOT-G-DEF,124,92.0,124.0,32.0
23,0.1,heterogeneous,64.0,SLOT-G-LBA,124,6.0,75.0,81.0
23,0.1,heterogeneous,64.0,SLOT-LFT-DEF,115,74.0,115.0,41.0
23,0.1,heterogeneous,64.0,SLOT-LFT-LBA,115,6.0,75.0,81.0
23,0.1,heterogeneous,64.0,SLOT-RAND-DEF,116,68.0,112.0,44.0
23,0.1,heterogeneous,64.0,SLOT-RAND-LBA,120,12.0,84.0,72.0
23,0.2,uniform,,POOL-LBA(=yours),134,5.0,82.0,87.0
23,0.2,uniform,,SLOT-G-DEF,134,99.0,134.0,35.0
23,0.2,uniform,,SLOT-G-LBA,134,7.0,88.0,81.0
23,0.2,uniform,,SLOT-LFT-DEF,124,79.0,124.0,45.0
23,0.2,uniform,,SLOT-LFT-LBA,124,7.0,88.0,81.0
23,0.2,uniform,,SLOT-RAND-DEF,126,83.0,126.0,43.0
23,0.2,uniform,,SLOT-RAND-LBA,126,3.0,86.0,83.0
23,0.2,heterogeneous,4.0,POOL-LBA(=yours),134,7.0,90.0,83.0
23,0.2,heterogeneous,4.0,SLOT-G-DEF,134,77.0,125.0,48.0
23,0.2,heterogeneous,4.0,SLOT-G-LBA,134,7.0,83.0,90.0
23,0.2,heterogeneous,4.0,SLOT-LFT-DEF,122,57.0,115.0,58.0
23,0.2,heterogeneous,4.0,SLOT-LFT-LBA,122,17.0,78.0,95.0
23,0.2,heterogeneous,4.0,SLOT-RAND-DEF,126,69.0,121.0,52.0
23,0.2,heterogeneous,4.0,SLOT-RAND-LBA,126,15.0,79.0,94.0
23,0.2,heterogeneous,16.0,POOL-LBA(=yours),141,7.0,85.0,92.0
23,0.2,heterogeneous,16.0,SLOT-G-DEF,141,105.0,141.0,36.0
23,0.2,heterogeneous,16.0,SLOT-G-LBA,141,7.0,85.0,92.0
23,0.2,heterogeneous,16.0,SLOT-LFT-DEF,131,77.0,127.0,50.0
23,0.2,heterogeneous,16.0,SLOT-LFT-LBA,131,1.0,88.0,89.0
23,0.2,heterogeneous,16.0,SLOT-RAND-DEF,133,83.0,130.0,47.0
23,0.2,heterogeneous,16.0,SLOT-RAND-LBA,137,3.0,90.0,87.0
23,0.2,heterogeneous,64.0,POOL-LBA(=yours),137,4.0,84.0,88.0
23,0.2,heterogeneous,64.0,SLOT-G-DEF,137,102.0,137.0,35.0
23,0.2,heterogeneous,64.0,SLOT-G-LBA,137,6.0,89.0,83.0
23,0.2,heterogeneous,64.0,SLOT-LFT-DEF,127,82.0,127.0,45.0
23,0.2,heterogeneous,64.0,SLOT-LFT-LBA,127,6.0,83.0,89.0
23,0.2,heterogeneous,64.0,SLOT-RAND-DEF,132,92.0,132.0,40.0
23,0.2,heterogeneous,64.0,SLOT-RAND-LBA,134,2.0,85.0,87.0
23,0.3,uniform,,POOL-LBA(=yours),146,5.0,90.0,95.0
23,0.3,uniform,,SLOT-G-DEF,146,107.0,146.0,39.0
23,0.3,uniform,,SLOT-G-LBA,146,7.0,96.0,89.0
23,0.3,uniform,,SLOT-LFT-DEF,135,75.0,130.0,55.0
23,0.3,uniform,,SLOT-LFT-LBA,135,7.0,96.0,89.0
23,0.3,uniform,,SLOT-RAND-DEF,145,99.0,142.0,43.0
23,0.3,uniform,,SLOT-RAND-LBA,142,5.0,90.0,95.0
23,0.3,heterogeneous,4.0,POOL-LBA(=yours),148,3.0,91.0,94.0
23,0.3,heterogeneous,4.0,SLOT-G-DEF,148,99.0,142.0,43.0
23,0.3,heterogeneous,4.0,SLOT-G-LBA,148,17.0,101.0,84.0
23,0.3,heterogeneous,4.0,SLOT-LFT-DEF,137,67.0,126.0,59.0
23,0.3,heterogeneous,4.0,SLOT-LFT-LBA,137,7.0,96.0,89.0
23,0.3,heterogeneous,4.0,SLOT-RAND-DEF,146,75.0,130.0,55.0
23,0.3,heterogeneous,4.0,SLOT-RAND-LBA,137,19.0,83.0,102.0
23,0.3,heterogeneous,16.0,POOL-LBA(=yours),142,7.0,94.0,87.0
23,0.3,heterogeneous,16.0,SLOT-G-DEF,142,91.0,136.0,45.0
23,0.3,heterogeneous,16.0,SLOT-G-LBA,142,9.0,95.0,86.0
23,0.3,heterogeneous,16.0,SLOT-LFT-DEF,131,59.0,120.0,61.0
23,0.3,heterogeneous,16.0,SLOT-LFT-LBA,131,13.0,84.0,97.0
23,0.3,heterogeneous,16.0,SLOT-RAND-DEF,131,75.0,128.0,53.0
23,0.3,heterogeneous,16.0,SLOT-RAND-LBA,138,7.0,87.0,94.0
23,0.3,heterogeneous,64.0,POOL-LBA(=yours),146,7.0,89.0,96.0
23,0.3,heterogeneous,64.0,SLOT-G-DEF,146,107.0,146.0,39.0
23,0.3,heterogeneous,64.0,SLOT-G-LBA,146,7.0,89.0,96.0
23,0.3,heterogeneous,64.0,SLOT-LFT-DEF,135,75.0,130.0,55.0
23,0.3,heterogeneous,64.0,SLOT-LFT-LBA,135,7.0,89.0,96.0
23,0.3,heterogeneous,64.0,SLOT-RAND-DEF,133,75.0,130.0,55.0
23,0.3,heterogeneous,64.0,SLOT-RAND-LBA,142,1.0,92.0,93.0
24,0.0,uniform,,POOL-LBA(=yours),105,5.0,73.0,68.0
24,0.0,uniform,,SLOT-G-DEF,105,61.0,101.0,40.0
24,0.0,uniform,,SLOT-G-LBA,105,5.0,73.0,68.0
24,0.0,uniform,,SLOT-LFT-DEF,102,43.0,92.0,49.0
24,0.0,uniform,,SLOT-LFT-LBA,102,1.0,71.0,70.0
24,0.0,uniform,,SLOT-RAND-DEF,101,47.0,94.0,47.0
24,0.0,uniform,,SLOT-RAND-LBA,107,9.0,75.0,66.0
24,0.0,heterogeneous,4.0,POOL-LBA(=yours),105,5.0,73.0,68.0
24,0.0,heterogeneous,4.0,SLOT-G-DEF,105,61.0,101.0,40.0
24,0.0,heterogeneous,4.0,SLOT-G-LBA,105,5.0,73.0,68.0
24,0.0,heterogeneous,4.0,SLOT-LFT-DEF,102,43.0,92.0,49.0
24,0.0,heterogeneous,4.0,SLOT-LFT-LBA,102,1.0,71.0,70.0
24,0.0,heterogeneous,4.0,SLOT-RAND-DEF,102,49.0,95.0,46.0
24,0.0,heterogeneous,4.0,SLOT-RAND-LBA,102,5.0,73.0,68.0
24,0.0,heterogeneous,16.0,POOL-LBA(=yours),105,5.0,73.0,68.0
24,0.0,heterogeneous,16.0,SLOT-G-DEF,105,61.0,101.0,40.0
24,0.0,heterogeneous,16.0,SLOT-G-LBA,105,5.0,73.0,68.0
24,0.0,heterogeneous,16.0,SLOT-LFT-DEF,102,43.0,92.0,49.0
24,0.0,heterogeneous,16.0,SLOT-LFT-LBA,102,1.0,71.0,70.0
24,0.0,heterogeneous,16.0,SLOT-RAND-DEF,101,37.0,89.0,52.0
24,0.0,heterogeneous,16.0,SLOT-RAND-LBA,108,9.0,66.0,75.0
24,0.0,heterogeneous,64.0,POOL-LBA(=yours),105,5.0,73.0,68.0
24,0.0,heterogeneous,64.0,SLOT-G-DEF,105,61.0,101.0,40.0
24,0.0,heterogeneous,64.0,SLOT-G-LBA,105,5.0,73.0,68.0
24,0.0,heterogeneous,64.0,SLOT-LFT-DEF,102,43.0,92.0,49.0
24,0.0,heterogeneous,64.0,SLOT-LFT-LBA,102,1.0,71.0,70.0
24,0.0,heterogeneous,64.0,SLOT-RAND-DEF,108,75.0,108.0,33.0
24,0.0,heterogeneous,64.0,SLOT-RAND-LBA,103,1.0,70.0,71.0
24,0.1,uniform,,POOL-LBA(=yours),120,7.0,84.0,77.0
24,0.1,uniform,,SLOT-G-DEF,120,69.0,115.0,46.0
24,0.1,uniform,,SLOT-G-LBA,120,7.0,84.0,77.0
24,0.1,uniform,,SLOT-LFT-DEF,116,49.0,105.0,56.0
24,0.1,uniform,,SLOT-LFT-LBA,116,1.0,81.0,80.0
24,0.1,uniform,,SLOT-RAND-DEF,121,81.0,121.0,40.0
24,0.1,uniform,,SLOT-RAND-LBA,117,1.0,81.0,80.0
24,0.1,heterogeneous,4.0,POOL-LBA(=yours),113,4.0,73.0,77.0
24,0.1,heterogeneous,4.0,SLOT-G-DEF,113,70.0,110.0,40.0
24,0.1,heterogeneous,4.0,SLOT-G-LBA,113,8.0,79.0,71.0
24,0.1,heterogeneous,4.0,SLOT-LFT-DEF,110,48.0,99.0,51.0
24,0.1,heterogeneous,4.0,SLOT-LFT-LBA,110,6.0,78.0,72.0
24,0.1,heterogeneous,4.0,SLOT-RAND-DEF,108,66.0,108.0,42.0
24,0.1,heterogeneous,4.0,SLOT-RAND-LBA,108,4.0,77.0,73.0
24,0.1,heterogeneous,16.0,POOL-LBA(=yours),117,5.0,81.0,76.0
24,0.1,heterogeneous,16.0,SLOT-G-DEF,117,69.0,113.0,44.0
24,0.1,heterogeneous,16.0,SLOT-G-LBA,117,7.0,75.0,82.0
24,0.1,heterogeneous,16.0,SLOT-LFT-DEF,112,57.0,107.0,50.0
24,0.1,heterogeneous,16.0,SLOT-LFT-LBA,112,1.0,79.0,78.0
24,0.1,heterogeneous,16.0,SLOT-RAND-DEF,114,57.0,107.0,50.0
24,0.1,heterogeneous,16.0,SLOT-RAND-LBA,110,5.0,81.0,76.0
24,0.1,heterogeneous,64.0,POOL-LBA(=yours),118,6.0,82.0,76.0
24,0.1,heterogeneous,64.0,SLOT-G-DEF,118,68.0,113.0,45.0
24,0.1,heterogeneous,64.0,SLOT-G-LBA,118,6.0,82.0,76.0
24,0.1,heterogeneous,64.0,SLOT-LFT-DEF,113,52.0,105.0,53.0
24,0.1,heterogeneous,64.0,SLOT-LFT-LBA,113,0.0,79.0,79.0
24,0.1,heterogeneous,64.0,SLOT-RAND-DEF,118,56.0,107.0,51.0
24,0.1,heterogeneous,64.0,SLOT-RAND-LBA,119,12.0,85.0,73.0
24,0.2,uniform,,POOL-LBA(=yours),125,6.0,81.0,87.0
24,0.2,uniform,,SLOT-G-DEF,125,72.0,120.0,48.0
24,0.2,uniform,,SLOT-G-LBA,125,6.0,81.0,87.0
24,0.2,uniform,,SLOT-LFT-DEF,122,52.0,110.0,58.0
24,0.2,uniform,,SLOT-LFT-LBA,122,0.0,84.0,84.0
24,0.2,uniform,,SLOT-RAND-DEF,124,70.0,119.0,49.0
24,0.2,uniform,,SLOT-RAND-LBA,122,10.0,79.0,89.0
24,0.2,heterogeneous,4.0,POOL-LBA(=yours),139,6.0,87.0,93.0
24,0.2,heterogeneous,4.0,SLOT-G-DEF,139,86.0,133.0,47.0
24,0.2,heterogeneous,4.0,SLOT-G-LBA,139,8.0,94.0,86.0
24,0.2,heterogeneous,4.0,SLOT-LFT-DEF,126,72.0,126.0,54.0
24,0.2,heterogeneous,4.0,SLOT-LFT-LBA,126,2.0,89.0,91.0
24,0.2,heterogeneous,4.0,SLOT-RAND-DEF,135,72.0,126.0,54.0
24,0.2,heterogeneous,4.0,SLOT-RAND-LBA,131,14.0,83.0,97.0
24,0.2,heterogeneous,16.0,POOL-LBA(=yours),122,7.0,85.0,78.0
24,0.2,heterogeneous,16.0,SLOT-G-DEF,122,57.0,110.0,53.0
24,0.2,heterogeneous,16.0,SLOT-G-LBA,122,11.0,87.0,76.0
24,0.2,heterogeneous,16.0,SLOT-LFT-DEF,118,51.0,107.0,56.0
24,0.2,heterogeneous,16.0,SLOT-LFT-LBA,118,3.0,83.0,80.0
24,0.2,heterogeneous,16.0,SLOT-RAND-DEF,117,61.0,112.0,51.0
24,0.2,heterogeneous,16.0,SLOT-RAND-LBA,123,1.0,81.0,82.0
24,0.2,heterogeneous,64.0,POOL-LBA(=yours),127,5.0,83.0,88.0
24,0.2,heterogeneous,64.0,SLOT-G-DEF,127,73.0,122.0,49.0
24,0.2,heterogeneous,64.0,SLOT-G-LBA,127,9.0,90.0,81.0
24,0.2,heterogeneous,64.0,SLOT-LFT-DEF,123,75.0,123.0,48.0
24,0.2,heterogeneous,64.0,SLOT-LFT-LBA,123,3.0,84.0,87.0
24,0.2,heterogeneous,64.0,SLOT-RAND-DEF,122,45.0,108.0,63.0
24,0.2,heterogeneous,64.0,SLOT-RAND-LBA,122,1.0,85.0,86.0
24,0.3,uniform,,POOL-LBA(=yours),135,5.0,88.0,93.0
24,0.3,uniform,,SLOT-G-DEF,135,79.0,130.0,51.0
24,0.3,uniform,,SLOT-G-LBA,135,7.0,94.0,87.0
24,0.3,uniform,,SLOT-LFT-DEF,132,55.0,118.0,63.0
24,0.3,uniform,,SLOT-LFT-LBA,132,1.0,91.0,90.0
24,0.3,uniform,,SLOT-RAND-DEF,131,75.0,128.0,53.0
24,0.3,uniform,,SLOT-RAND-LBA,137,15.0,83.0,98.0
24,0.3,heterogeneous,4.0,POOL-LBA(=yours),141,4.0,97.0,93.0
24,0.3,heterogeneous,4.0,SLOT-G-DEF,141,86.0,138.0,52.0
24,0.3,heterogeneous,4.0,SLOT-G-LBA,141,4.0,97.0,93.0
24,0.3,heterogeneous,4.0,SLOT-LFT-DEF,139,80.0,135.0,55.0
24,0.3,heterogeneous,4.0,SLOT-LFT-LBA,139,6.0,98.0,92.0
24,0.3,heterogeneous,4.0,SLOT-RAND-DEF,145,94.0,142.0,48.0
24,0.3,heterogeneous,4.0,SLOT-RAND-LBA,137,12.0,101.0,89.0
24,0.3,heterogeneous,16.0,POOL-LBA(=yours),139,5.0,91.0,96.0
24,0.3,heterogeneous,16.0,SLOT-G-DEF,139,85.0,136.0,51.0
24,0.3,heterogeneous,16.0,SLOT-G-LBA,139,5.0,91.0,96.0
24,0.3,heterogeneous,16.0,SLOT-LFT-DEF,136,57.0,122.0,65.0
24,0.3,heterogeneous,16.0,SLOT-LFT-LBA,136,3.0,92.0,95.0
24,0.3,heterogeneous,16.0,SLOT-RAND-DEF,136,61.0,124.0,63.0
24,0.3,heterogeneous,16.0,SLOT-RAND-LBA,134,3.0,95.0,92.0
24,0.3,heterogeneous,64.0,POOL-LBA(=yours),136,6.0,88.0,94.0
24,0.3,heterogeneous,64.0,SLOT-G-DEF,136,80.0,131.0,51.0
24,0.3,heterogeneous,64.0,SLOT-G-LBA,136,8.0,87.0,95.0
24,0.3,heterogeneous,64.0,SLOT-LFT-DEF,132,74.0,128.0,54.0
24,0.3,heterogeneous,64.0,SLOT-LFT-LBA,132,0.0,91.0,91.0
24,0.3,heterogeneous,64.0,SLOT-RAND-DEF,136,64.0,123.0,59.0
24,0.3,heterogeneous,64.0,SLOT-RAND-LBA,132,2.0,90.0,92.0
25,0.0,uniform,,POOL-LBA(=yours),99,1.0,69.0,68.0
25,0.0,uniform,,SLOT-G-DEF,99,57.0,97.0,40.0
25,0.0,uniform,,SLOT-G-LBA,99,1.0,68.0,69.0
25,0.0,uniform,,SLOT-LFT-DEF,97,57.0,97.0,40.0
25,0.0,uniform,,SLOT-LFT-LBA,97,1.0,68.0,69.0
25,0.0,uniform,,SLOT-RAND-DEF,106,67.0,102.0,35.0
25,0.0,uniform,,SLOT-RAND-LBA,99,5.0,66.0,71.0
25,0.0,heterogeneous,4.0,POOL-LBA(=yours),99,1.0,69.0,68.0
25,0.0,heterogeneous,4.0,SLOT-G-DEF,99,57.0,97.0,40.0
25,0.0,heterogeneous,4.0,SLOT-G-LBA,99,1.0,68.0,69.0
25,0.0,heterogeneous,4.0,SLOT-LFT-DEF,97,57.0,97.0,40.0
25,0.0,heterogeneous,4.0,SLOT-LFT-LBA,97,1.0,68.0,69.0
25,0.0,heterogeneous,4.0,SLOT-RAND-DEF,100,57.0,97.0,40.0
25,0.0,heterogeneous,4.0,SLOT-RAND-LBA,102,1.0,69.0,68.0
25,0.0,heterogeneous,16.0,POOL-LBA(=yours),99,1.0,69.0,68.0
25,0.0,heterogeneous,16.0,SLOT-G-DEF,99,57.0,97.0,40.0
25,0.0,heterogeneous,16.0,SLOT-G-LBA,99,1.0,68.0,69.0
25,0.0,heterogeneous,16.0,SLOT-LFT-DEF,97,57.0,97.0,40.0
25,0.0,heterogeneous,16.0,SLOT-LFT-LBA,97,1.0,68.0,69.0
25,0.0,heterogeneous,16.0,SLOT-RAND-DEF,99,51.0,94.0,43.0
25,0.0,heterogeneous,16.0,SLOT-RAND-LBA,99,7.0,65.0,72.0
25,0.0,heterogeneous,64.0,POOL-LBA(=yours),99,1.0,69.0,68.0
25,0.0,heterogeneous,64.0,SLOT-G-DEF,99,57.0,97.0,40.0
25,0.0,heterogeneous,64.0,SLOT-G-LBA,99,1.0,68.0,69.0
25,0.0,heterogeneous,64.0,SLOT-LFT-DEF,97,57.0,97.0,40.0
25,0.0,heterogeneous,64.0,SLOT-LFT-LBA,97,1.0,68.0,69.0
25,0.0,heterogeneous,64.0,SLOT-RAND-DEF,105,61.0,99.0,38.0
25,0.0,heterogeneous,64.0,SLOT-RAND-LBA,99,7.0,65.0,72.0
25,0.1,uniform,,POOL-LBA(=yours),113,1.0,79.0,78.0
25,0.1,uniform,,SLOT-G-DEF,113,65.0,111.0,46.0
25,0.1,uniform,,SLOT-G-LBA,113,1.0,79.0,78.0
25,0.1,uniform,,SLOT-LFT-DEF,111,65.0,111.0,46.0
25,0.1,uniform,,SLOT-LFT-LBA,111,1.0,78.0,79.0
25,0.1,uniform,,SLOT-RAND-DEF,113,59.0,108.0,49.0
25,0.1,uniform,,SLOT-RAND-LBA,115,7.0,75.0,82.0
25,0.1,heterogeneous,4.0,POOL-LBA(=yours),109,2.0,73.0,75.0
25,0.1,heterogeneous,4.0,SLOT-G-DEF,109,64.0,106.0,42.0
25,0.1,heterogeneous,4.0,SLOT-G-LBA,109,2.0,73.0,75.0
25,0.1,heterogeneous,4.0,SLOT-LFT-DEF,106,64.0,106.0,42.0
25,0.1,heterogeneous,4.0,SLOT-LFT-LBA,106,4.0,72.0,76.0
25,0.1,heterogeneous,4.0,SLOT-RAND-DEF,107,56.0,102.0,46.0
25,0.1,heterogeneous,4.0,SLOT-RAND-LBA,108,14.0,81.0,67.0
25,0.1,heterogeneous,16.0,POOL-LBA(=yours),109,1.0,74.0,75.0
25,0.1,heterogeneous,16.0,SLOT-G-DEF,109,65.0,107.0,42.0
25,0.1,heterogeneous,16.0,SLOT-G-LBA,109,3.0,73.0,76.0
25,0.1,heterogeneous,16.0,SLOT-LFT-DEF,107,65.0,107.0,42.0
25,0.1,heterogeneous,16.0,SLOT-LFT-LBA,107,1.0,75.0,74.0
25,0.1,heterogeneous,16.0,SLOT-RAND-DEF,109,69.0,109.0,40.0
25,0.1,heterogeneous,16.0,SLOT-RAND-LBA,110,11.0,80.0,69.0
25,0.1,heterogeneous,64.0,POOL-LBA(=yours),108,2.0,77.0,75.0
25,0.1,heterogeneous,64.0,SLOT-G-DEF,108,60.0,106.0,46.0
25,0.1,heterogeneous,64.0,SLOT-G-LBA,108,2.0,75.0,77.0
25,0.1,heterogeneous,64.0,SLOT-LFT-DEF,106,60.0,106.0,46.0
25,0.1,heterogeneous,64.0,SLOT-LFT-LBA,106,2.0,77.0,75.0
25,0.1,heterogeneous,64.0,SLOT-RAND-DEF,111,56.0,104.0,48.0
25,0.1,heterogeneous,64.0,SLOT-RAND-LBA,111,8.0,80.0,72.0
25,0.2,uniform,,POOL-LBA(=yours),118,0.0,81.0,81.0
25,0.2,uniform,,SLOT-G-DEF,118,68.0,115.0,47.0
25,0.2,uniform,,SLOT-G-LBA,118,4.0,79.0,83.0
25,0.2,uniform,,SLOT-LFT-DEF,115,68.0,115.0,47.0
25,0.2,uniform,,SLOT-LFT-LBA,115,2.0,80.0,82.0
25,0.2,uniform,,SLOT-RAND-DEF,116,66.0,114.0,48.0
25,0.2,uniform,,SLOT-RAND-LBA,118,12.0,75.0,87.0
25,0.2,heterogeneous,4.0,POOL-LBA(=yours),124,5.0,82.0,87.0
25,0.2,heterogeneous,4.0,SLOT-G-DEF,124,75.0,122.0,47.0
25,0.2,heterogeneous,4.0,SLOT-G-LBA,124,7.0,88.0,81.0
25,0.2,heterogeneous,4.0,SLOT-LFT-DEF,122,75.0,122.0,47.0
25,0.2,heterogeneous,4.0,SLOT-LFT-LBA,122,3.0,86.0,83.0
25,0.2,heterogeneous,4.0,SLOT-RAND-DEF,124,79.0,124.0,45.0
25,0.2,heterogeneous,4.0,SLOT-RAND-LBA,124,3.0,83.0,86.0
25,0.2,heterogeneous,16.0,POOL-LBA(=yours),116,1.0,80.0,79.0
25,0.2,heterogeneous,16.0,SLOT-G-DEF,116,65.0,112.0,47.0
25,0.2,heterogeneous,16.0,SLOT-G-LBA,116,1.0,80.0,79.0
25,0.2,heterogeneous,16.0,SLOT-LFT-DEF,113,67.0,113.0,46.0
25,0.2,heterogeneous,16.0,SLOT-LFT-LBA,113,3.0,78.0,81.0
25,0.2,heterogeneous,16.0,SLOT-RAND-DEF,122,75.0,117.0,42.0
25,0.2,heterogeneous,16.0,SLOT-RAND-LBA,117,1.0,80.0,79.0
25,0.2,heterogeneous,64.0,POOL-LBA(=yours),118,0.0,82.0,82.0
25,0.2,heterogeneous,64.0,SLOT-G-DEF,118,66.0,115.0,49.0
25,0.2,heterogeneous,64.0,SLOT-G-LBA,118,2.0,83.0,81.0
25,0.2,heterogeneous,64.0,SLOT-LFT-DEF,116,68.0,116.0,48.0
25,0.2,heterogeneous,64.0,SLOT-LFT-LBA,116,2.0,81.0,83.0
25,0.2,heterogeneous,64.0,SLOT-RAND-DEF,124,84.0,124.0,40.0
25,0.2,heterogeneous,64.0,SLOT-RAND-LBA,119,6.0,85.0,79.0
25,0.3,uniform,,POOL-LBA(=yours),125,1.0,87.0,88.0
25,0.3,uniform,,SLOT-G-DEF,125,71.0,123.0,52.0
25,0.3,uniform,,SLOT-G-LBA,125,1.0,87.0,88.0
25,0.3,uniform,,SLOT-LFT-DEF,123,71.0,123.0,52.0
25,0.3,uniform,,SLOT-LFT-LBA,123,1.0,88.0,87.0
25,0.3,uniform,,SLOT-RAND-DEF,125,75.0,125.0,50.0
25,0.3,uniform,,SLOT-RAND-LBA,127,5.0,85.0,90.0
25,0.3,heterogeneous,4.0,POOL-LBA(=yours),121,2.0,85.0,83.0
25,0.3,heterogeneous,4.0,SLOT-G-DEF,121,74.0,121.0,47.0
25,0.3,heterogeneous,4.0,SLOT-G-LBA,121,6.0,81.0,87.0
25,0.3,heterogeneous,4.0,SLOT-LFT-DEF,121,74.0,121.0,47.0
25,0.3,heterogeneous,4.0,SLOT-LFT-LBA,121,6.0,81.0,87.0
25,0.3,heterogeneous,4.0,SLOT-RAND-DEF,124,70.0,119.0,49.0
25,0.3,heterogeneous,4.0,SLOT-RAND-LBA,121,12.0,90.0,78.0
25,0.3,heterogeneous,16.0,POOL-LBA(=yours),130,4.0,92.0,88.0
25,0.3,heterogeneous,16.0,SLOT-G-DEF,130,72.0,126.0,54.0
25,0.3,heterogeneous,16.0,SLOT-G-LBA,130,4.0,92.0,88.0
25,0.3,heterogeneous,16.0,SLOT-LFT-DEF,126,70.0,125.0,55.0
25,0.3,heterogeneous,16.0,SLOT-LFT-LBA,126,2.0,89.0,91.0
25,0.3,heterogeneous,16.0,SLOT-RAND-DEF,129,72.0,126.0,54.0
25,0.3,heterogeneous,16.0,SLOT-RAND-LBA,133,2.0,91.0,89.0
25,0.3,heterogeneous,64.0,POOL-LBA(=yours),131,0.0,90.0,90.0
25,0.3,heterogeneous,64.0,SLOT-G-DEF,131,74.0,127.0,53.0
25,0.3,heterogeneous,64.0,SLOT-G-LBA,131,0.0,90.0,90.0
25,0.3,heterogeneous,64.0,SLOT-LFT-DEF,127,74.0,127.0,53.0
25,0.3,heterogeneous,64.0,SLOT-LFT-LBA,127,4.0,88.0,92.0
25,0.3,heterogeneous,64.0,SLOT-RAND-DEF,132,60.0,120.0,60.0
25,0.3,heterogeneous,64.0,SLOT-RAND-LBA,132,0.0,90.0,90.0
26,0.0,uniform,,POOL-LBA(=yours),103,6.0,73.0,67.0
26,0.0,uniform,,SLOT-G-DEF,103,64.0,102.0,38.0
26,0.0,uniform,,SLOT-G-LBA,103,6.0,67.0,73.0
26,0.0,uniform,,SLOT-LFT-DEF,102,64.0,102.0,38.0
26,0.0,uniform,,SLOT-LFT-LBA,102,6.0,73.0,67.0
26,0.0,uniform,,SLOT-RAND-DEF,105,56.0,98.0,42.0
26,0.0,uniform,,SLOT-RAND-LBA,108,6.0,67.0,73.0
26,0.0,heterogeneous,4.0,POOL-LBA(=yours),103,6.0,73.0,67.0
26,0.0,heterogeneous,4.0,SLOT-G-DEF,103,64.0,102.0,38.0
26,0.0,heterogeneous,4.0,SLOT-G-LBA,103,6.0,67.0,73.0
26,0.0,heterogeneous,4.0,SLOT-LFT-DEF,102,64.0,102.0,38.0
26,0.0,heterogeneous,4.0,SLOT-LFT-LBA,102,6.0,73.0,67.0
26,0.0,heterogeneous,4.0,SLOT-RAND-DEF,103,64.0,102.0,38.0
26,0.0,heterogeneous,4.0,SLOT-RAND-LBA,103,6.0,67.0,73.0
26,0.0,heterogeneous,16.0,POOL-LBA(=yours),103,6.0,73.0,67.0
26,0.0,heterogeneous,16.0,SLOT-G-DEF,103,64.0,102.0,38.0
26,0.0,heterogeneous,16.0,SLOT-G-LBA,103,6.0,67.0,73.0
26,0.0,heterogeneous,16.0,SLOT-LFT-DEF,102,64.0,102.0,38.0
26,0.0,heterogeneous,16.0,SLOT-LFT-LBA,102,6.0,73.0,67.0
26,0.0,heterogeneous,16.0,SLOT-RAND-DEF,103,50.0,95.0,45.0
26,0.0,heterogeneous,16.0,SLOT-RAND-LBA,102,2.0,69.0,71.0
26,0.0,heterogeneous,64.0,POOL-LBA(=yours),103,6.0,73.0,67.0
26,0.0,heterogeneous,64.0,SLOT-G-DEF,103,64.0,102.0,38.0
26,0.0,heterogeneous,64.0,SLOT-G-LBA,103,6.0,67.0,73.0
26,0.0,heterogeneous,64.0,SLOT-LFT-DEF,102,64.0,102.0,38.0
26,0.0,heterogeneous,64.0,SLOT-LFT-LBA,102,6.0,73.0,67.0
26,0.0,heterogeneous,64.0,SLOT-RAND-DEF,102,60.0,100.0,40.0
26,0.0,heterogeneous,64.0,SLOT-RAND-LBA,103,6.0,73.0,67.0
26,0.1,uniform,,POOL-LBA(=yours),117,6.0,83.0,77.0
26,0.1,uniform,,SLOT-G-DEF,117,72.0,116.0,44.0
26,0.1,uniform,,SLOT-G-LBA,117,8.0,84.0,76.0
26,0.1,uniform,,SLOT-LFT-DEF,116,72.0,116.0,44.0
26,0.1,uniform,,SLOT-LFT-LBA,116,6.0,83.0,77.0
26,0.1,uniform,,SLOT-RAND-DEF,118,66.0,113.0,47.0
26,0.1,uniform,,SLOT-RAND-LBA,119,4.0,82.0,78.0
26,0.1,heterogeneous,4.0,POOL-LBA(=yours),107,5.0,71.0,76.0
26,0.1,heterogeneous,4.0,SLOT-G-DEF,107,55.0,101.0,46.0
26,0.1,heterogeneous,4.0,SLOT-G-LBA,107,5.0,76.0,71.0
26,0.1,heterogeneous,4.0,SLOT-LFT-DEF,106,65.0,106.0,41.0
26,0.1,heterogeneous,4.0,SLOT-LFT-LBA,106,3.0,72.0,75.0
26,0.1,heterogeneous,4.0,SLOT-RAND-DEF,112,63.0,105.0,42.0
26,0.1,heterogeneous,4.0,SLOT-RAND-LBA,113,3.0,75.0,72.0
26,0.1,heterogeneous,16.0,POOL-LBA(=yours),109,3.0,74.0,77.0
26,0.1,heterogeneous,16.0,SLOT-G-DEF,109,65.0,108.0,43.0
26,0.1,heterogeneous,16.0,SLOT-G-LBA,109,3.0,74.0,77.0
26,0.1,heterogeneous,16.0,SLOT-LFT-DEF,108,65.0,108.0,43.0
26,0.1,heterogeneous,16.0,SLOT-LFT-LBA,108,1.0,76.0,75.0
26,0.1,heterogeneous,16.0,SLOT-RAND-DEF,111,61.0,106.0,45.0
26,0.1,heterogeneous,16.0,SLOT-RAND-LBA,109,5.0,78.0,73.0
26,0.1,heterogeneous,64.0,POOL-LBA(=yours),112,5.0,74.0,79.0
26,0.1,heterogeneous,64.0,SLOT-G-DEF,112,69.0,111.0,42.0
26,0.1,heterogeneous,64.0,SLOT-G-LBA,112,7.0,73.0,80.0
26,0.1,heterogeneous,64.0,SLOT-LFT-DEF,111,69.0,111.0,42.0
26,0.1,heterogeneous,64.0,SLOT-LFT-LBA,111,5.0,79.0,74.0
26,0.1,heterogeneous,64.0,SLOT-RAND-DEF,114,43.0,98.0,55.0
26,0.1,heterogeneous,64.0,SLOT-RAND-LBA,119,7.0,73.0,80.0
26,0.2,uniform,,POOL-LBA(=yours),123,7.0,87.0,80.0
26,0.2,uniform,,SLOT-G-DEF,123,77.0,122.0,45.0
26,0.2,uniform,,SLOT-G-LBA,123,7.0,87.0,80.0
26,0.2,uniform,,SLOT-LFT-DEF,121,75.0,121.0,46.0
26,0.2,uniform,,SLOT-LFT-LBA,121,7.0,87.0,80.0
26,0.2,uniform,,SLOT-RAND-DEF,123,67.0,117.0,50.0
26,0.2,uniform,,SLOT-RAND-LBA,123,1.0,83.0,84.0
26,0.2,heterogeneous,4.0,POOL-LBA(=yours),126,5.0,82.0,87.0
26,0.2,heterogeneous,4.0,SLOT-G-DEF,126,67.0,118.0,51.0
26,0.2,heterogeneous,4.0,SLOT-G-LBA,126,7.0,81.0,88.0
26,0.2,heterogeneous,4.0,SLOT-LFT-DEF,125,81.0,125.0,44.0
26,0.2,heterogeneous,4.0,SLOT-LFT-LBA,125,7.0,88.0,81.0
26,0.2,heterogeneous,4.0,SLOT-RAND-DEF,127,77.0,123.0,46.0
26,0.2,heterogeneous,4.0,SLOT-RAND-LBA,131,19.0,94.0,75.0
26,0.2,heterogeneous,16.0,POOL-LBA(=yours),123,3.0,83.0,86.0
26,0.2,heterogeneous,16.0,SLOT-G-DEF,123,75.0,122.0,47.0
26,0.2,heterogeneous,16.0,SLOT-G-LBA,123,3.0,83.0,86.0
26,0.2,heterogeneous,16.0,SLOT-LFT-DEF,121,73.0,121.0,48.0
26,0.2,heterogeneous,16.0,SLOT-LFT-LBA,121,5.0,87.0,82.0
26,0.2,heterogeneous,16.0,SLOT-RAND-DEF,123,65.0,117.0,52.0
26,0.2,heterogeneous,16.0,SLOT-RAND-LBA,124,11.0,79.0,90.0
26,0.2,heterogeneous,64.0,POOL-LBA(=yours),124,7.0,88.0,81.0
26,0.2,heterogeneous,64.0,SLOT-G-DEF,124,75.0,122.0,47.0
26,0.2,heterogeneous,64.0,SLOT-G-LBA,124,7.0,88.0,81.0
26,0.2,heterogeneous,64.0,SLOT-LFT-DEF,123,77.0,123.0,46.0
26,0.2,heterogeneous,64.0,SLOT-LFT-LBA,123,7.0,81.0,88.0
26,0.2,heterogeneous,64.0,SLOT-RAND-DEF,131,73.0,121.0,48.0
26,0.2,heterogeneous,64.0,SLOT-RAND-LBA,126,1.0,85.0,84.0
26,0.3,uniform,,POOL-LBA(=yours),133,8.0,94.0,86.0
26,0.3,uniform,,SLOT-G-DEF,133,82.0,131.0,49.0
26,0.3,uniform,,SLOT-G-LBA,133,8.0,86.0,94.0
26,0.3,uniform,,SLOT-LFT-DEF,132,84.0,132.0,48.0
26,0.3,uniform,,SLOT-LFT-LBA,132,8.0,94.0,86.0
26,0.3,uniform,,SLOT-RAND-DEF,136,70.0,125.0,55.0
26,0.3,uniform,,SLOT-RAND-LBA,136,14.0,97.0,83.0
26,0.3,heterogeneous,4.0,POOL-LBA(=yours),134,1.0,89.0,88.0
26,0.3,heterogeneous,4.0,SLOT-G-DEF,134,89.0,133.0,44.0
26,0.3,heterogeneous,4.0,SLOT-G-LBA,134,3.0,87.0,90.0
26,0.3,heterogeneous,4.0,SLOT-LFT-DEF,132,87.0,132.0,45.0
26,0.3,heterogeneous,4.0,SLOT-LFT-LBA,132,1.0,88.0,89.0
26,0.3,heterogeneous,4.0,SLOT-RAND-DEF,133,71.0,124.0,53.0
26,0.3,heterogeneous,4.0,SLOT-RAND-LBA,139,5.0,91.0,86.0
26,0.3,heterogeneous,16.0,POOL-LBA(=yours),134,8.0,94.0,86.0
26,0.3,heterogeneous,16.0,SLOT-G-DEF,134,82.0,131.0,49.0
26,0.3,heterogeneous,16.0,SLOT-G-LBA,134,10.0,95.0,85.0
26,0.3,heterogeneous,16.0,SLOT-LFT-DEF,132,84.0,132.0,48.0
26,0.3,heterogeneous,16.0,SLOT-LFT-LBA,132,8.0,94.0,86.0
26,0.3,heterogeneous,16.0,SLOT-RAND-DEF,132,84.0,132.0,48.0
26,0.3,heterogeneous,16.0,SLOT-RAND-LBA,134,6.0,87.0,93.0
26,0.3,heterogeneous,64.0,POOL-LBA(=yours),131,8.0,93.0,85.0
26,0.3,heterogeneous,64.0,SLOT-G-DEF,131,82.0,130.0,48.0
26,0.3,heterogeneous,64.0,SLOT-G-LBA,131,8.0,85.0,93.0
26,0.3,heterogeneous,64.0,SLOT-LFT-DEF,131,84.0,131.0,47.0
26,0.3,heterogeneous,64.0,SLOT-LFT-LBA,131,8.0,93.0,85.0
26,0.3,heterogeneous,64.0,SLOT-RAND-DEF,137,64.0,121.0,57.0
26,0.3,heterogeneous,64.0,SLOT-RAND-LBA,133,12.0,95.0,83.0
27,0.0,uniform,,POOL-LBA(=yours),105,3.0,70.0,73.0
27,0.0,uniform,,SLOT-G-DEF,105,57.0,100.0,43.0
27,0.0,uniform,,SLOT-G-LBA,105,3.0,70.0,73.0
27,0.0,uniform,,SLOT-LFT-DEF,102,53.0,98.0,45.0
27,0.0,uniform,,SLOT-LFT-LBA,102,1.0,71.0,72.0
27,0.0,uniform,,SLOT-RAND-DEF,102,59.0,101.0,42.0
27,0.0,uniform,,SLOT-RAND-LBA,102,5.0,74.0,69.0
27,0.0,heterogeneous,4.0,POOL-LBA(=yours),105,3.0,70.0,73.0
27,0.0,heterogeneous,4.0,SLOT-G-DEF,105,57.0,100.0,43.0
27,0.0,heterogeneous,4.0,SLOT-G-LBA,105,3.0,70.0,73.0
27,0.0,heterogeneous,4.0,SLOT-LFT-DEF,102,53.0,98.0,45.0
27,0.0,heterogeneous,4.0,SLOT-LFT-LBA,102,1.0,71.0,72.0
27,0.0,heterogeneous,4.0,SLOT-RAND-DEF,106,57.0,100.0,43.0
27,0.0,heterogeneous,4.0,SLOT-RAND-LBA,106,3.0,73.0,70.0
27,0.0,heterogeneous,16.0,POOL-LBA(=yours),105,3.0,70.0,73.0
27,0.0,heterogeneous,16.0,SLOT-G-DEF,105,57.0,100.0,43.0
27,0.0,heterogeneous,16.0,SLOT-G-LBA,105,3.0,70.0,73.0
27,0.0,heterogeneous,16.0,SLOT-LFT-DEF,102,53.0,98.0,45.0
27,0.0,heterogeneous,16.0,SLOT-LFT-LBA,102,1.0,71.0,72.0
27,0.0,heterogeneous,16.0,SLOT-RAND-DEF,102,53.0,98.0,45.0
27,0.0,heterogeneous,16.0,SLOT-RAND-LBA,110,3.0,73.0,70.0
27,0.0,heterogeneous,64.0,POOL-LBA(=yours),105,3.0,70.0,73.0
27,0.0,heterogeneous,64.0,SLOT-G-DEF,105,57.0,100.0,43.0
27,0.0,heterogeneous,64.0,SLOT-G-LBA,105,3.0,70.0,73.0
27,0.0,heterogeneous,64.0,SLOT-LFT-DEF,102,53.0,98.0,45.0
27,0.0,heterogeneous,64.0,SLOT-LFT-LBA,102,1.0,71.0,72.0
27,0.0,heterogeneous,64.0,SLOT-RAND-DEF,102,53.0,98.0,45.0
27,0.0,heterogeneous,64.0,SLOT-RAND-LBA,108,3.0,70.0,73.0
27,0.1,uniform,,POOL-LBA(=yours),119,3.0,80.0,83.0
27,0.1,uniform,,SLOT-G-DEF,119,65.0,114.0,49.0
27,0.1,uniform,,SLOT-G-LBA,119,3.0,80.0,83.0
27,0.1,uniform,,SLOT-LFT-DEF,116,59.0,111.0,52.0
27,0.1,uniform,,SLOT-LFT-LBA,116,1.0,81.0,82.0
27,0.1,uniform,,SLOT-RAND-DEF,124,85.0,124.0,39.0
27,0.1,uniform,,SLOT-RAND-LBA,124,5.0,79.0,84.0
27,0.1,heterogeneous,4.0,POOL-LBA(=yours),110,6.0,73.0,79.0
27,0.1,heterogeneous,4.0,SLOT-G-DEF,110,50.0,101.0,51.0
27,0.1,heterogeneous,4.0,SLOT-G-LBA,110,6.0,73.0,79.0
27,0.1,heterogeneous,4.0,SLOT-LFT-DEF,108,64.0,108.0,44.0
27,0.1,heterogeneous,4.0,SLOT-LFT-LBA,108,0.0,76.0,76.0
27,0.1,heterogeneous,4.0,SLOT-RAND-DEF,114,76.0,114.0,38.0
27,0.1,heterogeneous,4.0,SLOT-RAND-LBA,107,4.0,78.0,74.0
27,0.1,heterogeneous,16.0,POOL-LBA(=yours),115,0.0,79.0,79.0
27,0.1,heterogeneous,16.0,SLOT-G-DEF,115,56.0,107.0,51.0
27,0.1,heterogeneous,16.0,SLOT-G-LBA,115,0.0,79.0,79.0
27,0.1,heterogeneous,16.0,SLOT-LFT-DEF,111,58.0,108.0,50.0
27,0.1,heterogeneous,16.0,SLOT-LFT-LBA,111,2.0,80.0,78.0
27,0.1,heterogeneous,16.0,SLOT-RAND-DEF,117,72.0,115.0,43.0
27,0.1,heterogeneous,16.0,SLOT-RAND-LBA,111,0.0,79.0,79.0
27,0.1,heterogeneous,64.0,POOL-LBA(=yours),119,1.0,79.0,80.0
27,0.1,heterogeneous,64.0,SLOT-G-DEF,119,67.0,113.0,46.0
27,0.1,heterogeneous,64.0,SLOT-G-LBA,119,1.0,79.0,80.0
27,0.1,heterogeneous,64.0,SLOT-LFT-DEF,115,61.0,110.0,49.0
27,0.1,heterogeneous,64.0,SLOT-LFT-LBA,115,5.0,82.0,77.0
27,0.1,heterogeneous,64.0,SLOT-RAND-DEF,115,67.0,113.0,46.0
27,0.1,heterogeneous,64.0,SLOT-RAND-LBA,124,3.0,78.0,81.0
27,0.2,uniform,,POOL-LBA(=yours),125,3.0,84.0,87.0
27,0.2,uniform,,SLOT-G-DEF,125,65.0,118.0,53.0
27,0.2,uniform,,SLOT-G-LBA,125,3.0,84.0,87.0
27,0.2,uniform,,SLOT-LFT-DEF,121,63.0,117.0,54.0
27,0.2,uniform,,SLOT-LFT-LBA,121,3.0,84.0,87.0
27,0.2,uniform,,SLOT-RAND-DEF,127,77.0,124.0,47.0
27,0.2,uniform,,SLOT-RAND-LBA,127,1.0,86.0,85.0
27,0.2,heterogeneous,4.0,POOL-LBA(=yours),119,3.0,84.0,81.0
27,0.2,heterogeneous,4.0,SLOT-G-DEF,119,61.0,113.0,52.0
27,0.2,heterogeneous,4.0,SLOT-G-LBA,119,3.0,84.0,81.0
27,0.2,heterogeneous,4.0,SLOT-LFT-DEF,115,63.0,114.0,51.0
27,0.2,heterogeneous,4.0,SLOT-LFT-LBA,115,5.0,85.0,80.0
27,0.2,heterogeneous,4.0,SLOT-RAND-DEF,121,67.0,116.0,49.0
27,0.2,heterogeneous,4.0,SLOT-RAND-LBA,119,7.0,86.0,79.0
27,0.2,heterogeneous,16.0,POOL-LBA(=yours),123,2.0,82.0,84.0
27,0.2,heterogeneous,16.0,SLOT-G-DEF,123,60.0,113.0,53.0
27,0.2,heterogeneous,16.0,SLOT-G-LBA,123,2.0,82.0,84.0
27,0.2,heterogeneous,16.0,SLOT-LFT-DEF,119,72.0,119.0,47.0
27,0.2,heterogeneous,16.0,SLOT-LFT-LBA,119,4.0,81.0,85.0
27,0.2,heterogeneous,16.0,SLOT-RAND-DEF,124,76.0,121.0,45.0
27,0.2,heterogeneous,16.0,SLOT-RAND-LBA,123,2.0,82.0,84.0
27,0.2,heterogeneous,64.0,POOL-LBA(=yours),125,4.0,83.0,87.0
27,0.2,heterogeneous,64.0,SLOT-G-DEF,125,66.0,118.0,52.0
27,0.2,heterogeneous,64.0,SLOT-G-LBA,125,4.0,83.0,87.0
27,0.2,heterogeneous,64.0,SLOT-LFT-DEF,121,72.0,121.0,49.0
27,0.2,heterogeneous,64.0,SLOT-LFT-LBA,121,2.0,86.0,84.0
27,0.2,heterogeneous,64.0,SLOT-RAND-DEF,127,66.0,118.0,52.0
27,0.2,heterogeneous,64.0,SLOT-RAND-LBA,129,4.0,87.0,83.0
27,0.3,uniform,,POOL-LBA(=yours),135,1.0,91.0,92.0
27,0.3,uniform,,SLOT-G-DEF,135,71.0,127.0,56.0
27,0.3,uniform,,SLOT-G-LBA,135,1.0,91.0,92.0
27,0.3,uniform,,SLOT-LFT-DEF,131,69.0,126.0,57.0
27,0.3,uniform,,SLOT-LFT-LBA,131,1.0,91.0,92.0
27,0.3,uniform,,SLOT-RAND-DEF,138,75.0,129.0,54.0
27,0.3,uniform,,SLOT-RAND-LBA,140,5.0,94.0,89.0
27,0.3,heterogeneous,4.0,POOL-LBA(=yours),133,6.0,86.0,92.0
27,0.3,heterogeneous,4.0,SLOT-G-DEF,133,84.0,131.0,47.0
27,0.3,heterogeneous,4.0,SLOT-G-LBA,133,6.0,86.0,92.0
27,0.3,heterogeneous,4.0,SLOT-LFT-DEF,131,84.0,131.0,47.0
27,0.3,heterogeneous,4.0,SLOT-LFT-LBA,131,2.0,90.0,88.0
27,0.3,heterogeneous,4.0,SLOT-RAND-DEF,138,98.0,138.0,40.0
27,0.3,heterogeneous,4.0,SLOT-RAND-LBA,128,4.0,91.0,87.0
27,0.3,heterogeneous,16.0,POOL-LBA(=yours),131,3.0,88.0,91.0
27,0.3,heterogeneous,16.0,SLOT-G-DEF,131,69.0,124.0,55.0
27,0.3,heterogeneous,16.0,SLOT-G-LBA,131,3.0,88.0,91.0
27,0.3,heterogeneous,16.0,SLOT-LFT-DEF,126,67.0,123.0,56.0
27,0.3,heterogeneous,16.0,SLOT-LFT-LBA,126,1.0,90.0,89.0
27,0.3,heterogeneous,16.0,SLOT-RAND-DEF,126,65.0,122.0,57.0
27,0.3,heterogeneous,16.0,SLOT-RAND-LBA,133,1.0,90.0,89.0
27,0.3,heterogeneous,64.0,POOL-LBA(=yours),137,5.0,97.0,92.0
27,0.3,heterogeneous,64.0,SLOT-G-DEF,137,73.0,131.0,58.0
27,0.3,heterogeneous,64.0,SLOT-G-LBA,137,3.0,93.0,96.0
27,0.3,heterogeneous,64.0,SLOT-LFT-DEF,133,67.0,128.0,61.0
27,0.3,heterogeneous,64.0,SLOT-LFT-LBA,133,1.0,94.0,95.0
27,0.3,heterogeneous,64.0,SLOT-RAND-DEF,144,91.0,140.0,49.0
27,0.3,heterogeneous,64.0,SLOT-RAND-LBA,135,3.0,96.0,93.0
28,0.0,uniform,,POOL-LBA(=yours),105,1.0,69.0,68.0
28,0.0,uniform,,SLOT-G-DEF,105,65.0,101.0,36.0
28,0.0,uniform,,SLOT-G-LBA,105,1.0,69.0,68.0
28,0.0,uniform,,SLOT-LFT-DEF,100,61.0,99.0,38.0
28,0.0,uniform,,SLOT-LFT-LBA,100,3.0,67.0,70.0
28,0.0,uniform,,SLOT-RAND-DEF,101,61.0,99.0,38.0
28,0.0,uniform,,SLOT-RAND-LBA,105,3.0,67.0,70.0
28,0.0,heterogeneous,4.0,POOL-LBA(=yours),105,1.0,69.0,68.0
28,0.0,heterogeneous,4.0,SLOT-G-DEF,105,65.0,101.0,36.0
28,0.0,heterogeneous,4.0,SLOT-G-LBA,105,1.0,69.0,68.0
28,0.0,heterogeneous,4.0,SLOT-LFT-DEF,100,61.0,99.0,38.0
28,0.0,heterogeneous,4.0,SLOT-LFT-LBA,100,3.0,67.0,70.0
28,0.0,heterogeneous,4.0,SLOT-RAND-DEF,100,63.0,100.0,37.0
28,0.0,heterogeneous,4.0,SLOT-RAND-LBA,100,5.0,71.0,66.0
28,0.0,heterogeneous,16.0,POOL-LBA(=yours),105,1.0,69.0,68.0
28,0.0,heterogeneous,16.0,SLOT-G-DEF,105,65.0,101.0,36.0
28,0.0,heterogeneous,16.0,SLOT-G-LBA,105,1.0,69.0,68.0
28,0.0,heterogeneous,16.0,SLOT-LFT-DEF,100,61.0,99.0,38.0
28,0.0,heterogeneous,16.0,SLOT-LFT-LBA,100,3.0,67.0,70.0
28,0.0,heterogeneous,16.0,SLOT-RAND-DEF,101,65.0,101.0,36.0
28,0.0,heterogeneous,16.0,SLOT-RAND-LBA,105,1.0,69.0,68.0
28,0.0,heterogeneous,64.0,POOL-LBA(=yours),105,1.0,69.0,68.0
28,0.0,heterogeneous,64.0,SLOT-G-DEF,105,65.0,101.0,36.0
28,0.0,heterogeneous,64.0,SLOT-G-LBA,105,1.0,69.0,68.0
28,0.0,heterogeneous,64.0,SLOT-LFT-DEF,100,61.0,99.0,38.0
28,0.0,heterogeneous,64.0,SLOT-LFT-LBA,100,3.0,67.0,70.0
28,0.0,heterogeneous,64.0,SLOT-RAND-DEF,100,61.0,99.0,38.0
28,0.0,heterogeneous,64.0,SLOT-RAND-LBA,100,3.0,70.0,67.0
28,0.1,uniform,,POOL-LBA(=yours),120,1.0,79.0,78.0
28,0.1,uniform,,SLOT-G-DEF,120,73.0,115.0,42.0
28,0.1,uniform,,SLOT-G-LBA,120,1.0,79.0,78.0
28,0.1,uniform,,SLOT-LFT-DEF,114,69.0,113.0,44.0
28,0.1,uniform,,SLOT-LFT-LBA,114,3.0,77.0,80.0
28,0.1,uniform,,SLOT-RAND-DEF,116,71.0,114.0,43.0
28,0.1,uniform,,SLOT-RAND-LBA,120,1.0,79.0,78.0
28,0.1,heterogeneous,4.0,POOL-LBA(=yours),111,1.0,72.0,73.0
28,0.1,heterogeneous,4.0,SLOT-G-DEF,111,71.0,108.0,37.0
28,0.1,heterogeneous,4.0,SLOT-G-LBA,111,5.0,75.0,70.0
28,0.1,heterogeneous,4.0,SLOT-LFT-DEF,106,65.0,105.0,40.0
28,0.1,heterogeneous,4.0,SLOT-LFT-LBA,106,3.0,71.0,74.0
28,0.1,heterogeneous,4.0,SLOT-RAND-DEF,111,55.0,100.0,45.0
28,0.1,heterogeneous,4.0,SLOT-RAND-LBA,111,3.0,71.0,74.0
28,0.1,heterogeneous,16.0,POOL-LBA(=yours),113,4.0,75.0,71.0
28,0.1,heterogeneous,16.0,SLOT-G-DEF,113,72.0,109.0,37.0
28,0.1,heterogeneous,16.0,SLOT-G-LBA,113,0.0,73.0,73.0
28,0.1,heterogeneous,16.0,SLOT-LFT-DEF,108,68.0,107.0,39.0
28,0.1,heterogeneous,16.0,SLOT-LFT-LBA,108,4.0,75.0,71.0
28,0.1,heterogeneous,16.0,SLOT-RAND-DEF,113,70.0,108.0,38.0
28,0.1,heterogeneous,16.0,SLOT-RAND-LBA,108,0.0,73.0,73.0
28,0.1,heterogeneous,64.0,POOL-LBA(=yours),117,1.0,77.0,76.0
28,0.1,heterogeneous,64.0,SLOT-G-DEF,117,75.0,114.0,39.0
28,0.1,heterogeneous,64.0,SLOT-G-LBA,117,1.0,76.0,77.0
28,0.1,heterogeneous,64.0,SLOT-LFT-DEF,112,69.0,111.0,42.0
28,0.1,heterogeneous,64.0,SLOT-LFT-LBA,112,3.0,75.0,78.0
28,0.1,heterogeneous,64.0,SLOT-RAND-DEF,112,69.0,111.0,42.0
28,0.1,heterogeneous,64.0,SLOT-RAND-LBA,112,1.0,76.0,77.0
28,0.2,uniform,,POOL-LBA(=yours),124,0.0,81.0,81.0
28,0.2,uniform,,SLOT-G-DEF,124,78.0,120.0,42.0
28,0.2,uniform,,SLOT-G-LBA,124,2.0,82.0,80.0
28,0.2,uniform,,SLOT-LFT-DEF,119,72.0,117.0,45.0
28,0.2,uniform,,SLOT-LFT-LBA,119,2.0,80.0,82.0
28,0.2,uniform,,SLOT-RAND-DEF,118,74.0,118.0,44.0
28,0.2,uniform,,SLOT-RAND-LBA,124,0.0,81.0,81.0
28,0.2,heterogeneous,4.0,POOL-LBA(=yours),120,0.0,77.0,77.0
28,0.2,heterogeneous,4.0,SLOT-G-DEF,120,74.0,114.0,40.0
28,0.2,heterogeneous,4.0,SLOT-G-LBA,120,2.0,78.0,76.0
28,0.2,heterogeneous,4.0,SLOT-LFT-DEF,113,72.0,113.0,41.0
28,0.2,heterogeneous,4.0,SLOT-LFT-LBA,113,4.0,75.0,79.0
28,0.2,heterogeneous,4.0,SLOT-RAND-DEF,115,68.0,111.0,43.0
28,0.2,heterogeneous,4.0,SLOT-RAND-LBA,120,0.0,77.0,77.0
28,0.2,heterogeneous,16.0,POOL-LBA(=yours),125,0.0,81.0,81.0
28,0.2,heterogeneous,16.0,SLOT-G-DEF,125,78.0,120.0,42.0
28,0.2,heterogeneous,16.0,SLOT-G-LBA,125,0.0,81.0,81.0
28,0.2,heterogeneous,16.0,SLOT-LFT-DEF,119,74.0,118.0,44.0
28,0.2,heterogeneous,16.0,SLOT-LFT-LBA,119,4.0,83.0,79.0
28,0.2,heterogeneous,16.0,SLOT-RAND-DEF,125,80.0,121.0,41.0
28,0.2,heterogeneous,16.0,SLOT-RAND-LBA,125,6.0,84.0,78.0
28,0.2,heterogeneous,64.0,POOL-LBA(=yours),126,2.0,83.0,81.0
28,0.2,heterogeneous,64.0,SLOT-G-DEF,126,76.0,120.0,44.0
28,0.2,heterogeneous,64.0,SLOT-G-LBA,126,0.0,82.0,82.0
28,0.2,heterogeneous,64.0,SLOT-LFT-DEF,119,72.0,118.0,46.0
28,0.2,heterogeneous,64.0,SLOT-LFT-LBA,119,4.0,80.0,84.0
28,0.2,heterogeneous,64.0,SLOT-RAND-DEF,119,68.0,116.0,48.0
28,0.2,heterogeneous,64.0,SLOT-RAND-LBA,126,6.0,85.0,79.0
28,0.3,uniform,,POOL-LBA(=yours),135,0.0,88.0,88.0
28,0.3,uniform,,SLOT-G-DEF,135,84.0,130.0,46.0
28,0.3,uniform,,SLOT-G-LBA,135,0.0,88.0,88.0
28,0.3,uniform,,SLOT-LFT-DEF,129,78.0,127.0,49.0
28,0.3,uniform,,SLOT-LFT-LBA,129,4.0,86.0,90.0
28,0.3,uniform,,SLOT-RAND-DEF,129,78.0,127.0,49.0
28,0.3,uniform,,SLOT-RAND-LBA,135,4.0,86.0,90.0
28,0.3,heterogeneous,4.0,POOL-LBA(=yours),135,1.0,88.0,89.0
28,0.3,heterogeneous,4.0,SLOT-G-DEF,135,83.0,130.0,47.0
28,0.3,heterogeneous,4.0,SLOT-G-LBA,135,1.0,88.0,89.0
28,0.3,heterogeneous,4.0,SLOT-LFT-DEF,129,79.0,128.0,49.0
28,0.3,heterogeneous,4.0,SLOT-LFT-LBA,129,3.0,87.0,90.0
28,0.3,heterogeneous,4.0,SLOT-RAND-DEF,135,83.0,130.0,47.0
28,0.3,heterogeneous,4.0,SLOT-RAND-LBA,135,1.0,89.0,88.0
28,0.3,heterogeneous,16.0,POOL-LBA(=yours),134,1.0,88.0,89.0
28,0.3,heterogeneous,16.0,SLOT-G-DEF,134,81.0,129.0,48.0
28,0.3,heterogeneous,16.0,SLOT-G-LBA,134,1.0,88.0,89.0
28,0.3,heterogeneous,16.0,SLOT-LFT-DEF,128,79.0,128.0,49.0
28,0.3,heterogeneous,16.0,SLOT-LFT-LBA,128,3.0,87.0,90.0
28,0.3,heterogeneous,16.0,SLOT-RAND-DEF,128,69.0,123.0,54.0
28,0.3,heterogeneous,16.0,SLOT-RAND-LBA,128,3.0,87.0,90.0
28,0.3,heterogeneous,64.0,POOL-LBA(=yours),137,2.0,91.0,89.0
28,0.3,heterogeneous,64.0,SLOT-G-DEF,137,86.0,133.0,47.0
28,0.3,heterogeneous,64.0,SLOT-G-LBA,137,0.0,90.0,90.0
28,0.3,heterogeneous,64.0,SLOT-LFT-DEF,132,78.0,129.0,51.0
28,0.3,heterogeneous,64.0,SLOT-LFT-LBA,132,4.0,88.0,92.0
28,0.3,heterogeneous,64.0,SLOT-RAND-DEF,137,88.0,134.0,46.0
28,0.3,heterogeneous,64.0,SLOT-RAND-LBA,137,6.0,93.0,87.0
29,0.0,uniform,,POOL-LBA(=yours),115,6.0,73.0,79.0
29,0.0,uniform,,SLOT-G-DEF,115,58.0,105.0,47.0
29,0.0,uniform,,SLOT-G-LBA,115,12.0,82.0,70.0
29,0.0,uniform,,SLOT-LFT-DEF,109,58.0,105.0,47.0
29,0.0,uniform,,SLOT-LFT-LBA,109,12.0,82.0,70.0
29,0.0,uniform,,SLOT-RAND-DEF,111,50.0,101.0,51.0
29,0.0,uniform,,SLOT-RAND-LBA,116,4.0,78.0,74.0
29,0.0,heterogeneous,4.0,POOL-LBA(=yours),115,6.0,73.0,79.0
29,0.0,heterogeneous,4.0,SLOT-G-DEF,115,58.0,105.0,47.0
29,0.0,heterogeneous,4.0,SLOT-G-LBA,115,12.0,82.0,70.0
29,0.0,heterogeneous,4.0,SLOT-LFT-DEF,109,58.0,105.0,47.0
29,0.0,heterogeneous,4.0,SLOT-LFT-LBA,109,12.0,82.0,70.0
29,0.0,heterogeneous,4.0,SLOT-RAND-DEF,110,68.0,110.0,42.0
29,0.0,heterogeneous,4.0,SLOT-RAND-LBA,109,4.0,74.0,78.0
29,0.0,heterogeneous,16.0,POOL-LBA(=yours),115,6.0,73.0,79.0
29,0.0,heterogeneous,16.0,SLOT-G-DEF,115,58.0,105.0,47.0
29,0.0,heterogeneous,16.0,SLOT-G-LBA,115,12.0,82.0,70.0
29,0.0,heterogeneous,16.0,SLOT-LFT-DEF,109,58.0,105.0,47.0
29,0.0,heterogeneous,16.0,SLOT-LFT-LBA,109,12.0,82.0,70.0
29,0.0,heterogeneous,16.0,SLOT-RAND-DEF,110,56.0,104.0,48.0
29,0.0,heterogeneous,16.0,SLOT-RAND-LBA,116,4.0,78.0,74.0
29,0.0,heterogeneous,64.0,POOL-LBA(=yours),115,6.0,73.0,79.0
29,0.0,heterogeneous,64.0,SLOT-G-DEF,115,58.0,105.0,47.0
29,0.0,heterogeneous,64.0,SLOT-G-LBA,115,12.0,82.0,70.0
29,0.0,heterogeneous,64.0,SLOT-LFT-DEF,109,58.0,105.0,47.0
29,0.0,heterogeneous,64.0,SLOT-LFT-LBA,109,12.0,82.0,70.0
29,0.0,heterogeneous,64.0,SLOT-RAND-DEF,113,74.0,113.0,39.0
29,0.0,heterogeneous,64.0,SLOT-RAND-LBA,109,4.0,78.0,74.0
29,0.1,uniform,,POOL-LBA(=yours),130,6.0,83.0,89.0
29,0.1,uniform,,SLOT-G-DEF,130,64.0,118.0,54.0
29,0.1,uniform,,SLOT-G-LBA,130,14.0,93.0,79.0
29,0.1,uniform,,SLOT-LFT-DEF,123,64.0,118.0,54.0
29,0.1,uniform,,SLOT-LFT-LBA,123,14.0,93.0,79.0
29,0.1,uniform,,SLOT-RAND-DEF,126,72.0,122.0,50.0
29,0.1,uniform,,SLOT-RAND-LBA,130,2.0,87.0,85.0
29,0.1,heterogeneous,4.0,POOL-LBA(=yours),124,8.0,78.0,86.0
29,0.1,heterogeneous,4.0,SLOT-G-DEF,124,58.0,111.0,53.0
29,0.1,heterogeneous,4.0,SLOT-G-LBA,124,12.0,88.0,76.0
29,0.1,heterogeneous,4.0,SLOT-LFT-DEF,118,58.0,111.0,53.0
29,0.1,heterogeneous,4.0,SLOT-LFT-LBA,118,14.0,89.0,75.0
29,0.1,heterogeneous,4.0,SLOT-RAND-DEF,118,68.0,116.0,48.0
29,0.1,heterogeneous,4.0,SLOT-RAND-LBA,118,10.0,87.0,77.0
29,0.1,heterogeneous,16.0,POOL-LBA(=yours),124,6.0,79.0,85.0
29,0.1,heterogeneous,16.0,SLOT-G-DEF,124,64.0,114.0,50.0
29,0.1,heterogeneous,16.0,SLOT-G-LBA,124,12.0,88.0,76.0
29,0.1,heterogeneous,16.0,SLOT-LFT-DEF,118,64.0,114.0,50.0
29,0.1,heterogeneous,16.0,SLOT-LFT-LBA,118,12.0,88.0,76.0
29,0.1,heterogeneous,16.0,SLOT-RAND-DEF,120,56.0,110.0,54.0
29,0.1,heterogeneous,16.0,SLOT-RAND-LBA,119,14.0,89.0,75.0
29,0.1,heterogeneous,64.0,POOL-LBA(=yours),127,4.0,81.0,85.0
29,0.1,heterogeneous,64.0,SLOT-G-DEF,127,78.0,122.0,44.0
29,0.1,heterogeneous,64.0,SLOT-G-LBA,127,14.0,76.0,90.0
29,0.1,heterogeneous,64.0,SLOT-LFT-DEF,121,66.0,116.0,50.0
29,0.1,heterogeneous,64.0,SLOT-LFT-LBA,121,14.0,90.0,76.0
29,0.1,heterogeneous,64.0,SLOT-RAND-DEF,119,72.0,119.0,47.0
29,0.1,heterogeneous,64.0,SLOT-RAND-LBA,120,4.0,81.0,85.0
29,0.2,uniform,,POOL-LBA(=yours),138,7.0,95.0,88.0
29,0.2,uniform,,SLOT-G-DEF,138,71.0,127.0,56.0
29,0.2,uniform,,SLOT-G-LBA,138,13.0,98.0,85.0
29,0.2,uniform,,SLOT-LFT-DEF,131,71.0,127.0,56.0
29,0.2,uniform,,SLOT-LFT-LBA,131,13.0,98.0,85.0
29,0.2,uniform,,SLOT-RAND-DEF,133,69.0,126.0,57.0
29,0.2,uniform,,SLOT-RAND-LBA,133,3.0,90.0,93.0
29,0.2,heterogeneous,4.0,POOL-LBA(=yours),133,8.0,92.0,84.0
29,0.2,heterogeneous,4.0,SLOT-G-DEF,133,76.0,126.0,50.0
29,0.2,heterogeneous,4.0,SLOT-G-LBA,133,12.0,94.0,82.0
29,0.2,heterogeneous,4.0,SLOT-LFT-DEF,128,76.0,126.0,50.0
29,0.2,heterogeneous,4.0,SLOT-LFT-LBA,128,14.0,81.0,95.0
29,0.2,heterogeneous,4.0,SLOT-RAND-DEF,131,86.0,131.0,45.0
29,0.2,heterogeneous,4.0,SLOT-RAND-LBA,135,6.0,85.0,91.0
29,0.2,heterogeneous,16.0,POOL-LBA(=yours),137,8.0,95.0,87.0
29,0.2,heterogeneous,16.0,SLOT-G-DEF,137,72.0,127.0,55.0
29,0.2,heterogeneous,16.0,SLOT-G-LBA,137,14.0,98.0,84.0
29,0.2,heterogeneous,16.0,SLOT-LFT-DEF,131,74.0,128.0,54.0
29,0.2,heterogeneous,16.0,SLOT-LFT-LBA,131,14.0,98.0,84.0
29,0.2,heterogeneous,16.0,SLOT-RAND-DEF,132,76.0,129.0,53.0
29,0.2,heterogeneous,16.0,SLOT-RAND-LBA,131,12.0,97.0,85.0
29,0.2,heterogeneous,64.0,POOL-LBA(=yours),138,7.0,94.0,87.0
29,0.2,heterogeneous,64.0,SLOT-G-DEF,138,85.0,133.0,48.0
29,0.2,heterogeneous,64.0,SLOT-G-LBA,138,11.0,96.0,85.0
29,0.2,heterogeneous,64.0,SLOT-LFT-DEF,131,69.0,125.0,56.0
29,0.2,heterogeneous,64.0,SLOT-LFT-LBA,131,17.0,99.0,82.0
29,0.2,heterogeneous,64.0,SLOT-RAND-DEF,132,67.0,124.0,57.0
29,0.2,heterogeneous,64.0,SLOT-RAND-LBA,132,1.0,90.0,91.0
29,0.3,uniform,,POOL-LBA(=yours),149,6.0,95.0,101.0
29,0.3,uniform,,SLOT-G-DEF,149,76.0,136.0,60.0
29,0.3,uniform,,SLOT-G-LBA,149,16.0,106.0,90.0
29,0.3,uniform,,SLOT-LFT-DEF,141,76.0,136.0,60.0
29,0.3,uniform,,SLOT-LFT-LBA,141,16.0,106.0,90.0
29,0.3,uniform,,SLOT-RAND-DEF,142,84.0,140.0,56.0
29,0.3,uniform,,SLOT-RAND-LBA,141,6.0,101.0,95.0
29,0.3,heterogeneous,4.0,POOL-LBA(=yours),157,9.0,98.0,107.0
29,0.3,heterogeneous,4.0,SLOT-G-DEF,157,95.0,150.0,55.0
29,0.3,heterogeneous,4.0,SLOT-G-LBA,157,9.0,98.0,107.0
29,0.3,heterogeneous,4.0,SLOT-LFT-DEF,152,75.0,140.0,65.0
29,0.3,heterogeneous,4.0,SLOT-LFT-LBA,152,17.0,111.0,94.0
29,0.3,heterogeneous,4.0,SLOT-RAND-DEF,152,97.0,151.0,54.0
29,0.3,heterogeneous,4.0,SLOT-RAND-LBA,152,3.0,101.0,104.0
29,0.3,heterogeneous,16.0,POOL-LBA(=yours),146,2.0,96.0,98.0
29,0.3,heterogeneous,16.0,SLOT-G-DEF,146,86.0,140.0,54.0
29,0.3,heterogeneous,16.0,SLOT-G-LBA,146,16.0,105.0,89.0
29,0.3,heterogeneous,16.0,SLOT-LFT-DEF,138,70.0,132.0,62.0
29,0.3,heterogeneous,16.0,SLOT-LFT-LBA,138,8.0,101.0,93.0
29,0.3,heterogeneous,16.0,SLOT-RAND-DEF,147,100.0,147.0,47.0
29,0.3,heterogeneous,16.0,SLOT-RAND-LBA,141,0.0,97.0,97.0
29,0.3,heterogeneous,64.0,POOL-LBA(=yours),149,8.0,94.0,102.0
29,0.3,heterogeneous,64.0,SLOT-G-DEF,149,90.0,143.0,53.0
29,0.3,heterogeneous,64.0,SLOT-G-LBA,149,14.0,105.0,91.0
29,0.3,heterogeneous,64.0,SLOT-LFT-DEF,141,74.0,135.0,61.0
29,0.3,heterogeneous,64.0,SLOT-LFT-LBA,141,18.0,107.0,89.0
29,0.3,heterogeneous,64.0,SLOT-RAND-DEF,148,90.0,143.0,53.0
29,0.3,heterogeneous,64.0,SLOT-RAND-LBA,141,6.0,101.0,95.0
30,0.0,uniform,,POOL-LBA(=yours),111,4.0,73.0,69.0
30,0.0,uniform,,SLOT-G-DEF,111,66.0,104.0,38.0
30,0.0,uniform,,SLOT-G-LBA,111,2.0,72.0,70.0
30,0.0,uniform,,SLOT-LFT-DEF,111,80.0,111.0,31.0
30,0.0,uniform,,SLOT-LFT-LBA,111,2.0,70.0,72.0
30,0.0,uniform,,SLOT-RAND-DEF,116,80.0,111.0,31.0
30,0.0,uniform,,SLOT-RAND-LBA,112,6.0,74.0,68.0
30,0.0,heterogeneous,4.0,POOL-LBA(=yours),111,4.0,73.0,69.0
30,0.0,heterogeneous,4.0,SLOT-G-DEF,111,66.0,104.0,38.0
30,0.0,heterogeneous,4.0,SLOT-G-LBA,111,2.0,72.0,70.0
30,0.0,heterogeneous,4.0,SLOT-LFT-DEF,111,80.0,111.0,31.0
30,0.0,heterogeneous,4.0,SLOT-LFT-LBA,111,2.0,70.0,72.0
30,0.0,heterogeneous,4.0,SLOT-RAND-DEF,121,92.0,117.0,25.0
30,0.0,heterogeneous,4.0,SLOT-RAND-LBA,112,6.0,74.0,68.0
30,0.0,heterogeneous,16.0,POOL-LBA(=yours),111,4.0,73.0,69.0
30,0.0,heterogeneous,16.0,SLOT-G-DEF,111,66.0,104.0,38.0
30,0.0,heterogeneous,16.0,SLOT-G-LBA,111,2.0,72.0,70.0
30,0.0,heterogeneous,16.0,SLOT-LFT-DEF,111,80.0,111.0,31.0
30,0.0,heterogeneous,16.0,SLOT-LFT-LBA,111,2.0,70.0,72.0
30,0.0,heterogeneous,16.0,SLOT-RAND-DEF,112,82.0,112.0,30.0
30,0.0,heterogeneous,16.0,SLOT-RAND-LBA,111,10.0,76.0,66.0
30,0.0,heterogeneous,64.0,POOL-LBA(=yours),111,4.0,73.0,69.0
30,0.0,heterogeneous,64.0,SLOT-G-DEF,111,66.0,104.0,38.0
30,0.0,heterogeneous,64.0,SLOT-G-LBA,111,2.0,72.0,70.0
30,0.0,heterogeneous,64.0,SLOT-LFT-DEF,111,80.0,111.0,31.0
30,0.0,heterogeneous,64.0,SLOT-LFT-LBA,111,2.0,70.0,72.0
30,0.0,heterogeneous,64.0,SLOT-RAND-DEF,116,90.0,116.0,26.0
30,0.0,heterogeneous,64.0,SLOT-RAND-LBA,121,4.0,73.0,69.0
30,0.1,uniform,,POOL-LBA(=yours),126,4.0,79.0,83.0
30,0.1,uniform,,SLOT-G-DEF,126,74.0,118.0,44.0
30,0.1,uniform,,SLOT-G-LBA,126,2.0,82.0,80.0
30,0.1,uniform,,SLOT-LFT-DEF,126,90.0,126.0,36.0
30,0.1,uniform,,SLOT-LFT-LBA,126,2.0,80.0,82.0
30,0.1,uniform,,SLOT-RAND-DEF,126,60.0,111.0,51.0
30,0.1,uniform,,SLOT-RAND-LBA,132,6.0,78.0,84.0
30,0.1,heterogeneous,4.0,POOL-LBA(=yours),129,7.0,84.0,77.0
30,0.1,heterogeneous,4.0,SLOT-G-DEF,129,97.0,129.0,32.0
30,0.1,heterogeneous,4.0,SLOT-G-LBA,129,5.0,83.0,78.0
30,0.1,heterogeneous,4.0,SLOT-LFT-DEF,129,97.0,129.0,32.0
30,0.1,heterogeneous,4.0,SLOT-LFT-LBA,129,3.0,79.0,82.0
30,0.1,heterogeneous,4.0,SLOT-RAND-DEF,129,97.0,129.0,32.0
30,0.1,heterogeneous,4.0,SLOT-RAND-LBA,139,7.0,84.0,77.0
30,0.1,heterogeneous,16.0,POOL-LBA(=yours),127,3.0,82.0,79.0
30,0.1,heterogeneous,16.0,SLOT-G-DEF,127,93.0,127.0,34.0
30,0.1,heterogeneous,16.0,SLOT-G-LBA,127,3.0,82.0,79.0
30,0.1,heterogeneous,16.0,SLOT-LFT-DEF,127,93.0,127.0,34.0
30,0.1,heterogeneous,16.0,SLOT-LFT-LBA,127,3.0,82.0,79.0
30,0.1,heterogeneous,16.0,SLOT-RAND-DEF,133,105.0,133.0,28.0
30,0.1,heterogeneous,16.0,SLOT-RAND-LBA,132,5.0,83.0,78.0
30,0.1,heterogeneous,64.0,POOL-LBA(=yours),122,4.0,81.0,77.0
30,0.1,heterogeneous,64.0,SLOT-G-DEF,122,72.0,115.0,43.0
30,0.1,heterogeneous,64.0,SLOT-G-LBA,122,2.0,80.0,78.0
30,0.1,heterogeneous,64.0,SLOT-LFT-DEF,122,86.0,122.0,36.0
30,0.1,heterogeneous,64.0,SLOT-LFT-LBA,122,2.0,78.0,80.0
30,0.1,heterogeneous,64.0,SLOT-RAND-DEF,122,76.0,117.0,41.0
30,0.1,heterogeneous,64.0,SLOT-RAND-LBA,128,4.0,77.0,81.0
30,0.2,uniform,,POOL-LBA(=yours),134,5.0,88.0,83.0
30,0.2,uniform,,SLOT-G-DEF,134,81.0,126.0,45.0
30,0.2,uniform,,SLOT-G-LBA,134,3.0,87.0,84.0
30,0.2,uniform,,SLOT-LFT-DEF,134,97.0,134.0,37.0
30,0.2,uniform,,SLOT-LFT-LBA,134,3.0,84.0,87.0
30,0.2,uniform,,SLOT-RAND-DEF,140,99.0,135.0,36.0
30,0.2,uniform,,SLOT-RAND-LBA,141,9.0,90.0,81.0
30,0.2,heterogeneous,4.0,POOL-LBA(=yours),137,4.0,88.0,84.0
30,0.2,heterogeneous,4.0,SLOT-G-DEF,137,96.0,134.0,38.0
30,0.2,heterogeneous,4.0,SLOT-G-LBA,137,4.0,88.0,84.0
30,0.2,heterogeneous,4.0,SLOT-LFT-DEF,137,102.0,137.0,35.0
30,0.2,heterogeneous,4.0,SLOT-LFT-LBA,137,4.0,84.0,88.0
30,0.2,heterogeneous,4.0,SLOT-RAND-DEF,143,108.0,140.0,32.0
30,0.2,heterogeneous,4.0,SLOT-RAND-LBA,137,8.0,82.0,90.0
30,0.2,heterogeneous,16.0,POOL-LBA(=yours),136,5.0,85.0,90.0
30,0.2,heterogeneous,16.0,SLOT-G-DEF,136,83.0,129.0,46.0
30,0.2,heterogeneous,16.0,SLOT-G-LBA,136,5.0,90.0,85.0
30,0.2,heterogeneous,16.0,SLOT-LFT-DEF,136,97.0,136.0,39.0
30,0.2,heterogeneous,16.0,SLOT-LFT-LBA,136,3.0,86.0,89.0
30,0.2,heterogeneous,16.0,SLOT-RAND-DEF,142,71.0,123.0,52.0
30,0.2,heterogeneous,16.0,SLOT-RAND-LBA,136,5.0,85.0,90.0
30,0.2,heterogeneous,64.0,POOL-LBA(=yours),132,3.0,83.0,86.0
30,0.2,heterogeneous,64.0,SLOT-G-DEF,132,77.0,123.0,46.0
30,0.2,heterogeneous,64.0,SLOT-G-LBA,132,1.0,85.0,84.0
30,0.2,heterogeneous,64.0,SLOT-LFT-DEF,132,95.0,132.0,37.0
30,0.2,heterogeneous,64.0,SLOT-LFT-LBA,132,1.0,84.0,85.0
30,0.2,heterogeneous,64.0,SLOT-RAND-DEF,132,79.0,124.0,45.0
30,0.2,heterogeneous,64.0,SLOT-RAND-LBA,139,9.0,80.0,89.0
30,0.3,uniform,,POOL-LBA(=yours),143,4.0,93.0,89.0
30,0.3,uniform,,SLOT-G-DEF,143,86.0,134.0,48.0
30,0.3,uniform,,SLOT-G-LBA,143,2.0,92.0,90.0
30,0.3,uniform,,SLOT-LFT-DEF,143,104.0,143.0,39.0
30,0.3,uniform,,SLOT-LFT-LBA,143,2.0,90.0,92.0
30,0.3,uniform,,SLOT-RAND-DEF,144,102.0,142.0,40.0
30,0.3,uniform,,SLOT-RAND-LBA,143,2.0,92.0,90.0
30,0.3,heterogeneous,4.0,POOL-LBA(=yours),143,4.0,90.0,94.0
30,0.3,heterogeneous,4.0,SLOT-G-DEF,143,88.0,136.0,48.0
30,0.3,heterogeneous,4.0,SLOT-G-LBA,143,4.0,94.0,90.0
30,0.3,heterogeneous,4.0,SLOT-LFT-DEF,143,102.0,143.0,41.0
30,0.3,heterogeneous,4.0,SLOT-LFT-LBA,143,8.0,96.0,88.0
30,0.3,heterogeneous,4.0,SLOT-RAND-DEF,150,112.0,148.0,36.0
30,0.3,heterogeneous,4.0,SLOT-RAND-LBA,156,8.0,96.0,88.0
30,0.3,heterogeneous,16.0,POOL-LBA(=yours),143,6.0,94.0,88.0
30,0.3,heterogeneous,16.0,SLOT-G-DEF,143,104.0,143.0,39.0
30,0.3,heterogeneous,16.0,SLOT-G-LBA,143,2.0,92.0,90.0
30,0.3,heterogeneous,16.0,SLOT-LFT-DEF,143,104.0,143.0,39.0
30,0.3,heterogeneous,16.0,SLOT-LFT-LBA,143,2.0,92.0,90.0
30,0.3,heterogeneous,16.0,SLOT-RAND-DEF,150,116.0,149.0,33.0
30,0.3,heterogeneous,16.0,SLOT-RAND-LBA,143,2.0,90.0,92.0
30,0.3,heterogeneous,64.0,POOL-LBA(=yours),143,4.0,90.0,94.0
30,0.3,heterogeneous,64.0,SLOT-G-DEF,143,86.0,135.0,49.0
30,0.3,heterogeneous,64.0,SLOT-G-LBA,143,2.0,93.0,91.0
30,0.3,heterogeneous,64.0,SLOT-LFT-DEF,143,102.0,143.0,41.0
30,0.3,heterogeneous,64.0,SLOT-LFT-LBA,143,0.0,92.0,92.0
30,0.3,heterogeneous,64.0,SLOT-RAND-DEF,150,104.0,144.0,40.0
30,0.3,heterogeneous,64.0,SLOT-RAND-LBA,156,6.0,89.0,95.0
31,0.0,uniform,,POOL-LBA(=yours),110,3.0,70.0,67.0
31,0.0,uniform,,SLOT-G-DEF,110,73.0,105.0,32.0
31,0.0,uniform,,SLOT-G-LBA,110,11.0,74.0,63.0
31,0.0,uniform,,SLOT-LFT-DEF,110,73.0,105.0,32.0
31,0.0,uniform,,SLOT-LFT-LBA,110,11.0,74.0,63.0
31,0.0,uniform,,SLOT-RAND-DEF,111,85.0,111.0,26.0
31,0.0,uniform,,SLOT-RAND-LBA,110,1.0,69.0,68.0
31,0.0,heterogeneous,4.0,POOL-LBA(=yours),110,3.0,70.0,67.0
31,0.0,heterogeneous,4.0,SLOT-G-DEF,110,73.0,105.0,32.0
31,0.0,heterogeneous,4.0,SLOT-G-LBA,110,11.0,74.0,63.0
31,0.0,heterogeneous,4.0,SLOT-LFT-DEF,110,73.0,105.0,32.0
31,0.0,heterogeneous,4.0,SLOT-LFT-LBA,110,11.0,74.0,63.0
31,0.0,heterogeneous,4.0,SLOT-RAND-DEF,111,79.0,108.0,29.0
31,0.0,heterogeneous,4.0,SLOT-RAND-LBA,111,3.0,70.0,67.0
31,0.0,heterogeneous,16.0,POOL-LBA(=yours),110,3.0,70.0,67.0
31,0.0,heterogeneous,16.0,SLOT-G-DEF,110,73.0,105.0,32.0
31,0.0,heterogeneous,16.0,SLOT-G-LBA,110,11.0,74.0,63.0
31,0.0,heterogeneous,16.0,SLOT-LFT-DEF,110,73.0,105.0,32.0
31,0.0,heterogeneous,16.0,SLOT-LFT-LBA,110,11.0,74.0,63.0
31,0.0,heterogeneous,16.0,SLOT-RAND-DEF,110,73.0,105.0,32.0
31,0.0,heterogeneous,16.0,SLOT-RAND-LBA,111,3.0,70.0,67.0
31,0.0,heterogeneous,64.0,POOL-LBA(=yours),110,3.0,70.0,67.0
31,0.0,heterogeneous,64.0,SLOT-G-DEF,110,73.0,105.0,32.0
31,0.0,heterogeneous,64.0,SLOT-G-LBA,110,11.0,74.0,63.0
31,0.0,heterogeneous,64.0,SLOT-LFT-DEF,110,73.0,105.0,32.0
31,0.0,heterogeneous,64.0,SLOT-LFT-LBA,110,11.0,74.0,63.0
31,0.0,heterogeneous,64.0,SLOT-RAND-DEF,110,73.0,105.0,32.0
31,0.0,heterogeneous,64.0,SLOT-RAND-LBA,111,1.0,68.0,69.0
31,0.1,uniform,,POOL-LBA(=yours),126,3.0,80.0,77.0
31,0.1,uniform,,SLOT-G-DEF,126,83.0,120.0,37.0
31,0.1,uniform,,SLOT-G-LBA,126,13.0,85.0,72.0
31,0.1,uniform,,SLOT-LFT-DEF,126,83.0,120.0,37.0
31,0.1,uniform,,SLOT-LFT-LBA,126,13.0,85.0,72.0
31,0.1,uniform,,SLOT-RAND-DEF,126,69.0,113.0,44.0
31,0.1,uniform,,SLOT-RAND-LBA,126,11.0,84.0,73.0
31,0.1,heterogeneous,4.0,POOL-LBA(=yours),118,0.0,75.0,75.0
31,0.1,heterogeneous,4.0,SLOT-G-DEF,118,76.0,113.0,37.0
31,0.1,heterogeneous,4.0,SLOT-G-LBA,118,10.0,80.0,70.0
31,0.1,heterogeneous,4.0,SLOT-LFT-DEF,118,76.0,113.0,37.0
31,0.1,heterogeneous,4.0,SLOT-LFT-LBA,118,10.0,70.0,80.0
31,0.1,heterogeneous,4.0,SLOT-RAND-DEF,119,74.0,112.0,38.0
31,0.1,heterogeneous,4.0,SLOT-RAND-LBA,118,10.0,70.0,80.0
31,0.1,heterogeneous,16.0,POOL-LBA(=yours),119,2.0,73.0,75.0
31,0.1,heterogeneous,16.0,SLOT-G-DEF,119,80.0,114.0,34.0
31,0.1,heterogeneous,16.0,SLOT-G-LBA,119,10.0,69.0,79.0
31,0.1,heterogeneous,16.0,SLOT-LFT-DEF,119,80.0,114.0,34.0
31,0.1,heterogeneous,16.0,SLOT-LFT-LBA,119,8.0,70.0,78.0
31,0.1,heterogeneous,16.0,SLOT-RAND-DEF,119,80.0,114.0,34.0
31,0.1,heterogeneous,16.0,SLOT-RAND-LBA,119,6.0,71.0,77.0
31,0.1,heterogeneous,64.0,POOL-LBA(=yours),122,3.0,74.0,77.0
31,0.1,heterogeneous,64.0,SLOT-G-DEF,122,83.0,117.0,34.0
31,0.1,heterogeneous,64.0,SLOT-G-LBA,122,11.0,81.0,70.0
31,0.1,heterogeneous,64.0,SLOT-LFT-DEF,122,83.0,117.0,34.0
31,0.1,heterogeneous,64.0,SLOT-LFT-LBA,122,13.0,82.0,69.0
31,0.1,heterogeneous,64.0,SLOT-RAND-DEF,122,93.0,122.0,29.0
31,0.1,heterogeneous,64.0,SLOT-RAND-LBA,122,3.0,74.0,77.0
31,0.2,uniform,,POOL-LBA(=yours),132,1.0,81.0,82.0
31,0.2,uniform,,SLOT-G-DEF,132,89.0,126.0,37.0
31,0.2,uniform,,SLOT-G-LBA,132,13.0,75.0,88.0
31,0.2,uniform,,SLOT-LFT-DEF,132,89.0,126.0,37.0
31,0.2,uniform,,SLOT-LFT-LBA,132,13.0,75.0,88.0
31,0.2,uniform,,SLOT-RAND-DEF,132,101.0,132.0,31.0
31,0.2,uniform,,SLOT-RAND-LBA,132,1.0,82.0,81.0
31,0.2,heterogeneous,4.0,POOL-LBA(=yours),129,6.0,87.0,81.0
31,0.2,heterogeneous,4.0,SLOT-G-DEF,129,82.0,125.0,43.0
31,0.2,heterogeneous,4.0,SLOT-G-LBA,129,6.0,81.0,87.0
31,0.2,heterogeneous,4.0,SLOT-LFT-DEF,129,82.0,125.0,43.0
31,0.2,heterogeneous,4.0,SLOT-LFT-LBA,129,8.0,80.0,88.0
31,0.2,heterogeneous,4.0,SLOT-RAND-DEF,129,80.0,124.0,44.0
31,0.2,heterogeneous,4.0,SLOT-RAND-LBA,129,2.0,85.0,83.0
31,0.2,heterogeneous,16.0,POOL-LBA(=yours),132,1.0,81.0,82.0
31,0.2,heterogeneous,16.0,SLOT-G-DEF,132,87.0,125.0,38.0
31,0.2,heterogeneous,16.0,SLOT-G-LBA,132,15.0,74.0,89.0
31,0.2,heterogeneous,16.0,SLOT-LFT-DEF,132,87.0,125.0,38.0
31,0.2,heterogeneous,16.0,SLOT-LFT-LBA,132,17.0,90.0,73.0
31,0.2,heterogeneous,16.0,SLOT-RAND-DEF,132,87.0,125.0,38.0
31,0.2,heterogeneous,16.0,SLOT-RAND-LBA,132,1.0,82.0,81.0
31,0.2,heterogeneous,64.0,POOL-LBA(=yours),130,3.0,83.0,80.0
31,0.2,heterogeneous,64.0,SLOT-G-DEF,130,87.0,125.0,38.0
31,0.2,heterogeneous,64.0,SLOT-G-LBA,130,11.0,76.0,87.0
31,0.2,heterogeneous,64.0,SLOT-LFT-DEF,130,87.0,125.0,38.0
31,0.2,heterogeneous,64.0,SLOT-LFT-LBA,130,13.0,88.0,75.0
31,0.2,heterogeneous,64.0,SLOT-RAND-DEF,130,91.0,127.0,36.0
31,0.2,heterogeneous,64.0,SLOT-RAND-LBA,132,1.0,81.0,82.0
31,0.3,uniform,,POOL-LBA(=yours),140,3.0,86.0,89.0
31,0.3,uniform,,SLOT-G-DEF,140,91.0,133.0,42.0
31,0.3,uniform,,SLOT-G-LBA,140,13.0,94.0,81.0
31,0.3,uniform,,SLOT-LFT-DEF,140,91.0,133.0,42.0
31,0.3,uniform,,SLOT-LFT-LBA,140,13.0,94.0,81.0
31,0.3,uniform,,SLOT-RAND-DEF,140,91.0,133.0,42.0
31,0.3,uniform,,SLOT-RAND-LBA,140,1.0,87.0,88.0
31,0.3,heterogeneous,4.0,POOL-LBA(=yours),139,7.0,85.0,92.0
31,0.3,heterogeneous,4.0,SLOT-G-DEF,139,91.0,134.0,43.0
31,0.3,heterogeneous,4.0,SLOT-G-LBA,139,11.0,83.0,94.0
31,0.3,heterogeneous,4.0,SLOT-LFT-DEF,139,91.0,134.0,43.0
31,0.3,heterogeneous,4.0,SLOT-LFT-LBA,139,9.0,84.0,93.0
31,0.3,heterogeneous,4.0,SLOT-RAND-DEF,140,89.0,133.0,44.0
31,0.3,heterogeneous,4.0,SLOT-RAND-LBA,139,7.0,85.0,92.0
31,0.3,heterogeneous,16.0,POOL-LBA(=yours),143,4.0,90.0,86.0
31,0.3,heterogeneous,16.0,SLOT-G-DEF,143,94.0,135.0,41.0
31,0.3,heterogeneous,16.0,SLOT-G-LBA,143,16.0,80.0,96.0
31,0.3,heterogeneous,16.0,SLOT-LFT-DEF,143,94.0,135.0,41.0
31,0.3,heterogeneous,16.0,SLOT-LFT-LBA,143,18.0,97.0,79.0
31,0.3,heterogeneous,16.0,SLOT-RAND-DEF,142,96.0,136.0,40.0
31,0.3,heterogeneous,16.0,SLOT-RAND-LBA,143,16.0,80.0,96.0
31,0.3,heterogeneous,64.0,POOL-LBA(=yours),145,0.0,90.0,90.0
31,0.3,heterogeneous,64.0,SLOT-G-DEF,145,96.0,138.0,42.0
31,0.3,heterogeneous,64.0,SLOT-G-LBA,145,16.0,98.0,82.0
31,0.3,heterogeneous,64.0,SLOT-LFT-DEF,145,96.0,138.0,42.0
31,0.3,heterogeneous,64.0,SLOT-LFT-LBA,145,14.0,83.0,97.0
31,0.3,heterogeneous,64.0,SLOT-RAND-DEF,146,112.0,146.0,34.0
31,0.3,heterogeneous,64.0,SLOT-RAND-LBA,146,0.0,90.0,90.0
32,0.0,uniform,,POOL-LBA(=yours),105,1.0,68.0,67.0
32,0.0,uniform,,SLOT-G-DEF,105,65.0,100.0,35.0
32,0.0,uniform,,SLOT-G-LBA,105,9.0,63.0,72.0
32,0.0,uniform,,SLOT-LFT-DEF,107,79.0,107.0,28.0
32,0.0,uniform,,SLOT-LFT-LBA,107,1.0,67.0,68.0
32,0.0,uniform,,SLOT-RAND-DEF,105,73.0,104.0,31.0
32,0.0,uniform,,SLOT-RAND-LBA,107,5.0,70.0,65.0
32,0.0,heterogeneous,4.0,POOL-LBA(=yours),105,1.0,68.0,67.0
32,0.0,heterogeneous,4.0,SLOT-G-DEF,105,65.0,100.0,35.0
32,0.0,heterogeneous,4.0,SLOT-G-LBA,105,9.0,63.0,72.0
32,0.0,heterogeneous,4.0,SLOT-LFT-DEF,107,79.0,107.0,28.0
32,0.0,heterogeneous,4.0,SLOT-LFT-LBA,107,1.0,67.0,68.0
32,0.0,heterogeneous,4.0,SLOT-RAND-DEF,105,75.0,105.0,30.0
32,0.0,heterogeneous,4.0,SLOT-RAND-LBA,105,5.0,70.0,65.0
32,0.0,heterogeneous,16.0,POOL-LBA(=yours),105,1.0,68.0,67.0
32,0.0,heterogeneous,16.0,SLOT-G-DEF,105,65.0,100.0,35.0
32,0.0,heterogeneous,16.0,SLOT-G-LBA,105,9.0,63.0,72.0
32,0.0,heterogeneous,16.0,SLOT-LFT-DEF,107,79.0,107.0,28.0
32,0.0,heterogeneous,16.0,SLOT-LFT-LBA,107,1.0,67.0,68.0
32,0.0,heterogeneous,16.0,SLOT-RAND-DEF,105,63.0,99.0,36.0
32,0.0,heterogeneous,16.0,SLOT-RAND-LBA,107,5.0,70.0,65.0
32,0.0,heterogeneous,64.0,POOL-LBA(=yours),105,1.0,68.0,67.0
32,0.0,heterogeneous,64.0,SLOT-G-DEF,105,65.0,100.0,35.0
32,0.0,heterogeneous,64.0,SLOT-G-LBA,105,9.0,63.0,72.0
32,0.0,heterogeneous,64.0,SLOT-LFT-DEF,107,79.0,107.0,28.0
32,0.0,heterogeneous,64.0,SLOT-LFT-LBA,107,1.0,67.0,68.0
32,0.0,heterogeneous,64.0,SLOT-RAND-DEF,105,65.0,100.0,35.0
32,0.0,heterogeneous,64.0,SLOT-RAND-LBA,109,1.0,68.0,67.0
32,0.1,uniform,,POOL-LBA(=yours),120,1.0,78.0,77.0
32,0.1,uniform,,SLOT-G-DEF,120,73.0,114.0,41.0
32,0.1,uniform,,SLOT-G-LBA,120,11.0,72.0,83.0
32,0.1,uniform,,SLOT-LFT-DEF,122,89.0,122.0,33.0
32,0.1,uniform,,SLOT-LFT-LBA,122,3.0,76.0,79.0
32,0.1,uniform,,SLOT-RAND-DEF,122,89.0,122.0,33.0
32,0.1,uniform,,SLOT-RAND-LBA,122,1.0,77.0,78.0
32,0.1,heterogeneous,4.0,POOL-LBA(=yours),116,6.0,77.0,71.0
32,0.1,heterogeneous,4.0,SLOT-G-DEF,116,74.0,111.0,37.0
32,0.1,heterogeneous,4.0,SLOT-G-LBA,116,8.0,78.0,70.0
32,0.1,heterogeneous,4.0,SLOT-LFT-DEF,117,86.0,117.0,31.0
32,0.1,heterogeneous,4.0,SLOT-LFT-LBA,117,0.0,74.0,74.0
32,0.1,heterogeneous,4.0,SLOT-RAND-DEF,117,86.0,117.0,31.0
32,0.1,heterogeneous,4.0,SLOT-RAND-LBA,115,0.0,74.0,74.0
32,0.1,heterogeneous,16.0,POOL-LBA(=yours),115,1.0,73.0,72.0
32,0.1,heterogeneous,16.0,SLOT-G-DEF,115,85.0,115.0,30.0
32,0.1,heterogeneous,16.0,SLOT-G-LBA,115,1.0,73.0,72.0
32,0.1,heterogeneous,16.0,SLOT-LFT-DEF,116,79.0,112.0,33.0
32,0.1,heterogeneous,16.0,SLOT-LFT-LBA,116,1.0,73.0,72.0
32,0.1,heterogeneous,16.0,SLOT-RAND-DEF,117,89.0,117.0,28.0
32,0.1,heterogeneous,16.0,SLOT-RAND-LBA,115,3.0,71.0,74.0
32,0.1,heterogeneous,64.0,POOL-LBA(=yours),115,3.0,75.0,72.0
32,0.1,heterogeneous,64.0,SLOT-G-DEF,115,69.0,108.0,39.0
32,0.1,heterogeneous,64.0,SLOT-G-LBA,115,13.0,80.0,67.0
32,0.1,heterogeneous,64.0,SLOT-LFT-DEF,116,85.0,116.0,31.0
32,0.1,heterogeneous,64.0,SLOT-LFT-LBA,116,3.0,72.0,75.0
32,0.1,heterogeneous,64.0,SLOT-RAND-DEF,115,57.0,102.0,45.0
32,0.1,heterogeneous,64.0,SLOT-RAND-LBA,119,3.0,72.0,75.0
32,0.2,uniform,,POOL-LBA(=yours),125,2.0,81.0,79.0
32,0.2,uniform,,SLOT-G-DEF,125,78.0,119.0,41.0
32,0.2,uniform,,SLOT-G-LBA,125,12.0,86.0,74.0
32,0.2,uniform,,SLOT-LFT-DEF,127,94.0,127.0,33.0
32,0.2,uniform,,SLOT-LFT-LBA,127,0.0,80.0,80.0
32,0.2,uniform,,SLOT-RAND-DEF,125,74.0,117.0,43.0
32,0.2,uniform,,SLOT-RAND-LBA,127,8.0,76.0,84.0
32,0.2,heterogeneous,4.0,POOL-LBA(=yours),128,7.0,77.0,84.0
32,0.2,heterogeneous,4.0,SLOT-G-DEF,128,93.0,127.0,34.0
32,0.2,heterogeneous,4.0,SLOT-G-LBA,128,7.0,84.0,77.0
32,0.2,heterogeneous,4.0,SLOT-LFT-DEF,129,97.0,129.0,32.0
32,0.2,heterogeneous,4.0,SLOT-LFT-LBA,129,7.0,84.0,77.0
32,0.2,heterogeneous,4.0,SLOT-RAND-DEF,133,91.0,126.0,35.0
32,0.2,heterogeneous,4.0,SLOT-RAND-LBA,128,3.0,82.0,79.0
32,0.2,heterogeneous,16.0,POOL-LBA(=yours),126,3.0,83.0,80.0
32,0.2,heterogeneous,16.0,SLOT-G-DEF,126,77.0,120.0,43.0
32,0.2,heterogeneous,16.0,SLOT-G-LBA,126,13.0,88.0,75.0
32,0.2,heterogeneous,16.0,SLOT-LFT-DEF,128,83.0,123.0,40.0
32,0.2,heterogeneous,16.0,SLOT-LFT-LBA,128,1.0,82.0,81.0
32,0.2,heterogeneous,16.0,SLOT-RAND-DEF,126,77.0,120.0,43.0
32,0.2,heterogeneous,16.0,SLOT-RAND-LBA,130,1.0,82.0,81.0
32,0.2,heterogeneous,64.0,POOL-LBA(=yours),124,1.0,81.0,80.0
32,0.2,heterogeneous,64.0,SLOT-G-DEF,124,75.0,118.0,43.0
32,0.2,heterogeneous,64.0,SLOT-G-LBA,124,11.0,75.0,86.0
32,0.2,heterogeneous,64.0,SLOT-LFT-DEF,127,93.0,127.0,34.0
32,0.2,heterogeneous,64.0,SLOT-LFT-LBA,127,3.0,79.0,82.0
32,0.2,heterogeneous,64.0,SLOT-RAND-DEF,127,81.0,121.0,40.0
32,0.2,heterogeneous,64.0,SLOT-RAND-LBA,127,5.0,83.0,78.0
32,0.3,uniform,,POOL-LBA(=yours),134,0.0,86.0,86.0
32,0.3,uniform,,SLOT-G-DEF,134,82.0,127.0,45.0
32,0.3,uniform,,SLOT-G-LBA,134,14.0,93.0,79.0
32,0.3,uniform,,SLOT-LFT-DEF,136,90.0,131.0,41.0
32,0.3,uniform,,SLOT-LFT-LBA,136,0.0,86.0,86.0
32,0.3,uniform,,SLOT-RAND-DEF,134,80.0,126.0,46.0
32,0.3,uniform,,SLOT-RAND-LBA,136,0.0,86.0,86.0
32,0.3,heterogeneous,4.0,POOL-LBA(=yours),134,2.0,87.0,85.0
32,0.3,heterogeneous,4.0,SLOT-G-DEF,134,80.0,126.0,46.0
32,0.3,heterogeneous,4.0,SLOT-G-LBA,134,16.0,78.0,94.0
32,0.3,heterogeneous,4.0,SLOT-LFT-DEF,133,92.0,132.0,40.0
32,0.3,heterogeneous,4.0,SLOT-LFT-LBA,133,4.0,88.0,84.0
32,0.3,heterogeneous,4.0,SLOT-RAND-DEF,134,74.0,123.0,49.0
32,0.3,heterogeneous,4.0,SLOT-RAND-LBA,133,10.0,81.0,91.0
32,0.3,heterogeneous,16.0,POOL-LBA(=yours),138,1.0,87.0,88.0
32,0.3,heterogeneous,16.0,SLOT-G-DEF,138,87.0,131.0,44.0
32,0.3,heterogeneous,16.0,SLOT-G-LBA,138,13.0,94.0,81.0
32,0.3,heterogeneous,16.0,SLOT-LFT-DEF,139,103.0,139.0,36.0
32,0.3,heterogeneous,16.0,SLOT-LFT-LBA,139,1.0,87.0,88.0
32,0.3,heterogeneous,16.0,SLOT-RAND-DEF,138,101.0,138.0,37.0
32,0.3,heterogeneous,16.0,SLOT-RAND-LBA,137,7.0,84.0,91.0
32,0.3,heterogeneous,64.0,POOL-LBA(=yours),138,4.0,91.0,87.0
32,0.3,heterogeneous,64.0,SLOT-G-DEF,138,86.0,132.0,46.0
32,0.3,heterogeneous,64.0,SLOT-G-LBA,138,12.0,95.0,83.0
32,0.3,heterogeneous,64.0,SLOT-LFT-DEF,140,90.0,134.0,44.0
32,0.3,heterogeneous,64.0,SLOT-LFT-LBA,140,2.0,88.0,90.0
32,0.3,heterogeneous,64.0,SLOT-RAND-DEF,141,88.0,133.0,45.0
32,0.3,heterogeneous,64.0,SLOT-RAND-LBA,140,6.0,86.0,92.0
33,0.0,uniform,,POOL-LBA(=yours),102,6.0,68.0,74.0
33,0.0,uniform,,SLOT-G-DEF,102,46.0,94.0,48.0
33,0.0,uniform,,SLOT-G-LBA,102,6.0,68.0,74.0
33,0.0,uniform,,SLOT-LFT-DEF,102,46.0,94.0,48.0
33,0.0,uniform,,SLOT-LFT-LBA,102,10.0,76.0,66.0
33,0.0,uniform,,SLOT-RAND-DEF,103,60.0,101.0,41.0
33,0.0,uniform,,SLOT-RAND-LBA,103,2.0,72.0,70.0
33,0.0,heterogeneous,4.0,POOL-LBA(=yours),102,6.0,68.0,74.0
33,0.0,heterogeneous,4.0,SLOT-G-DEF,102,46.0,94.0,48.0
33,0.0,heterogeneous,4.0,SLOT-G-LBA,102,6.0,68.0,74.0
33,0.0,heterogeneous,4.0,SLOT-LFT-DEF,102,46.0,94.0,48.0
33,0.0,heterogeneous,4.0,SLOT-LFT-LBA,102,10.0,76.0,66.0
33,0.0,heterogeneous,4.0,SLOT-RAND-DEF,106,64.0,103.0,39.0
33,0.0,heterogeneous,4.0,SLOT-RAND-LBA,101,0.0,71.0,71.0
33,0.0,heterogeneous,16.0,POOL-LBA(=yours),102,6.0,68.0,74.0
33,0.0,heterogeneous,16.0,SLOT-G-DEF,102,46.0,94.0,48.0
33,0.0,heterogeneous,16.0,SLOT-G-LBA,102,6.0,68.0,74.0
33,0.0,heterogeneous,16.0,SLOT-LFT-DEF,102,46.0,94.0,48.0
33,0.0,heterogeneous,16.0,SLOT-LFT-LBA,102,10.0,76.0,66.0
33,0.0,heterogeneous,16.0,SLOT-RAND-DEF,101,60.0,101.0,41.0
33,0.0,heterogeneous,16.0,SLOT-RAND-LBA,102,14.0,64.0,78.0
33,0.0,heterogeneous,64.0,POOL-LBA(=yours),102,6.0,68.0,74.0
33,0.0,heterogeneous,64.0,SLOT-G-DEF,102,46.0,94.0,48.0
33,0.0,heterogeneous,64.0,SLOT-G-LBA,102,6.0,68.0,74.0
33,0.0,heterogeneous,64.0,SLOT-LFT-DEF,102,46.0,94.0,48.0
33,0.0,heterogeneous,64.0,SLOT-LFT-LBA,102,10.0,76.0,66.0
33,0.0,heterogeneous,64.0,SLOT-RAND-DEF,102,58.0,100.0,42.0
33,0.0,heterogeneous,64.0,SLOT-RAND-LBA,104,4.0,73.0,69.0
33,0.1,uniform,,POOL-LBA(=yours),116,8.0,85.0,77.0
33,0.1,uniform,,SLOT-G-DEF,116,52.0,107.0,55.0
33,0.1,uniform,,SLOT-G-LBA,116,8.0,85.0,77.0
33,0.1,uniform,,SLOT-LFT-DEF,116,52.0,107.0,55.0
33,0.1,uniform,,SLOT-LFT-LBA,116,12.0,87.0,75.0
33,0.1,uniform,,SLOT-RAND-DEF,116,66.0,114.0,48.0
33,0.1,uniform,,SLOT-RAND-LBA,116,2.0,80.0,82.0
33,0.1,heterogeneous,4.0,POOL-LBA(=yours),109,6.0,72.0,78.0
33,0.1,heterogeneous,4.0,SLOT-G-DEF,109,56.0,103.0,47.0
33,0.1,heterogeneous,4.0,SLOT-G-LBA,109,8.0,79.0,71.0
33,0.1,heterogeneous,4.0,SLOT-LFT-DEF,107,34.0,92.0,58.0
33,0.1,heterogeneous,4.0,SLOT-LFT-LBA,107,10.0,70.0,80.0
33,0.1,heterogeneous,4.0,SLOT-RAND-DEF,108,66.0,108.0,42.0
33,0.1,heterogeneous,4.0,SLOT-RAND-LBA,112,8.0,71.0,79.0
33,0.1,heterogeneous,16.0,POOL-LBA(=yours),116,7.0,76.0,83.0
33,0.1,heterogeneous,16.0,SLOT-G-DEF,116,53.0,106.0,53.0
33,0.1,heterogeneous,16.0,SLOT-G-LBA,116,7.0,76.0,83.0
33,0.1,heterogeneous,16.0,SLOT-LFT-DEF,114,55.0,107.0,52.0
33,0.1,heterogeneous,16.0,SLOT-LFT-LBA,114,7.0,83.0,76.0
33,0.1,heterogeneous,16.0,SLOT-RAND-DEF,118,57.0,108.0,51.0
33,0.1,heterogeneous,16.0,SLOT-RAND-LBA,114,5.0,82.0,77.0
33,0.1,heterogeneous,64.0,POOL-LBA(=yours),112,7.0,74.0,81.0
33,0.1,heterogeneous,64.0,SLOT-G-DEF,112,49.0,102.0,53.0
33,0.1,heterogeneous,64.0,SLOT-G-LBA,112,7.0,74.0,81.0
33,0.1,heterogeneous,64.0,SLOT-LFT-DEF,110,41.0,98.0,57.0
33,0.1,heterogeneous,64.0,SLOT-LFT-LBA,110,9.0,73.0,82.0
33,0.1,heterogeneous,64.0,SLOT-RAND-DEF,113,49.0,102.0,53.0
33,0.1,heterogeneous,64.0,SLOT-RAND-LBA,112,1.0,78.0,77.0
33,0.2,uniform,,POOL-LBA(=yours),123,7.0,81.0,88.0
33,0.2,uniform,,SLOT-G-DEF,123,55.0,112.0,57.0
33,0.2,uniform,,SLOT-G-LBA,123,9.0,89.0,80.0
33,0.2,uniform,,SLOT-LFT-DEF,122,55.0,112.0,57.0
33,0.2,uniform,,SLOT-LFT-LBA,122,11.0,90.0,79.0
33,0.2,uniform,,SLOT-RAND-DEF,120,67.0,118.0,51.0
33,0.2,uniform,,SLOT-RAND-LBA,121,1.0,85.0,84.0
33,0.2,heterogeneous,4.0,POOL-LBA(=yours),126,10.0,89.0,79.0
33,0.2,heterogeneous,4.0,SLOT-G-DEF,126,50.0,109.0,59.0
33,0.2,heterogeneous,4.0,SLOT-G-LBA,126,10.0,89.0,79.0
33,0.2,heterogeneous,4.0,SLOT-LFT-DEF,123,44.0,106.0,62.0
33,0.2,heterogeneous,4.0,SLOT-LFT-LBA,123,14.0,77.0,91.0
33,0.2,heterogeneous,4.0,SLOT-RAND-DEF,124,80.0,124.0,44.0
33,0.2,heterogeneous,4.0,SLOT-RAND-LBA,125,6.0,87.0,81.0
33,0.2,heterogeneous,16.0,POOL-LBA(=yours),122,8.0,89.0,81.0
33,0.2,heterogeneous,16.0,SLOT-G-DEF,122,52.0,111.0,59.0
33,0.2,heterogeneous,16.0,SLOT-G-LBA,122,8.0,89.0,81.0
33,0.2,heterogeneous,16.0,SLOT-LFT-DEF,120,46.0,108.0,62.0
33,0.2,heterogeneous,16.0,SLOT-LFT-LBA,120,10.0,80.0,90.0
33,0.2,heterogeneous,16.0,SLOT-RAND-DEF,123,56.0,113.0,57.0
33,0.2,heterogeneous,16.0,SLOT-RAND-LBA,123,4.0,83.0,87.0
33,0.2,heterogeneous,64.0,POOL-LBA(=yours),125,8.0,82.0,90.0
33,0.2,heterogeneous,64.0,SLOT-G-DEF,125,56.0,114.0,58.0
33,0.2,heterogeneous,64.0,SLOT-G-LBA,125,10.0,91.0,81.0
33,0.2,heterogeneous,64.0,SLOT-LFT-DEF,123,56.0,114.0,58.0
33,0.2,heterogeneous,64.0,SLOT-LFT-LBA,123,12.0,92.0,80.0
33,0.2,heterogeneous,64.0,SLOT-RAND-DEF,123,74.0,123.0,49.0
33,0.2,heterogeneous,64.0,SLOT-RAND-LBA,125,16.0,94.0,78.0
33,0.3,uniform,,POOL-LBA(=yours),131,8.0,95.0,87.0
33,0.3,uniform,,SLOT-G-DEF,131,60.0,121.0,61.0
33,0.3,uniform,,SLOT-G-LBA,131,8.0,87.0,95.0
33,0.3,uniform,,SLOT-LFT-DEF,131,60.0,121.0,61.0
33,0.3,uniform,,SLOT-LFT-LBA,131,12.0,97.0,85.0
33,0.3,uniform,,SLOT-RAND-DEF,131,80.0,131.0,51.0
33,0.3,uniform,,SLOT-RAND-LBA,135,8.0,87.0,95.0
33,0.3,heterogeneous,4.0,POOL-LBA(=yours),133,8.0,86.0,94.0
33,0.3,heterogeneous,4.0,SLOT-G-DEF,133,58.0,119.0,61.0
33,0.3,heterogeneous,4.0,SLOT-G-LBA,133,8.0,86.0,94.0
33,0.3,heterogeneous,4.0,SLOT-LFT-DEF,131,56.0,118.0,62.0
33,0.3,heterogeneous,4.0,SLOT-LFT-LBA,131,12.0,96.0,84.0
33,0.3,heterogeneous,4.0,SLOT-RAND-DEF,130,62.0,121.0,59.0
33,0.3,heterogeneous,4.0,SLOT-RAND-LBA,134,18.0,81.0,99.0
33,0.3,heterogeneous,16.0,POOL-LBA(=yours),132,8.0,87.0,95.0
33,0.3,heterogeneous,16.0,SLOT-G-DEF,132,58.0,120.0,62.0
33,0.3,heterogeneous,16.0,SLOT-G-LBA,132,10.0,96.0,86.0
33,0.3,heterogeneous,16.0,SLOT-LFT-DEF,131,56.0,119.0,63.0
33,0.3,heterogeneous,16.0,SLOT-LFT-LBA,131,12.0,97.0,85.0
33,0.3,heterogeneous,16.0,SLOT-RAND-DEF,130,54.0,118.0,64.0
33,0.3,heterogeneous,16.0,SLOT-RAND-LBA,137,8.0,95.0,87.0
33,0.3,heterogeneous,64.0,POOL-LBA(=yours),132,7.0,96.0,89.0
33,0.3,heterogeneous,64.0,SLOT-G-DEF,132,61.0,123.0,62.0
33,0.3,heterogeneous,64.0,SLOT-G-LBA,132,7.0,89.0,96.0
33,0.3,heterogeneous,64.0,SLOT-LFT-DEF,131,61.0,123.0,62.0
33,0.3,heterogeneous,64.0,SLOT-LFT-LBA,131,9.0,97.0,88.0
33,0.3,heterogeneous,64.0,SLOT-RAND-DEF,132,69.0,127.0,58.0
33,0.3,heterogeneous,64.0,SLOT-RAND-LBA,130,13.0,99.0,86.0
34,0.0,uniform,,POOL-LBA(=yours),109,6.0,75.0,69.0
34,0.0,uniform,,SLOT-G-DEF,109,54.0,99.0,45.0
34,0.0,uniform,,SLOT-G-LBA,109,8.0,76.0,68.0
34,0.0,uniform,,SLOT-LFT-DEF,103,54.0,99.0,45.0
34,0.0,uniform,,SLOT-LFT-LBA,103,8.0,76.0,68.0
34,0.0,uniform,,SLOT-RAND-DEF,104,56.0,100.0,44.0
34,0.0,uniform,,SLOT-RAND-LBA,104,4.0,74.0,70.0
34,0.0,heterogeneous,4.0,POOL-LBA(=yours),109,6.0,75.0,69.0
34,0.0,heterogeneous,4.0,SLOT-G-DEF,109,54.0,99.0,45.0
34,0.0,heterogeneous,4.0,SLOT-G-LBA,109,8.0,76.0,68.0
34,0.0,heterogeneous,4.0,SLOT-LFT-DEF,103,54.0,99.0,45.0
34,0.0,heterogeneous,4.0,SLOT-LFT-LBA,103,8.0,76.0,68.0
34,0.0,heterogeneous,4.0,SLOT-RAND-DEF,109,74.0,109.0,35.0
34,0.0,heterogeneous,4.0,SLOT-RAND-LBA,104,2.0,73.0,71.0
34,0.0,heterogeneous,16.0,POOL-LBA(=yours),109,6.0,75.0,69.0
34,0.0,heterogeneous,16.0,SLOT-G-DEF,109,54.0,99.0,45.0
34,0.0,heterogeneous,16.0,SLOT-G-LBA,109,8.0,76.0,68.0
34,0.0,heterogeneous,16.0,SLOT-LFT-DEF,103,54.0,99.0,45.0
34,0.0,heterogeneous,16.0,SLOT-LFT-LBA,103,8.0,76.0,68.0
34,0.0,heterogeneous,16.0,SLOT-RAND-DEF,111,78.0,111.0,33.0
34,0.0,heterogeneous,16.0,SLOT-RAND-LBA,104,0.0,72.0,72.0
34,0.0,heterogeneous,64.0,POOL-LBA(=yours),109,6.0,75.0,69.0
34,0.0,heterogeneous,64.0,SLOT-G-DEF,109,54.0,99.0,45.0
34,0.0,heterogeneous,64.0,SLOT-G-LBA,109,8.0,76.0,68.0
34,0.0,heterogeneous,64.0,SLOT-LFT-DEF,103,54.0,99.0,45.0
34,0.0,heterogeneous,64.0,SLOT-LFT-LBA,103,8.0,76.0,68.0
34,0.0,heterogeneous,64.0,SLOT-RAND-DEF,103,60.0,102.0,42.0
34,0.0,heterogeneous,64.0,SLOT-RAND-LBA,103,0.0,72.0,72.0
34,0.1,uniform,,POOL-LBA(=yours),124,6.0,79.0,85.0
34,0.1,uniform,,SLOT-G-DEF,124,60.0,112.0,52.0
34,0.1,uniform,,SLOT-G-LBA,124,10.0,87.0,77.0
34,0.1,uniform,,SLOT-LFT-DEF,117,60.0,112.0,52.0
34,0.1,uniform,,SLOT-LFT-LBA,117,10.0,87.0,77.0
34,0.1,uniform,,SLOT-RAND-DEF,124,84.0,124.0,40.0
34,0.1,uniform,,SLOT-RAND-LBA,115,6.0,85.0,79.0
34,0.1,heterogeneous,4.0,POOL-LBA(=yours),123,3.0,83.0,80.0
34,0.1,heterogeneous,4.0,SLOT-G-DEF,123,75.0,119.0,44.0
34,0.1,heterogeneous,4.0,SLOT-G-LBA,123,3.0,83.0,80.0
34,0.1,heterogeneous,4.0,SLOT-LFT-DEF,117,63.0,113.0,50.0
34,0.1,heterogeneous,4.0,SLOT-LFT-LBA,117,3.0,83.0,80.0
34,0.1,heterogeneous,4.0,SLOT-RAND-DEF,118,73.0,118.0,45.0
34,0.1,heterogeneous,4.0,SLOT-RAND-LBA,119,5.0,84.0,79.0
34,0.1,heterogeneous,16.0,POOL-LBA(=yours),117,7.0,81.0,74.0
34,0.1,heterogeneous,16.0,SLOT-G-DEF,117,53.0,104.0,51.0
34,0.1,heterogeneous,16.0,SLOT-G-LBA,117,9.0,82.0,73.0
34,0.1,heterogeneous,16.0,SLOT-LFT-DEF,110,55.0,105.0,50.0
34,0.1,heterogeneous,16.0,SLOT-LFT-LBA,110,7.0,74.0,81.0
34,0.1,heterogeneous,16.0,SLOT-RAND-DEF,111,67.0,111.0,44.0
34,0.1,heterogeneous,16.0,SLOT-RAND-LBA,110,5.0,80.0,75.0
34,0.1,heterogeneous,64.0,POOL-LBA(=yours),117,6.0,81.0,75.0
34,0.1,heterogeneous,64.0,SLOT-G-DEF,117,58.0,107.0,49.0
34,0.1,heterogeneous,64.0,SLOT-G-LBA,117,6.0,75.0,81.0
34,0.1,heterogeneous,64.0,SLOT-LFT-DEF,110,56.0,106.0,50.0
34,0.1,heterogeneous,64.0,SLOT-LFT-LBA,110,6.0,81.0,75.0
34,0.1,heterogeneous,64.0,SLOT-RAND-DEF,118,68.0,112.0,44.0
34,0.1,heterogeneous,64.0,SLOT-RAND-LBA,112,10.0,73.0,83.0
34,0.2,uniform,,POOL-LBA(=yours),131,7.0,90.0,83.0
34,0.2,uniform,,SLOT-G-DEF,131,67.0,120.0,53.0
34,0.2,uniform,,SLOT-G-LBA,131,9.0,91.0,82.0
34,0.2,uniform,,SLOT-LFT-DEF,124,67.0,120.0,53.0
34,0.2,uniform,,SLOT-LFT-LBA,124,9.0,91.0,82.0
34,0.2,uniform,,SLOT-RAND-DEF,124,61.0,117.0,56.0
34,0.2,uniform,,SLOT-RAND-LBA,126,13.0,80.0,93.0
34,0.2,heterogeneous,4.0,POOL-LBA(=yours),135,3.0,89.0,92.0
34,0.2,heterogeneous,4.0,SLOT-G-DEF,135,71.0,126.0,55.0
34,0.2,heterogeneous,4.0,SLOT-G-LBA,135,11.0,85.0,96.0
34,0.2,heterogeneous,4.0,SLOT-LFT-DEF,132,71.0,126.0,55.0
34,0.2,heterogeneous,4.0,SLOT-LFT-LBA,132,17.0,99.0,82.0
34,0.2,heterogeneous,4.0,SLOT-RAND-DEF,132,67.0,124.0,57.0
34,0.2,heterogeneous,4.0,SLOT-RAND-LBA,133,11.0,85.0,96.0
34,0.2,heterogeneous,16.0,POOL-LBA(=yours),129,7.0,89.0,82.0
34,0.2,heterogeneous,16.0,SLOT-G-DEF,129,63.0,117.0,54.0
34,0.2,heterogeneous,16.0,SLOT-G-LBA,129,9.0,90.0,81.0
34,0.2,heterogeneous,16.0,SLOT-LFT-DEF,121,61.0,116.0,55.0
34,0.2,heterogeneous,16.0,SLOT-LFT-LBA,121,11.0,91.0,80.0
34,0.2,heterogeneous,16.0,SLOT-RAND-DEF,121,69.0,120.0,51.0
34,0.2,heterogeneous,16.0,SLOT-RAND-LBA,122,5.0,88.0,83.0
34,0.2,heterogeneous,64.0,POOL-LBA(=yours),127,7.0,88.0,81.0
34,0.2,heterogeneous,64.0,SLOT-G-DEF,127,61.0,115.0,54.0
34,0.2,heterogeneous,64.0,SLOT-G-LBA,127,9.0,89.0,80.0
34,0.2,heterogeneous,64.0,SLOT-LFT-DEF,120,63.0,116.0,53.0
34,0.2,heterogeneous,64.0,SLOT-LFT-LBA,120,7.0,88.0,81.0
34,0.2,heterogeneous,64.0,SLOT-RAND-DEF,122,61.0,115.0,54.0
34,0.2,heterogeneous,64.0,SLOT-RAND-LBA,120,5.0,82.0,87.0
34,0.3,uniform,,POOL-LBA(=yours),139,7.0,95.0,88.0
34,0.3,uniform,,SLOT-G-DEF,139,67.0,125.0,58.0
34,0.3,uniform,,SLOT-G-LBA,139,11.0,97.0,86.0
34,0.3,uniform,,SLOT-LFT-DEF,131,67.0,125.0,58.0
34,0.3,uniform,,SLOT-LFT-LBA,131,11.0,97.0,86.0
34,0.3,uniform,,SLOT-RAND-DEF,131,79.0,131.0,52.0
34,0.3,uniform,,SLOT-RAND-LBA,141,9.0,87.0,96.0
34,0.3,heterogeneous,4.0,POOL-LBA(=yours),148,8.0,102.0,94.0
34,0.3,heterogeneous,4.0,SLOT-G-DEF,148,78.0,137.0,59.0
34,0.3,heterogeneous,4.0,SLOT-G-LBA,148,18.0,107.0,89.0
34,0.3,heterogeneous,4.0,SLOT-LFT-DEF,146,64.0,130.0,66.0
34,0.3,heterogeneous,4.0,SLOT-LFT-LBA,146,20.0,108.0,88.0
34,0.3,heterogeneous,4.0,SLOT-RAND-DEF,140,84.0,140.0,56.0
34,0.3,heterogeneous,4.0,SLOT-RAND-LBA,144,4.0,96.0,100.0
34,0.3,heterogeneous,16.0,POOL-LBA(=yours),148,6.0,94.0,100.0
34,0.3,heterogeneous,16.0,SLOT-G-DEF,148,82.0,138.0,56.0
34,0.3,heterogeneous,16.0,SLOT-G-LBA,148,10.0,102.0,92.0
34,0.3,heterogeneous,16.0,SLOT-LFT-DEF,139,64.0,129.0,65.0
34,0.3,heterogeneous,16.0,SLOT-LFT-LBA,139,8.0,101.0,93.0
34,0.3,heterogeneous,16.0,SLOT-RAND-DEF,140,76.0,135.0,59.0
34,0.3,heterogeneous,16.0,SLOT-RAND-LBA,139,16.0,89.0,105.0
34,0.3,heterogeneous,64.0,POOL-LBA(=yours),141,7.0,98.0,91.0
34,0.3,heterogeneous,64.0,SLOT-G-DEF,141,59.0,124.0,65.0
34,0.3,heterogeneous,64.0,SLOT-G-LBA,141,9.0,90.0,99.0
34,0.3,heterogeneous,64.0,SLOT-LFT-DEF,133,59.0,124.0,65.0
34,0.3,heterogeneous,64.0,SLOT-LFT-LBA,133,7.0,91.0,98.0
34,0.3,heterogeneous,64.0,SLOT-RAND-DEF,133,67.0,128.0,61.0
34,0.3,heterogeneous,64.0,SLOT-RAND-LBA,139,3.0,93.0,96.0
35,0.0,uniform,,POOL-LBA(=yours),100,4.0,66.0,70.0
35,0.0,uniform,,SLOT-G-DEF,100,46.0,91.0,45.0
35,0.0,uniform,,SLOT-G-LBA,100,10.0,73.0,63.0
35,0.0,uniform,,SLOT-LFT-DEF,98,52.0,94.0,42.0
35,0.0,uniform,,SLOT-LFT-LBA,98,2.0,67.0,69.0
35,0.0,uniform,,SLOT-RAND-DEF,103,52.0,94.0,42.0
35,0.0,uniform,,SLOT-RAND-LBA,99,2.0,67.0,69.0
35,0.0,heterogeneous,4.0,POOL-LBA(=yours),100,4.0,66.0,70.0
35,0.0,heterogeneous,4.0,SLOT-G-DEF,100,46.0,91.0,45.0
35,0.0,heterogeneous,4.0,SLOT-G-LBA,100,10.0,73.0,63.0
35,0.0,heterogeneous,4.0,SLOT-LFT-DEF,98,52.0,94.0,42.0
35,0.0,heterogeneous,4.0,SLOT-LFT-LBA,98,2.0,67.0,69.0
35,0.0,heterogeneous,4.0,SLOT-RAND-DEF,103,44.0,90.0,46.0
35,0.0,heterogeneous,4.0,SLOT-RAND-LBA,104,6.0,65.0,71.0
35,0.0,heterogeneous,16.0,POOL-LBA(=yours),100,4.0,66.0,70.0
35,0.0,heterogeneous,16.0,SLOT-G-DEF,100,46.0,91.0,45.0
35,0.0,heterogeneous,16.0,SLOT-G-LBA,100,10.0,73.0,63.0
35,0.0,heterogeneous,16.0,SLOT-LFT-DEF,98,52.0,94.0,42.0
35,0.0,heterogeneous,16.0,SLOT-LFT-LBA,98,2.0,67.0,69.0
35,0.0,heterogeneous,16.0,SLOT-RAND-DEF,104,52.0,94.0,42.0
35,0.0,heterogeneous,16.0,SLOT-RAND-LBA,98,8.0,72.0,64.0
35,0.0,heterogeneous,64.0,POOL-LBA(=yours),100,4.0,66.0,70.0
35,0.0,heterogeneous,64.0,SLOT-G-DEF,100,46.0,91.0,45.0
35,0.0,heterogeneous,64.0,SLOT-G-LBA,100,10.0,73.0,63.0
35,0.0,heterogeneous,64.0,SLOT-LFT-DEF,98,52.0,94.0,42.0
35,0.0,heterogeneous,64.0,SLOT-LFT-LBA,98,2.0,67.0,69.0
35,0.0,heterogeneous,64.0,SLOT-RAND-DEF,98,52.0,94.0,42.0
35,0.0,heterogeneous,64.0,SLOT-RAND-LBA,98,2.0,67.0,69.0
35,0.1,uniform,,POOL-LBA(=yours),114,4.0,76.0,80.0
35,0.1,uniform,,SLOT-G-DEF,114,50.0,103.0,53.0
35,0.1,uniform,,SLOT-G-LBA,114,10.0,83.0,73.0
35,0.1,uniform,,SLOT-LFT-DEF,112,58.0,107.0,49.0
35,0.1,uniform,,SLOT-LFT-LBA,112,2.0,77.0,79.0
35,0.1,uniform,,SLOT-RAND-DEF,114,72.0,114.0,42.0
35,0.1,uniform,,SLOT-RAND-LBA,112,12.0,72.0,84.0
35,0.1,heterogeneous,4.0,POOL-LBA(=yours),111,7.0,78.0,71.0
35,0.1,heterogeneous,4.0,SLOT-G-DEF,111,49.0,99.0,50.0
35,0.1,heterogeneous,4.0,SLOT-G-LBA,111,11.0,80.0,69.0
35,0.1,heterogeneous,4.0,SLOT-LFT-DEF,108,55.0,102.0,47.0
35,0.1,heterogeneous,4.0,SLOT-LFT-LBA,108,5.0,72.0,77.0
35,0.1,heterogeneous,4.0,SLOT-RAND-DEF,106,47.0,98.0,51.0
35,0.1,heterogeneous,4.0,SLOT-RAND-LBA,108,9.0,70.0,79.0
35,0.1,heterogeneous,16.0,POOL-LBA(=yours),107,4.0,70.0,74.0
35,0.1,heterogeneous,16.0,SLOT-G-DEF,107,52.0,98.0,46.0
35,0.1,heterogeneous,16.0,SLOT-G-LBA,107,12.0,78.0,66.0
35,0.1,heterogeneous,16.0,SLOT-LFT-DEF,104,56.0,100.0,44.0
35,0.1,heterogeneous,16.0,SLOT-LFT-LBA,104,4.0,70.0,74.0
35,0.1,heterogeneous,16.0,SLOT-RAND-DEF,103,62.0,103.0,41.0
35,0.1,heterogeneous,16.0,SLOT-RAND-LBA,105,2.0,73.0,71.0
35,0.1,heterogeneous,64.0,POOL-LBA(=yours),111,4.0,73.0,77.0
35,0.1,heterogeneous,64.0,SLOT-G-DEF,111,50.0,100.0,50.0
35,0.1,heterogeneous,64.0,SLOT-G-LBA,111,14.0,82.0,68.0
35,0.1,heterogeneous,64.0,SLOT-LFT-DEF,109,60.0,105.0,45.0
35,0.1,heterogeneous,64.0,SLOT-LFT-LBA,109,0.0,75.0,75.0
35,0.1,heterogeneous,64.0,SLOT-RAND-DEF,107,58.0,104.0,46.0
35,0.1,heterogeneous,64.0,SLOT-RAND-LBA,110,10.0,70.0,80.0
35,0.2,uniform,,POOL-LBA(=yours),119,6.0,84.0,78.0
35,0.2,uniform,,SLOT-G-DEF,119,56.0,109.0,53.0
35,0.2,uniform,,SLOT-G-LBA,119,14.0,88.0,74.0
35,0.2,uniform,,SLOT-LFT-DEF,117,64.0,113.0,49.0
35,0.2,uniform,,SLOT-LFT-LBA,117,2.0,80.0,82.0
35,0.2,uniform,,SLOT-RAND-DEF,119,54.0,108.0,54.0
35,0.2,uniform,,SLOT-RAND-LBA,119,8.0,77.0,85.0
35,0.2,heterogeneous,4.0,POOL-LBA(=yours),118,5.0,83.0,78.0
35,0.2,heterogeneous,4.0,SLOT-G-DEF,118,63.0,112.0,49.0
35,0.2,heterogeneous,4.0,SLOT-G-LBA,118,11.0,86.0,75.0
35,0.2,heterogeneous,4.0,SLOT-LFT-DEF,117,73.0,117.0,44.0
35,0.2,heterogeneous,4.0,SLOT-LFT-LBA,117,5.0,83.0,78.0
35,0.2,heterogeneous,4.0,SLOT-RAND-DEF,117,67.0,114.0,47.0
35,0.2,heterogeneous,4.0,SLOT-RAND-LBA,117,9.0,85.0,76.0
35,0.2,heterogeneous,16.0,POOL-LBA(=yours),120,8.0,85.0,77.0
35,0.2,heterogeneous,16.0,SLOT-G-DEF,120,54.0,108.0,54.0
35,0.2,heterogeneous,16.0,SLOT-G-LBA,120,14.0,74.0,88.0
35,0.2,heterogeneous,16.0,SLOT-LFT-DEF,118,64.0,113.0,49.0
35,0.2,heterogeneous,16.0,SLOT-LFT-LBA,118,6.0,84.0,78.0
35,0.2,heterogeneous,16.0,SLOT-RAND-DEF,117,56.0,109.0,53.0
35,0.2,heterogeneous,16.0,SLOT-RAND-LBA,125,0.0,81.0,81.0
35,0.2,heterogeneous,64.0,POOL-LBA(=yours),121,5.0,84.0,79.0
35,0.2,heterogeneous,64.0,SLOT-G-DEF,121,65.0,114.0,49.0
35,0.2,heterogeneous,64.0,SLOT-G-LBA,121,11.0,76.0,87.0
35,0.2,heterogeneous,64.0,SLOT-LFT-DEF,119,75.0,119.0,44.0
35,0.2,heterogeneous,64.0,SLOT-LFT-LBA,119,1.0,82.0,81.0
35,0.2,heterogeneous,64.0,SLOT-RAND-DEF,126,59.0,111.0,52.0
35,0.2,heterogeneous,64.0,SLOT-RAND-LBA,120,9.0,77.0,86.0
35,0.3,uniform,,POOL-LBA(=yours),127,4.0,84.0,88.0
35,0.3,uniform,,SLOT-G-DEF,127,60.0,116.0,56.0
35,0.3,uniform,,SLOT-G-LBA,127,12.0,92.0,80.0
35,0.3,uniform,,SLOT-LFT-DEF,124,66.0,119.0,53.0
35,0.3,uniform,,SLOT-LFT-LBA,124,4.0,84.0,88.0
35,0.3,uniform,,SLOT-RAND-DEF,126,58.0,115.0,57.0
35,0.3,uniform,,SLOT-RAND-LBA,128,4.0,88.0,84.0
35,0.3,heterogeneous,4.0,POOL-LBA(=yours),124,5.0,90.0,85.0
35,0.3,heterogeneous,4.0,SLOT-G-DEF,124,51.0,113.0,62.0
35,0.3,heterogeneous,4.0,SLOT-G-LBA,124,13.0,81.0,94.0
35,0.3,heterogeneous,4.0,SLOT-LFT-DEF,123,71.0,123.0,52.0
35,0.3,heterogeneous,4.0,SLOT-LFT-LBA,123,5.0,85.0,90.0
35,0.3,heterogeneous,4.0,SLOT-RAND-DEF,130,85.0,130.0,45.0
35,0.3,heterogeneous,4.0,SLOT-RAND-LBA,134,5.0,90.0,85.0
35,0.3,heterogeneous,16.0,POOL-LBA(=yours),133,6.0,93.0,87.0
35,0.3,heterogeneous,16.0,SLOT-G-DEF,133,70.0,125.0,55.0
35,0.3,heterogeneous,16.0,SLOT-G-LBA,133,16.0,82.0,98.0
35,0.3,heterogeneous,16.0,SLOT-LFT-DEF,128,76.0,128.0,52.0
35,0.3,heterogeneous,16.0,SLOT-LFT-LBA,128,0.0,90.0,90.0
35,0.3,heterogeneous,16.0,SLOT-RAND-DEF,130,46.0,113.0,67.0
35,0.3,heterogeneous,16.0,SLOT-RAND-LBA,128,12.0,84.0,96.0
35,0.3,heterogeneous,64.0,POOL-LBA(=yours),129,3.0,90.0,87.0
35,0.3,heterogeneous,64.0,SLOT-G-DEF,129,59.0,118.0,59.0
35,0.3,heterogeneous,64.0,SLOT-G-LBA,129,11.0,83.0,94.0
35,0.3,heterogeneous,64.0,SLOT-LFT-DEF,128,69.0,123.0,54.0
35,0.3,heterogeneous,64.0,SLOT-LFT-LBA,128,1.0,88.0,89.0
35,0.3,heterogeneous,64.0,SLOT-RAND-DEF,133,61.0,119.0,58.0
35,0.3,heterogeneous,64.0,SLOT-RAND-LBA,129,15.0,81.0,96.0
36,0.0,uniform,,POOL-LBA(=yours),107,0.0,74.0,74.0
36,0.0,uniform,,SLOT-G-DEF,107,48.0,98.0,50.0
36,0.0,uniform,,SLOT-G-LBA,107,2.0,73.0,75.0
36,0.0,uniform,,SLOT-LFT-DEF,106,54.0,101.0,47.0
36,0.0,uniform,,SLOT-LFT-LBA,106,2.0,75.0,73.0
36,0.0,uniform,,SLOT-RAND-DEF,106,64.0,106.0,42.0
36,0.0,uniform,,SLOT-RAND-LBA,111,4.0,76.0,72.0
36,0.0,heterogeneous,4.0,POOL-LBA(=yours),107,0.0,74.0,74.0
36,0.0,heterogeneous,4.0,SLOT-G-DEF,107,48.0,98.0,50.0
36,0.0,heterogeneous,4.0,SLOT-G-LBA,107,2.0,73.0,75.0
36,0.0,heterogeneous,4.0,SLOT-LFT-DEF,106,54.0,101.0,47.0
36,0.0,heterogeneous,4.0,SLOT-LFT-LBA,106,2.0,75.0,73.0
36,0.0,heterogeneous,4.0,SLOT-RAND-DEF,105,52.0,100.0,48.0
36,0.0,heterogeneous,4.0,SLOT-RAND-LBA,106,0.0,74.0,74.0
36,0.0,heterogeneous,16.0,POOL-LBA(=yours),107,0.0,74.0,74.0
36,0.0,heterogeneous,16.0,SLOT-G-DEF,107,48.0,98.0,50.0
36,0.0,heterogeneous,16.0,SLOT-G-LBA,107,2.0,73.0,75.0
36,0.0,heterogeneous,16.0,SLOT-LFT-DEF,106,54.0,101.0,47.0
36,0.0,heterogeneous,16.0,SLOT-LFT-LBA,106,2.0,75.0,73.0
36,0.0,heterogeneous,16.0,SLOT-RAND-DEF,113,68.0,108.0,40.0
36,0.0,heterogeneous,16.0,SLOT-RAND-LBA,108,12.0,68.0,80.0
36,0.0,heterogeneous,64.0,POOL-LBA(=yours),107,0.0,74.0,74.0
36,0.0,heterogeneous,64.0,SLOT-G-DEF,107,48.0,98.0,50.0
36,0.0,heterogeneous,64.0,SLOT-G-LBA,107,2.0,73.0,75.0
36,0.0,heterogeneous,64.0,SLOT-LFT-DEF,106,54.0,101.0,47.0
36,0.0,heterogeneous,64.0,SLOT-LFT-LBA,106,2.0,75.0,73.0
36,0.0,heterogeneous,64.0,SLOT-RAND-DEF,113,64.0,106.0,42.0
36,0.0,heterogeneous,64.0,SLOT-RAND-LBA,110,6.0,77.0,71.0
36,0.1,uniform,,POOL-LBA(=yours),121,0.0,84.0,84.0
36,0.1,uniform,,SLOT-G-DEF,121,54.0,111.0,57.0
36,0.1,uniform,,SLOT-G-LBA,121,2.0,83.0,85.0
36,0.1,uniform,,SLOT-LFT-DEF,120,60.0,114.0,54.0
36,0.1,uniform,,SLOT-LFT-LBA,120,2.0,85.0,83.0
36,0.1,uniform,,SLOT-RAND-DEF,121,42.0,105.0,63.0
36,0.1,uniform,,SLOT-RAND-LBA,122,16.0,92.0,76.0
36,0.1,heterogeneous,4.0,POOL-LBA(=yours),125,1.0,84.0,85.0
36,0.1,heterogeneous,4.0,SLOT-G-DEF,125,77.0,123.0,46.0
36,0.1,heterogeneous,4.0,SLOT-G-LBA,125,1.0,85.0,84.0
36,0.1,heterogeneous,4.0,SLOT-LFT-DEF,125,81.0,125.0,44.0
36,0.1,heterogeneous,4.0,SLOT-LFT-LBA,125,1.0,85.0,84.0
36,0.1,heterogeneous,4.0,SLOT-RAND-DEF,124,65.0,117.0,52.0
36,0.1,heterogeneous,4.0,SLOT-RAND-LBA,124,11.0,79.0,90.0
36,0.1,heterogeneous,16.0,POOL-LBA(=yours),118,2.0,83.0,81.0
36,0.1,heterogeneous,16.0,SLOT-G-DEF,118,60.0,112.0,52.0
36,0.1,heterogeneous,16.0,SLOT-G-LBA,118,2.0,83.0,81.0
36,0.1,heterogeneous,16.0,SLOT-LFT-DEF,117,62.0,113.0,51.0
36,0.1,heterogeneous,16.0,SLOT-LFT-LBA,117,4.0,84.0,80.0
36,0.1,heterogeneous,16.0,SLOT-RAND-DEF,121,78.0,121.0,43.0
36,0.1,heterogeneous,16.0,SLOT-RAND-LBA,122,2.0,81.0,83.0
36,0.1,heterogeneous,64.0,POOL-LBA(=yours),120,1.0,83.0,82.0
36,0.1,heterogeneous,64.0,SLOT-G-DEF,120,53.0,109.0,56.0
36,0.1,heterogeneous,64.0,SLOT-G-LBA,120,1.0,83.0,82.0
36,0.1,heterogeneous,64.0,SLOT-LFT-DEF,118,59.0,112.0,53.0
36,0.1,heterogeneous,64.0,SLOT-LFT-LBA,118,3.0,84.0,81.0
36,0.1,heterogeneous,64.0,SLOT-RAND-DEF,119,55.0,110.0,55.0
36,0.1,heterogeneous,64.0,SLOT-RAND-LBA,127,3.0,84.0,81.0
36,0.2,uniform,,POOL-LBA(=yours),129,2.0,90.0,88.0
36,0.2,uniform,,SLOT-G-DEF,129,56.0,117.0,61.0
36,0.2,uniform,,SLOT-G-LBA,129,4.0,87.0,91.0
36,0.2,uniform,,SLOT-LFT-DEF,127,64.0,121.0,57.0
36,0.2,uniform,,SLOT-LFT-LBA,127,0.0,89.0,89.0
36,0.2,uniform,,SLOT-RAND-DEF,132,68.0,123.0,55.0
36,0.2,uniform,,SLOT-RAND-LBA,127,10.0,94.0,84.0
36,0.2,heterogeneous,4.0,POOL-LBA(=yours),125,0.0,86.0,86.0
36,0.2,heterogeneous,4.0,SLOT-G-DEF,125,54.0,113.0,59.0
36,0.2,heterogeneous,4.0,SLOT-G-LBA,125,4.0,84.0,88.0
36,0.2,heterogeneous,4.0,SLOT-LFT-DEF,123,66.0,119.0,53.0
36,0.2,heterogeneous,4.0,SLOT-LFT-LBA,123,2.0,87.0,85.0
36,0.2,heterogeneous,4.0,SLOT-RAND-DEF,132,92.0,132.0,40.0
36,0.2,heterogeneous,4.0,SLOT-RAND-LBA,127,4.0,84.0,88.0
36,0.2,heterogeneous,16.0,POOL-LBA(=yours),126,2.0,87.0,89.0
36,0.2,heterogeneous,16.0,SLOT-G-DEF,126,70.0,123.0,53.0
36,0.2,heterogeneous,16.0,SLOT-G-LBA,126,4.0,90.0,86.0
36,0.2,heterogeneous,16.0,SLOT-LFT-DEF,126,76.0,126.0,50.0
36,0.2,heterogeneous,16.0,SLOT-LFT-LBA,126,2.0,87.0,89.0
36,0.2,heterogeneous,16.0,SLOT-RAND-DEF,125,64.0,120.0,56.0
36,0.2,heterogeneous,16.0,SLOT-RAND-LBA,128,0.0,88.0,88.0
36,0.2,heterogeneous,64.0,POOL-LBA(=yours),130,0.0,90.0,90.0
36,0.2,heterogeneous,64.0,SLOT-G-DEF,130,74.0,127.0,53.0
36,0.2,heterogeneous,64.0,SLOT-G-LBA,130,2.0,89.0,91.0
36,0.2,heterogeneous,64.0,SLOT-LFT-DEF,130,80.0,130.0,50.0
36,0.2,heterogeneous,64.0,SLOT-LFT-LBA,130,0.0,90.0,90.0
36,0.2,heterogeneous,64.0,SLOT-RAND-DEF,130,74.0,127.0,53.0
36,0.2,heterogeneous,64.0,SLOT-RAND-LBA,131,2.0,91.0,89.0
36,0.3,uniform,,POOL-LBA(=yours),138,0.0,95.0,95.0
36,0.3,uniform,,SLOT-G-DEF,138,62.0,126.0,64.0
36,0.3,uniform,,SLOT-G-LBA,138,2.0,94.0,96.0
36,0.3,uniform,,SLOT-LFT-DEF,137,70.0,130.0,60.0
36,0.3,uniform,,SLOT-LFT-LBA,137,4.0,97.0,93.0
36,0.3,uniform,,SLOT-RAND-DEF,138,62.0,126.0,64.0
36,0.3,uniform,,SLOT-RAND-LBA,139,16.0,103.0,87.0
36,0.3,heterogeneous,4.0,POOL-LBA(=yours),144,1.0,99.0,98.0
36,0.3,heterogeneous,4.0,SLOT-G-DEF,144,73.0,135.0,62.0
36,0.3,heterogeneous,4.0,SLOT-G-LBA,144,1.0,98.0,99.0
36,0.3,heterogeneous,4.0,SLOT-LFT-DEF,140,81.0,139.0,58.0
36,0.3,heterogeneous,4.0,SLOT-LFT-LBA,140,1.0,99.0,98.0
36,0.3,heterogeneous,4.0,SLOT-RAND-DEF,152,85.0,141.0,56.0
36,0.3,heterogeneous,4.0,SLOT-RAND-LBA,140,15.0,91.0,106.0
36,0.3,heterogeneous,16.0,POOL-LBA(=yours),138,1.0,96.0,97.0
36,0.3,heterogeneous,16.0,SLOT-G-DEF,138,77.0,135.0,58.0
36,0.3,heterogeneous,16.0,SLOT-G-LBA,138,1.0,96.0,97.0
36,0.3,heterogeneous,16.0,SLOT-LFT-DEF,137,81.0,137.0,56.0
36,0.3,heterogeneous,16.0,SLOT-LFT-LBA,137,3.0,98.0,95.0
36,0.3,heterogeneous,16.0,SLOT-RAND-DEF,139,69.0,131.0,62.0
36,0.3,heterogeneous,16.0,SLOT-RAND-LBA,141,1.0,96.0,97.0
36,0.3,heterogeneous,64.0,POOL-LBA(=yours),139,0.0,96.0,96.0
36,0.3,heterogeneous,64.0,SLOT-G-DEF,139,62.0,127.0,65.0
36,0.3,heterogeneous,64.0,SLOT-G-LBA,139,0.0,96.0,96.0
36,0.3,heterogeneous,64.0,SLOT-LFT-DEF,138,70.0,131.0,61.0
36,0.3,heterogeneous,64.0,SLOT-LFT-LBA,138,2.0,97.0,95.0
36,0.3,heterogeneous,64.0,SLOT-RAND-DEF,140,56.0,124.0,68.0
36,0.3,heterogeneous,64.0,SLOT-RAND-LBA,142,6.0,93.0,99.0
37,0.0,uniform,,POOL-LBA(=yours),96,3.0,69.0,66.0
37,0.0,uniform,,SLOT-G-DEF,96,49.0,92.0,43.0
37,0.0,uniform,,SLOT-G-LBA,96,1.0,68.0,67.0
37,0.0,uniform,,SLOT-LFT-DEF,96,43.0,89.0,46.0
37,0.0,uniform,,SLOT-LFT-LBA,96,1.0,67.0,68.0
37,0.0,uniform,,SLOT-RAND-DEF,99,53.0,94.0,41.0
37,0.0,uniform,,SLOT-RAND-LBA,96,1.0,67.0,68.0
37,0.0,heterogeneous,4.0,POOL-LBA(=yours),96,3.0,69.0,66.0
37,0.0,heterogeneous,4.0,SLOT-G-DEF,96,49.0,92.0,43.0
37,0.0,heterogeneous,4.0,SLOT-G-LBA,96,1.0,68.0,67.0
37,0.0,heterogeneous,4.0,SLOT-LFT-DEF,96,43.0,89.0,46.0
37,0.0,heterogeneous,4.0,SLOT-LFT-LBA,96,1.0,67.0,68.0
37,0.0,heterogeneous,4.0,SLOT-RAND-DEF,100,57.0,96.0,39.0
37,0.0,heterogeneous,4.0,SLOT-RAND-LBA,101,3.0,69.0,66.0
37,0.0,heterogeneous,16.0,POOL-LBA(=yours),96,3.0,69.0,66.0
37,0.0,heterogeneous,16.0,SLOT-G-DEF,96,49.0,92.0,43.0
37,0.0,heterogeneous,16.0,SLOT-G-LBA,96,1.0,68.0,67.0
37,0.0,heterogeneous,16.0,SLOT-LFT-DEF,96,43.0,89.0,46.0
37,0.0,heterogeneous,16.0,SLOT-LFT-LBA,96,1.0,67.0,68.0
37,0.0,heterogeneous,16.0,SLOT-RAND-DEF,101,55.0,95.0,40.0
37,0.0,heterogeneous,16.0,SLOT-RAND-LBA,95,5.0,65.0,70.0
37,0.0,heterogeneous,64.0,POOL-LBA(=yours),96,3.0,69.0,66.0
37,0.0,heterogeneous,64.0,SLOT-G-DEF,96,49.0,92.0,43.0
37,0.0,heterogeneous,64.0,SLOT-G-LBA,96,1.0,68.0,67.0
37,0.0,heterogeneous,64.0,SLOT-LFT-DEF,96,43.0,89.0,46.0
37,0.0,heterogeneous,64.0,SLOT-LFT-LBA,96,1.0,67.0,68.0
37,0.0,heterogeneous,64.0,SLOT-RAND-DEF,96,55.0,95.0,40.0
37,0.0,heterogeneous,64.0,SLOT-RAND-LBA,98,1.0,68.0,67.0
37,0.1,uniform,,POOL-LBA(=yours),110,3.0,79.0,76.0
37,0.1,uniform,,SLOT-G-DEF,110,55.0,105.0,50.0
37,0.1,uniform,,SLOT-G-LBA,110,1.0,78.0,77.0
37,0.1,uniform,,SLOT-LFT-DEF,110,49.0,102.0,53.0
37,0.1,uniform,,SLOT-LFT-LBA,110,1.0,77.0,78.0
37,0.1,uniform,,SLOT-RAND-DEF,117,55.0,105.0,50.0
37,0.1,uniform,,SLOT-RAND-LBA,116,3.0,79.0,76.0
37,0.1,heterogeneous,4.0,POOL-LBA(=yours),108,3.0,75.0,72.0
37,0.1,heterogeneous,4.0,SLOT-G-DEF,108,53.0,100.0,47.0
37,0.1,heterogeneous,4.0,SLOT-G-LBA,108,1.0,73.0,74.0
37,0.1,heterogeneous,4.0,SLOT-LFT-DEF,108,41.0,94.0,53.0
37,0.1,heterogeneous,4.0,SLOT-LFT-LBA,108,1.0,74.0,73.0
37,0.1,heterogeneous,4.0,SLOT-RAND-DEF,102,41.0,94.0,53.0
37,0.1,heterogeneous,4.0,SLOT-RAND-LBA,105,1.0,73.0,74.0
37,0.1,heterogeneous,16.0,POOL-LBA(=yours),103,5.0,74.0,69.0
37,0.1,heterogeneous,16.0,SLOT-G-DEF,103,63.0,103.0,40.0
37,0.1,heterogeneous,16.0,SLOT-G-LBA,103,3.0,70.0,73.0
37,0.1,heterogeneous,16.0,SLOT-LFT-DEF,103,43.0,93.0,50.0
37,0.1,heterogeneous,16.0,SLOT-LFT-LBA,103,1.0,72.0,71.0
37,0.1,heterogeneous,16.0,SLOT-RAND-DEF,101,45.0,94.0,49.0
37,0.1,heterogeneous,16.0,SLOT-RAND-LBA,99,7.0,68.0,75.0
37,0.1,heterogeneous,64.0,POOL-LBA(=yours),105,4.0,76.0,72.0
37,0.1,heterogeneous,64.0,SLOT-G-DEF,105,54.0,101.0,47.0
37,0.1,heterogeneous,64.0,SLOT-G-LBA,105,0.0,74.0,74.0
37,0.1,heterogeneous,64.0,SLOT-LFT-DEF,105,48.0,98.0,50.0
37,0.1,heterogeneous,64.0,SLOT-LFT-LBA,105,0.0,74.0,74.0
37,0.1,heterogeneous,64.0,SLOT-RAND-DEF,106,64.0,106.0,42.0
37,0.1,heterogeneous,64.0,SLOT-RAND-LBA,104,6.0,71.0,77.0
37,0.2,uniform,,POOL-LBA(=yours),113,2.0,81.0,79.0
37,0.2,uniform,,SLOT-G-DEF,113,52.0,106.0,54.0
37,0.2,uniform,,SLOT-G-LBA,113,2.0,81.0,79.0
37,0.2,uniform,,SLOT-LFT-DEF,113,52.0,106.0,54.0
37,0.2,uniform,,SLOT-LFT-LBA,113,0.0,80.0,80.0
37,0.2,uniform,,SLOT-RAND-DEF,115,54.0,107.0,53.0
37,0.2,uniform,,SLOT-RAND-LBA,115,0.0,80.0,80.0
37,0.2,heterogeneous,4.0,POOL-LBA(=yours),112,4.0,76.0,80.0
37,0.2,heterogeneous,4.0,SLOT-G-DEF,112,58.0,107.0,49.0
37,0.2,heterogeneous,4.0,SLOT-G-LBA,112,2.0,77.0,79.0
37,0.2,heterogeneous,4.0,SLOT-LFT-DEF,114,62.0,109.0,47.0
37,0.2,heterogeneous,4.0,SLOT-LFT-LBA,114,0.0,78.0,78.0
37,0.2,heterogeneous,4.0,SLOT-RAND-DEF,111,64.0,110.0,46.0
37,0.2,heterogeneous,4.0,SLOT-RAND-LBA,118,10.0,83.0,73.0
37,0.2,heterogeneous,16.0,POOL-LBA(=yours),114,2.0,78.0,80.0
37,0.2,heterogeneous,16.0,SLOT-G-DEF,114,70.0,114.0,44.0
37,0.2,heterogeneous,16.0,SLOT-G-LBA,114,0.0,79.0,79.0
37,0.2,heterogeneous,16.0,SLOT-LFT-DEF,114,52.0,105.0,53.0
37,0.2,heterogeneous,16.0,SLOT-LFT-LBA,114,4.0,81.0,77.0
37,0.2,heterogeneous,16.0,SLOT-RAND-DEF,113,56.0,107.0,51.0
37,0.2,heterogeneous,16.0,SLOT-RAND-LBA,116,8.0,83.0,75.0
37,0.2,heterogeneous,64.0,POOL-LBA(=yours),114,3.0,81.0,78.0
37,0.2,heterogeneous,64.0,SLOT-G-DEF,114,59.0,109.0,50.0
37,0.2,heterogeneous,64.0,SLOT-G-LBA,114,1.0,79.0,80.0
37,0.2,heterogeneous,64.0,SLOT-LFT-DEF,114,53.0,106.0,53.0
37,0.2,heterogeneous,64.0,SLOT-LFT-LBA,114,1.0,79.0,80.0
37,0.2,heterogeneous,64.0,SLOT-RAND-DEF,115,45.0,102.0,57.0
37,0.2,heterogeneous,64.0,SLOT-RAND-LBA,113,3.0,81.0,78.0
37,0.3,uniform,,POOL-LBA(=yours),122,3.0,84.0,87.0
37,0.3,uniform,,SLOT-G-DEF,122,63.0,117.0,54.0
37,0.3,uniform,,SLOT-G-LBA,122,1.0,86.0,85.0
37,0.3,uniform,,SLOT-LFT-DEF,122,55.0,113.0,58.0
37,0.3,uniform,,SLOT-LFT-LBA,122,1.0,85.0,86.0
37,0.3,uniform,,SLOT-RAND-DEF,123,53.0,112.0,59.0
37,0.3,uniform,,SLOT-RAND-LBA,122,5.0,88.0,83.0
37,0.3,heterogeneous,4.0,POOL-LBA(=yours),127,2.0,89.0,87.0
37,0.3,heterogeneous,4.0,SLOT-G-DEF,127,72.0,124.0,52.0
37,0.3,heterogeneous,4.0,SLOT-G-LBA,127,4.0,90.0,86.0
37,0.3,heterogeneous,4.0,SLOT-LFT-DEF,129,82.0,129.0,47.0
37,0.3,heterogeneous,4.0,SLOT-LFT-LBA,129,2.0,87.0,89.0
37,0.3,heterogeneous,4.0,SLOT-RAND-DEF,123,52.0,114.0,62.0
37,0.3,heterogeneous,4.0,SLOT-RAND-LBA,125,14.0,81.0,95.0
37,0.3,heterogeneous,16.0,POOL-LBA(=yours),124,5.0,90.0,85.0
37,0.3,heterogeneous,16.0,SLOT-G-DEF,124,73.0,124.0,51.0
37,0.3,heterogeneous,16.0,SLOT-G-LBA,124,1.0,87.0,88.0
37,0.3,heterogeneous,16.0,SLOT-LFT-DEF,124,51.0,113.0,62.0
37,0.3,heterogeneous,16.0,SLOT-LFT-LBA,124,5.0,90.0,85.0
37,0.3,heterogeneous,16.0,SLOT-RAND-DEF,124,61.0,118.0,57.0
37,0.3,heterogeneous,16.0,SLOT-RAND-LBA,129,1.0,87.0,88.0
37,0.3,heterogeneous,64.0,POOL-LBA(=yours),125,3.0,87.0,90.0
37,0.3,heterogeneous,64.0,SLOT-G-DEF,125,59.0,118.0,59.0
37,0.3,heterogeneous,64.0,SLOT-G-LBA,125,3.0,87.0,90.0
37,0.3,heterogeneous,64.0,SLOT-LFT-DEF,125,59.0,118.0,59.0
37,0.3,heterogeneous,64.0,SLOT-LFT-LBA,125,1.0,88.0,89.0
37,0.3,heterogeneous,64.0,SLOT-RAND-DEF,126,73.0,125.0,52.0
37,0.3,heterogeneous,64.0,SLOT-RAND-LBA,130,13.0,82.0,95.0
38,0.0,uniform,,POOL-LBA(=yours),109,0.0,70.0,70.0
38,0.0,uniform,,SLOT-G-DEF,109,62.0,101.0,39.0
38,0.0,uniform,,SLOT-G-LBA,109,0.0,70.0,70.0
38,0.0,uniform,,SLOT-LFT-DEF,102,52.0,96.0,44.0
38,0.0,uniform,,SLOT-LFT-LBA,102,6.0,67.0,73.0
38,0.0,uniform,,SLOT-RAND-DEF,104,64.0,102.0,38.0
38,0.0,uniform,,SLOT-RAND-LBA,106,0.0,70.0,70.0
38,0.0,heterogeneous,4.0,POOL-LBA(=yours),109,0.0,70.0,70.0
38,0.0,heterogeneous,4.0,SLOT-G-DEF,109,62.0,101.0,39.0
38,0.0,heterogeneous,4.0,SLOT-G-LBA,109,0.0,70.0,70.0
38,0.0,heterogeneous,4.0,SLOT-LFT-DEF,102,52.0,96.0,44.0
38,0.0,heterogeneous,4.0,SLOT-LFT-LBA,102,6.0,67.0,73.0
38,0.0,heterogeneous,4.0,SLOT-RAND-DEF,102,62.0,101.0,39.0
38,0.0,heterogeneous,4.0,SLOT-RAND-LBA,102,2.0,69.0,71.0
38,0.0,heterogeneous,16.0,POOL-LBA(=yours),109,0.0,70.0,70.0
38,0.0,heterogeneous,16.0,SLOT-G-DEF,109,62.0,101.0,39.0
38,0.0,heterogeneous,16.0,SLOT-G-LBA,109,0.0,70.0,70.0
38,0.0,heterogeneous,16.0,SLOT-LFT-DEF,102,52.0,96.0,44.0
38,0.0,heterogeneous,16.0,SLOT-LFT-LBA,102,6.0,67.0,73.0
38,0.0,heterogeneous,16.0,SLOT-RAND-DEF,109,78.0,109.0,31.0
38,0.0,heterogeneous,16.0,SLOT-RAND-LBA,105,6.0,73.0,67.0
38,0.0,heterogeneous,64.0,POOL-LBA(=yours),109,0.0,70.0,70.0
38,0.0,heterogeneous,64.0,SLOT-G-DEF,109,62.0,101.0,39.0
38,0.0,heterogeneous,64.0,SLOT-G-LBA,109,0.0,70.0,70.0
38,0.0,heterogeneous,64.0,SLOT-LFT-DEF,102,52.0,96.0,44.0
38,0.0,heterogeneous,64.0,SLOT-LFT-LBA,102,6.0,67.0,73.0
38,0.0,heterogeneous,64.0,SLOT-RAND-DEF,102,58.0,99.0,41.0
38,0.0,heterogeneous,64.0,SLOT-RAND-LBA,107,4.0,68.0,72.0
38,0.1,uniform,,POOL-LBA(=yours),124,0.0,80.0,80.0
38,0.1,uniform,,SLOT-G-DEF,124,72.0,116.0,44.0
38,0.1,uniform,,SLOT-G-LBA,124,0.0,80.0,80.0
38,0.1,uniform,,SLOT-LFT-DEF,116,58.0,109.0,51.0
38,0.1,uniform,,SLOT-LFT-LBA,116,6.0,77.0,83.0
38,0.1,uniform,,SLOT-RAND-DEF,122,84.0,122.0,38.0
38,0.1,uniform,,SLOT-RAND-LBA,114,6.0,83.0,77.0
38,0.1,heterogeneous,4.0,POOL-LBA(=yours),120,3.0,77.0,74.0
38,0.1,heterogeneous,4.0,SLOT-G-DEF,120,71.0,111.0,40.0
38,0.1,heterogeneous,4.0,SLOT-G-LBA,120,1.0,76.0,75.0
38,0.1,heterogeneous,4.0,SLOT-LFT-DEF,112,73.0,112.0,39.0
38,0.1,heterogeneous,4.0,SLOT-LFT-LBA,112,5.0,73.0,78.0
38,0.1,heterogeneous,4.0,SLOT-RAND-DEF,112,71.0,111.0,40.0
38,0.1,heterogeneous,4.0,SLOT-RAND-LBA,113,3.0,74.0,77.0
38,0.1,heterogeneous,16.0,POOL-LBA(=yours),116,1.0,75.0,74.0
38,0.1,heterogeneous,16.0,SLOT-G-DEF,116,65.0,107.0,42.0
38,0.1,heterogeneous,16.0,SLOT-G-LBA,116,1.0,75.0,74.0
38,0.1,heterogeneous,16.0,SLOT-LFT-DEF,107,53.0,101.0,48.0
38,0.1,heterogeneous,16.0,SLOT-LFT-LBA,107,3.0,73.0,76.0
38,0.1,heterogeneous,16.0,SLOT-RAND-DEF,112,75.0,112.0,37.0
38,0.1,heterogeneous,16.0,SLOT-RAND-LBA,113,7.0,78.0,71.0
38,0.1,heterogeneous,64.0,POOL-LBA(=yours),120,0.0,76.0,76.0
38,0.1,heterogeneous,64.0,SLOT-G-DEF,120,66.0,109.0,43.0
38,0.1,heterogeneous,64.0,SLOT-G-LBA,120,0.0,76.0,76.0
38,0.1,heterogeneous,64.0,SLOT-LFT-DEF,110,58.0,105.0,47.0
38,0.1,heterogeneous,64.0,SLOT-LFT-LBA,110,8.0,80.0,72.0
38,0.1,heterogeneous,64.0,SLOT-RAND-DEF,117,82.0,117.0,35.0
38,0.1,heterogeneous,64.0,SLOT-RAND-LBA,117,6.0,73.0,79.0
38,0.2,uniform,,POOL-LBA(=yours),131,0.0,84.0,84.0
38,0.2,uniform,,SLOT-G-DEF,131,72.0,120.0,48.0
38,0.2,uniform,,SLOT-G-LBA,131,0.0,84.0,84.0
38,0.2,uniform,,SLOT-LFT-DEF,122,62.0,115.0,53.0
38,0.2,uniform,,SLOT-LFT-LBA,122,8.0,88.0,80.0
38,0.2,uniform,,SLOT-RAND-DEF,122,74.0,121.0,47.0
38,0.2,uniform,,SLOT-RAND-LBA,126,2.0,83.0,85.0
38,0.2,heterogeneous,4.0,POOL-LBA(=yours),134,1.0,83.0,84.0
38,0.2,heterogeneous,4.0,SLOT-G-DEF,134,79.0,123.0,44.0
38,0.2,heterogeneous,4.0,SLOT-G-LBA,134,1.0,83.0,84.0
38,0.2,heterogeneous,4.0,SLOT-LFT-DEF,125,65.0,116.0,51.0
38,0.2,heterogeneous,4.0,SLOT-LFT-LBA,125,3.0,85.0,82.0
38,0.2,heterogeneous,4.0,SLOT-RAND-DEF,129,61.0,114.0,53.0
38,0.2,heterogeneous,4.0,SLOT-RAND-LBA,126,1.0,84.0,83.0
38,0.2,heterogeneous,16.0,POOL-LBA(=yours),131,3.0,85.0,82.0
38,0.2,heterogeneous,16.0,SLOT-G-DEF,131,77.0,122.0,45.0
38,0.2,heterogeneous,16.0,SLOT-G-LBA,131,3.0,85.0,82.0
38,0.2,heterogeneous,16.0,SLOT-LFT-DEF,123,67.0,117.0,50.0
38,0.2,heterogeneous,16.0,SLOT-LFT-LBA,123,11.0,89.0,78.0
38,0.2,heterogeneous,16.0,SLOT-RAND-DEF,125,57.0,112.0,55.0
38,0.2,heterogeneous,16.0,SLOT-RAND-LBA,123,9.0,88.0,79.0
38,0.2,heterogeneous,64.0,POOL-LBA(=yours),128,1.0,83.0,82.0
38,0.2,heterogeneous,64.0,SLOT-G-DEF,128,71.0,118.0,47.0
38,0.2,heterogeneous,64.0,SLOT-G-LBA,128,1.0,83.0,82.0
38,0.2,heterogeneous,64.0,SLOT-LFT-DEF,118,61.0,113.0,52.0
38,0.2,heterogeneous,64.0,SLOT-LFT-LBA,118,7.0,86.0,79.0
38,0.2,heterogeneous,64.0,SLOT-RAND-DEF,128,75.0,120.0,45.0
38,0.2,heterogeneous,64.0,SLOT-RAND-LBA,116,7.0,79.0,86.0
38,0.3,uniform,,POOL-LBA(=yours),139,2.0,90.0,88.0
38,0.3,uniform,,SLOT-G-DEF,139,80.0,129.0,49.0
38,0.3,uniform,,SLOT-G-LBA,139,2.0,90.0,88.0
38,0.3,uniform,,SLOT-LFT-DEF,130,68.0,123.0,55.0
38,0.3,uniform,,SLOT-LFT-LBA,130,8.0,85.0,93.0
38,0.3,uniform,,SLOT-RAND-DEF,134,52.0,115.0,63.0
38,0.3,uniform,,SLOT-RAND-LBA,135,0.0,89.0,89.0
38,0.3,heterogeneous,4.0,POOL-LBA(=yours),142,5.0,94.0,89.0
38,0.3,heterogeneous,4.0,SLOT-G-DEF,142,81.0,132.0,51.0
38,0.3,heterogeneous,4.0,SLOT-G-LBA,142,5.0,89.0,94.0
38,0.3,heterogeneous,4.0,SLOT-LFT-DEF,130,75.0,129.0,54.0
38,0.3,heterogeneous,4.0,SLOT-LFT-LBA,130,5.0,89.0,94.0
38,0.3,heterogeneous,4.0,SLOT-RAND-DEF,136,89.0,136.0,47.0
38,0.3,heterogeneous,4.0,SLOT-RAND-LBA,130,1.0,92.0,91.0
38,0.3,heterogeneous,16.0,POOL-LBA(=yours),140,2.0,91.0,89.0
38,0.3,heterogeneous,16.0,SLOT-G-DEF,140,84.0,132.0,48.0
38,0.3,heterogeneous,16.0,SLOT-G-LBA,140,2.0,91.0,89.0
38,0.3,heterogeneous,16.0,SLOT-LFT-DEF,130,66.0,123.0,57.0
38,0.3,heterogeneous,16.0,SLOT-LFT-LBA,130,4.0,88.0,92.0
38,0.3,heterogeneous,16.0,SLOT-RAND-DEF,137,84.0,132.0,48.0
38,0.3,heterogeneous,16.0,SLOT-RAND-LBA,132,4.0,92.0,88.0
38,0.3,heterogeneous,64.0,POOL-LBA(=yours),142,1.0,92.0,91.0
38,0.3,heterogeneous,64.0,SLOT-G-DEF,142,79.0,131.0,52.0
38,0.3,heterogeneous,64.0,SLOT-G-LBA,142,1.0,92.0,91.0
38,0.3,heterogeneous,64.0,SLOT-LFT-DEF,133,67.0,125.0,58.0
38,0.3,heterogeneous,64.0,SLOT-LFT-LBA,133,9.0,96.0,87.0
38,0.3,heterogeneous,64.0,SLOT-RAND-DEF,133,69.0,126.0,57.0
38,0.3,heterogeneous,64.0,SLOT-RAND-LBA,138,3.0,93.0,90.0
39,0.0,uniform,,POOL-LBA(=yours),133,1.0,74.0,75.0
39,0.0,uniform,,SLOT-G-DEF,133,117.0,133.0,16.0
39,0.0,uniform,,SLOT-G-LBA,133,1.0,74.0,75.0
39,0.0,uniform,,SLOT-LFT-DEF,125,101.0,125.0,24.0
39,0.0,uniform,,SLOT-LFT-LBA,125,1.0,74.0,75.0
39,0.0,uniform,,SLOT-RAND-DEF,125,91.0,120.0,29.0
39,0.0,uniform,,SLOT-RAND-LBA,125,7.0,71.0,78.0
39,0.0,heterogeneous,4.0,POOL-LBA(=yours),133,1.0,74.0,75.0
39,0.0,heterogeneous,4.0,SLOT-G-DEF,133,117.0,133.0,16.0
39,0.0,heterogeneous,4.0,SLOT-G-LBA,133,1.0,74.0,75.0
39,0.0,heterogeneous,4.0,SLOT-LFT-DEF,125,101.0,125.0,24.0
39,0.0,heterogeneous,4.0,SLOT-LFT-LBA,125,1.0,74.0,75.0
39,0.0,heterogeneous,4.0,SLOT-RAND-DEF,133,107.0,128.0,21.0
39,0.0,heterogeneous,4.0,SLOT-RAND-LBA,134,1.0,74.0,75.0
39,0.0,heterogeneous,16.0,POOL-LBA(=yours),133,1.0,74.0,75.0
39,0.0,heterogeneous,16.0,SLOT-G-DEF,133,117.0,133.0,16.0
39,0.0,heterogeneous,16.0,SLOT-G-LBA,133,1.0,74.0,75.0
39,0.0,heterogeneous,16.0,SLOT-LFT-DEF,125,101.0,125.0,24.0
39,0.0,heterogeneous,16.0,SLOT-LFT-LBA,125,1.0,74.0,75.0
39,0.0,heterogeneous,16.0,SLOT-RAND-DEF,133,117.0,133.0,16.0
39,0.0,heterogeneous,16.0,SLOT-RAND-LBA,127,5.0,72.0,77.0
39,0.0,heterogeneous,64.0,POOL-LBA(=yours),133,1.0,74.0,75.0
39,0.0,heterogeneous,64.0,SLOT-G-DEF,133,117.0,133.0,16.0
39,0.0,heterogeneous,64.0,SLOT-G-LBA,133,1.0,74.0,75.0
39,0.0,heterogeneous,64.0,SLOT-LFT-DEF,125,101.0,125.0,24.0
39,0.0,heterogeneous,64.0,SLOT-LFT-LBA,125,1.0,74.0,75.0
39,0.0,heterogeneous,64.0,SLOT-RAND-DEF,134,105.0,127.0,22.0
39,0.0,heterogeneous,64.0,SLOT-RAND-LBA,126,5.0,72.0,77.0
39,0.1,uniform,,POOL-LBA(=yours),151,1.0,84.0,85.0
39,0.1,uniform,,SLOT-G-DEF,151,133.0,151.0,18.0
39,0.1,uniform,,SLOT-G-LBA,151,1.0,84.0,85.0
39,0.1,uniform,,SLOT-LFT-DEF,142,115.0,142.0,27.0
39,0.1,uniform,,SLOT-LFT-LBA,142,1.0,84.0,85.0
39,0.1,uniform,,SLOT-RAND-DEF,151,121.0,145.0,24.0
39,0.1,uniform,,SLOT-RAND-LBA,142,7.0,81.0,88.0
39,0.1,heterogeneous,4.0,POOL-LBA(=yours),145,1.0,80.0,81.0
39,0.1,heterogeneous,4.0,SLOT-G-DEF,145,129.0,145.0,16.0
39,0.1,heterogeneous,4.0,SLOT-G-LBA,145,1.0,80.0,81.0
39,0.1,heterogeneous,4.0,SLOT-LFT-DEF,137,113.0,137.0,24.0
39,0.1,heterogeneous,4.0,SLOT-LFT-LBA,137,1.0,81.0,80.0
39,0.1,heterogeneous,4.0,SLOT-RAND-DEF,146,131.0,146.0,15.0
39,0.1,heterogeneous,4.0,SLOT-RAND-LBA,137,9.0,76.0,85.0
39,0.1,heterogeneous,16.0,POOL-LBA(=yours),147,2.0,84.0,82.0
39,0.1,heterogeneous,16.0,SLOT-G-DEF,147,128.0,147.0,19.0
39,0.1,heterogeneous,16.0,SLOT-G-LBA,147,2.0,84.0,82.0
39,0.1,heterogeneous,16.0,SLOT-LFT-DEF,138,110.0,138.0,28.0
39,0.1,heterogeneous,16.0,SLOT-LFT-LBA,138,2.0,84.0,82.0
39,0.1,heterogeneous,16.0,SLOT-RAND-DEF,138,102.0,134.0,32.0
39,0.1,heterogeneous,16.0,SLOT-RAND-LBA,139,0.0,83.0,83.0
39,0.1,heterogeneous,64.0,POOL-LBA(=yours),144,2.0,82.0,80.0
39,0.1,heterogeneous,64.0,SLOT-G-DEF,144,126.0,144.0,18.0
39,0.1,heterogeneous,64.0,SLOT-G-LBA,144,2.0,82.0,80.0
39,0.1,heterogeneous,64.0,SLOT-LFT-DEF,136,110.0,136.0,26.0
39,0.1,heterogeneous,64.0,SLOT-LFT-LBA,136,2.0,82.0,80.0
39,0.1,heterogeneous,64.0,SLOT-RAND-DEF,136,110.0,136.0,26.0
39,0.1,heterogeneous,64.0,SLOT-RAND-LBA,144,6.0,84.0,78.0
39,0.2,uniform,,POOL-LBA(=yours),159,1.0,89.0,90.0
39,0.2,uniform,,SLOT-G-DEF,159,139.0,159.0,20.0
39,0.2,uniform,,SLOT-G-LBA,159,1.0,89.0,90.0
39,0.2,uniform,,SLOT-LFT-DEF,149,119.0,149.0,30.0
39,0.2,uniform,,SLOT-LFT-LBA,149,1.0,90.0,89.0
39,0.2,uniform,,SLOT-RAND-DEF,159,129.0,154.0,25.0
39,0.2,uniform,,SLOT-RAND-LBA,159,9.0,94.0,85.0
39,0.2,heterogeneous,4.0,POOL-LBA(=yours),171,4.0,98.0,94.0
39,0.2,heterogeneous,4.0,SLOT-G-DEF,171,150.0,171.0,21.0
39,0.2,heterogeneous,4.0,SLOT-G-LBA,171,4.0,98.0,94.0
39,0.2,heterogeneous,4.0,SLOT-LFT-DEF,161,130.0,161.0,31.0
39,0.2,heterogeneous,4.0,SLOT-LFT-LBA,161,2.0,95.0,97.0
39,0.2,heterogeneous,4.0,SLOT-RAND-DEF,171,150.0,171.0,21.0
39,0.2,heterogeneous,4.0,SLOT-RAND-LBA,164,2.0,97.0,95.0
39,0.2,heterogeneous,16.0,POOL-LBA(=yours),158,4.0,86.0,90.0
39,0.2,heterogeneous,16.0,SLOT-G-DEF,158,128.0,152.0,24.0
39,0.2,heterogeneous,16.0,SLOT-G-LBA,158,10.0,93.0,83.0
39,0.2,heterogeneous,16.0,SLOT-LFT-DEF,149,110.0,143.0,33.0
39,0.2,heterogeneous,16.0,SLOT-LFT-LBA,149,8.0,92.0,84.0
39,0.2,heterogeneous,16.0,SLOT-RAND-DEF,150,108.0,142.0,34.0
39,0.2,heterogeneous,16.0,SLOT-RAND-LBA,158,10.0,93.0,83.0
39,0.2,heterogeneous,64.0,POOL-LBA(=yours),158,3.0,87.0,90.0
39,0.2,heterogeneous,64.0,SLOT-G-DEF,158,139.0,158.0,19.0
39,0.2,heterogeneous,64.0,SLOT-G-LBA,158,3.0,87.0,90.0
39,0.2,heterogeneous,64.0,SLOT-LFT-DEF,148,119.0,148.0,29.0
39,0.2,heterogeneous,64.0,SLOT-LFT-LBA,148,3.0,87.0,90.0
39,0.2,heterogeneous,64.0,SLOT-RAND-DEF,148,115.0,146.0,31.0
39,0.2,heterogeneous,64.0,SLOT-RAND-LBA,158,7.0,85.0,92.0
39,0.3,uniform,,POOL-LBA(=yours),170,2.0,94.0,96.0
39,0.3,uniform,,SLOT-G-DEF,170,150.0,170.0,20.0
39,0.3,uniform,,SLOT-G-LBA,170,2.0,94.0,96.0
39,0.3,uniform,,SLOT-LFT-DEF,160,130.0,160.0,30.0
39,0.3,uniform,,SLOT-LFT-LBA,160,4.0,93.0,97.0
39,0.3,uniform,,SLOT-RAND-DEF,171,134.0,162.0,28.0
39,0.3,uniform,,SLOT-RAND-LBA,170,12.0,101.0,89.0
39,0.3,heterogeneous,4.0,POOL-LBA(=yours),176,1.0,98.0,97.0
39,0.3,heterogeneous,4.0,SLOT-G-DEF,176,157.0,176.0,19.0
39,0.3,heterogeneous,4.0,SLOT-G-LBA,176,1.0,97.0,98.0
39,0.3,heterogeneous,4.0,SLOT-LFT-DEF,166,137.0,166.0,29.0
39,0.3,heterogeneous,4.0,SLOT-LFT-LBA,166,1.0,98.0,97.0
39,0.3,heterogeneous,4.0,SLOT-RAND-DEF,167,117.0,156.0,39.0
39,0.3,heterogeneous,4.0,SLOT-RAND-LBA,166,11.0,92.0,103.0
39,0.3,heterogeneous,16.0,POOL-LBA(=yours),176,7.0,95.0,102.0
39,0.3,heterogeneous,16.0,SLOT-G-DEF,176,127.0,162.0,35.0
39,0.3,heterogeneous,16.0,SLOT-G-LBA,176,7.0,95.0,102.0
39,0.3,heterogeneous,16.0,SLOT-LFT-DEF,167,123.0,160.0,37.0
39,0.3,heterogeneous,16.0,SLOT-LFT-LBA,167,9.0,103.0,94.0
39,0.3,heterogeneous,16.0,SLOT-RAND-DEF,176,127.0,162.0,35.0
39,0.3,heterogeneous,16.0,SLOT-RAND-LBA,167,1.0,99.0,98.0
39,0.3,heterogeneous,64.0,POOL-LBA(=yours),172,6.0,99.0,93.0
39,0.3,heterogeneous,64.0,SLOT-G-DEF,172,136.0,164.0,28.0
39,0.3,heterogeneous,64.0,SLOT-G-LBA,172,6.0,99.0,93.0
39,0.3,heterogeneous,64.0,SLOT-LFT-DEF,163,134.0,163.0,29.0
39,0.3,heterogeneous,64.0,SLOT-LFT-LBA,163,8.0,100.0,92.0
39,0.3,heterogeneous,64.0,SLOT-RAND-DEF,165,138.0,165.0,27.0
39,0.3,heterogeneous,64.0,SLOT-RAND-LBA,163,6.0,93.0,99.0
40,0.0,uniform,,POOL-LBA(=yours),112,0.0,70.0,70.0
40,0.0,uniform,,SLOT-G-DEF,112,74.0,107.0,33.0
40,0.0,uniform,,SLOT-G-LBA,112,2.0,69.0,71.0
40,0.0,uniform,,SLOT-LFT-DEF,103,62.0,101.0,39.0
40,0.0,uniform,,SLOT-LFT-LBA,103,4.0,72.0,68.0
40,0.0,uniform,,SLOT-RAND-DEF,108,52.0,96.0,44.0
40,0.0,uniform,,SLOT-RAND-LBA,103,0.0,70.0,70.0
40,0.0,heterogeneous,4.0,POOL-LBA(=yours),112,0.0,70.0,70.0
40,0.0,heterogeneous,4.0,SLOT-G-DEF,112,74.0,107.0,33.0
40,0.0,heterogeneous,4.0,SLOT-G-LBA,112,2.0,69.0,71.0
40,0.0,heterogeneous,4.0,SLOT-LFT-DEF,103,62.0,101.0,39.0
40,0.0,heterogeneous,4.0,SLOT-LFT-LBA,103,4.0,72.0,68.0
40,0.0,heterogeneous,4.0,SLOT-RAND-DEF,108,66.0,103.0,37.0
40,0.0,heterogeneous,4.0,SLOT-RAND-LBA,109,2.0,71.0,69.0
40,0.0,heterogeneous,16.0,POOL-LBA(=yours),112,0.0,70.0,70.0
40,0.0,heterogeneous,16.0,SLOT-G-DEF,112,74.0,107.0,33.0
40,0.0,heterogeneous,16.0,SLOT-G-LBA,112,2.0,69.0,71.0
40,0.0,heterogeneous,16.0,SLOT-LFT-DEF,103,62.0,101.0,39.0
40,0.0,heterogeneous,16.0,SLOT-LFT-LBA,103,4.0,72.0,68.0
40,0.0,heterogeneous,16.0,SLOT-RAND-DEF,103,66.0,103.0,37.0
40,0.0,heterogeneous,16.0,SLOT-RAND-LBA,108,2.0,71.0,69.0
40,0.0,heterogeneous,64.0,POOL-LBA(=yours),112,0.0,70.0,70.0
40,0.0,heterogeneous,64.0,SLOT-G-DEF,112,74.0,107.0,33.0
40,0.0,heterogeneous,64.0,SLOT-G-LBA,112,2.0,69.0,71.0
40,0.0,heterogeneous,64.0,SLOT-LFT-DEF,103,62.0,101.0,39.0
40,0.0,heterogeneous,64.0,SLOT-LFT-LBA,103,4.0,72.0,68.0
40,0.0,heterogeneous,64.0,SLOT-RAND-DEF,109,78.0,109.0,31.0
40,0.0,heterogeneous,64.0,SLOT-RAND-LBA,109,4.0,72.0,68.0
40,0.1,uniform,,POOL-LBA(=yours),128,0.0,80.0,80.0
40,0.1,uniform,,SLOT-G-DEF,128,84.0,122.0,38.0
40,0.1,uniform,,SLOT-G-LBA,128,2.0,79.0,81.0
40,0.1,uniform,,SLOT-LFT-DEF,117,70.0,115.0,45.0
40,0.1,uniform,,SLOT-LFT-LBA,117,4.0,82.0,78.0
40,0.1,uniform,,SLOT-RAND-DEF,123,68.0,114.0,46.0
40,0.1,uniform,,SLOT-RAND-LBA,123,2.0,81.0,79.0
40,0.1,heterogeneous,4.0,POOL-LBA(=yours),119,2.0,76.0,78.0
40,0.1,heterogeneous,4.0,SLOT-G-DEF,119,82.0,118.0,36.0
40,0.1,heterogeneous,4.0,SLOT-G-LBA,119,0.0,77.0,77.0
40,0.1,heterogeneous,4.0,SLOT-LFT-DEF,113,72.0,113.0,41.0
40,0.1,heterogeneous,4.0,SLOT-LFT-LBA,113,0.0,77.0,77.0
40,0.1,heterogeneous,4.0,SLOT-RAND-DEF,122,52.0,103.0,51.0
40,0.1,heterogeneous,4.0,SLOT-RAND-LBA,116,2.0,78.0,76.0
40,0.1,heterogeneous,16.0,POOL-LBA(=yours),124,2.0,76.0,78.0
40,0.1,heterogeneous,16.0,SLOT-G-DEF,124,94.0,124.0,30.0
40,0.1,heterogeneous,16.0,SLOT-G-LBA,124,4.0,79.0,75.0
40,0.1,heterogeneous,16.0,SLOT-LFT-DEF,113,68.0,111.0,43.0
40,0.1,heterogeneous,16.0,SLOT-LFT-LBA,113,4.0,75.0,79.0
40,0.1,heterogeneous,16.0,SLOT-RAND-DEF,112,70.0,112.0,42.0
40,0.1,heterogeneous,16.0,SLOT-RAND-LBA,118,0.0,77.0,77.0
40,0.1,heterogeneous,64.0,POOL-LBA(=yours),123,1.0,77.0,78.0
40,0.1,heterogeneous,64.0,SLOT-G-DEF,123,81.0,118.0,37.0
40,0.1,heterogeneous,64.0,SLOT-G-LBA,123,3.0,76.0,79.0
40,0.1,heterogeneous,64.0,SLOT-LFT-DEF,115,67.0,111.0,44.0
40,0.1,heterogeneous,64.0,SLOT-LFT-LBA,115,3.0,79.0,76.0
40,0.1,heterogeneous,64.0,SLOT-RAND-DEF,118,69.0,112.0,43.0
40,0.1,heterogeneous,64.0,SLOT-RAND-LBA,123,3.0,76.0,79.0
40,0.2,uniform,,POOL-LBA(=yours),135,0.0,84.0,84.0
40,0.2,uniform,,SLOT-G-DEF,135,88.0,128.0,40.0
40,0.2,uniform,,SLOT-G-LBA,135,4.0,82.0,86.0
40,0.2,uniform,,SLOT-LFT-DEF,123,76.0,122.0,46.0
40,0.2,uniform,,SLOT-LFT-LBA,123,4.0,82.0,86.0
40,0.2,uniform,,SLOT-RAND-DEF,129,74.0,121.0,47.0
40,0.2,uniform,,SLOT-RAND-LBA,131,14.0,91.0,77.0
40,0.2,heterogeneous,4.0,POOL-LBA(=yours),135,6.0,82.0,88.0
40,0.2,heterogeneous,4.0,SLOT-G-DEF,135,90.0,130.0,40.0
40,0.2,heterogeneous,4.0,SLOT-G-LBA,135,8.0,89.0,81.0
40,0.2,heterogeneous,4.0,SLOT-LFT-DEF,127,62.0,116.0,54.0
40,0.2,heterogeneous,4.0,SLOT-LFT-LBA,127,8.0,89.0,81.0
40,0.2,heterogeneous,4.0,SLOT-RAND-DEF,130,78.0,124.0,46.0
40,0.2,heterogeneous,4.0,SLOT-RAND-LBA,130,0.0,85.0,85.0
40,0.2,heterogeneous,16.0,POOL-LBA(=yours),133,3.0,84.0,81.0
40,0.2,heterogeneous,16.0,SLOT-G-DEF,133,87.0,126.0,39.0
40,0.2,heterogeneous,16.0,SLOT-G-LBA,133,1.0,82.0,83.0
40,0.2,heterogeneous,16.0,SLOT-LFT-DEF,120,73.0,119.0,46.0
40,0.2,heterogeneous,16.0,SLOT-LFT-LBA,120,1.0,83.0,82.0
40,0.2,heterogeneous,16.0,SLOT-RAND-DEF,127,89.0,127.0,38.0
40,0.2,heterogeneous,16.0,SLOT-RAND-LBA,134,3.0,81.0,84.0
40,0.2,heterogeneous,64.0,POOL-LBA(=yours),134,1.0,83.0,84.0
40,0.2,heterogeneous,64.0,SLOT-G-DEF,134,101.0,134.0,33.0
40,0.2,heterogeneous,64.0,SLOT-G-LBA,134,1.0,83.0,84.0
40,0.2,heterogeneous,64.0,SLOT-LFT-DEF,124,73.0,120.0,47.0
40,0.2,heterogeneous,64.0,SLOT-LFT-LBA,124,1.0,84.0,83.0
40,0.2,heterogeneous,64.0,SLOT-RAND-DEF,128,89.0,128.0,39.0
40,0.2,heterogeneous,64.0,SLOT-RAND-LBA,128,3.0,85.0,82.0
40,0.3,uniform,,POOL-LBA(=yours),143,1.0,89.0,90.0
40,0.3,uniform,,SLOT-G-DEF,143,95.0,137.0,42.0
40,0.3,uniform,,SLOT-G-LBA,143,3.0,88.0,91.0
40,0.3,uniform,,SLOT-LFT-DEF,133,79.0,129.0,50.0
40,0.3,uniform,,SLOT-LFT-LBA,133,3.0,91.0,88.0
40,0.3,uniform,,SLOT-RAND-DEF,138,83.0,131.0,48.0
40,0.3,uniform,,SLOT-RAND-LBA,132,3.0,88.0,91.0
40,0.3,heterogeneous,4.0,POOL-LBA(=yours),148,5.0,95.0,90.0
40,0.3,heterogeneous,4.0,SLOT-G-DEF,148,81.0,133.0,52.0
40,0.3,heterogeneous,4.0,SLOT-G-LBA,148,1.0,92.0,93.0
40,0.3,heterogeneous,4.0,SLOT-LFT-DEF,136,83.0,134.0,51.0
40,0.3,heterogeneous,4.0,SLOT-LFT-LBA,136,1.0,92.0,93.0
40,0.3,heterogeneous,4.0,SLOT-RAND-DEF,151,93.0,139.0,46.0
40,0.3,heterogeneous,4.0,SLOT-RAND-LBA,135,1.0,92.0,93.0
40,0.3,heterogeneous,16.0,POOL-LBA(=yours),150,4.0,94.0,90.0
40,0.3,heterogeneous,16.0,SLOT-G-DEF,150,102.0,143.0,41.0
40,0.3,heterogeneous,16.0,SLOT-G-LBA,150,2.0,93.0,91.0
40,0.3,heterogeneous,16.0,SLOT-LFT-DEF,137,86.0,135.0,49.0
40,0.3,heterogeneous,16.0,SLOT-LFT-LBA,137,4.0,94.0,90.0
40,0.3,heterogeneous,16.0,SLOT-RAND-DEF,146,90.0,137.0,47.0
40,0.3,heterogeneous,16.0,SLOT-RAND-LBA,151,0.0,92.0,92.0
40,0.3,heterogeneous,64.0,POOL-LBA(=yours),145,0.0,91.0,91.0
40,0.3,heterogeneous,64.0,SLOT-G-DEF,145,96.0,139.0,43.0
40,0.3,heterogeneous,64.0,SLOT-G-LBA,145,2.0,92.0,90.0
40,0.3,heterogeneous,64.0,SLOT-LFT-DEF,134,80.0,131.0,51.0
40,0.3,heterogeneous,64.0,SLOT-LFT-LBA,134,4.0,93.0,89.0
40,0.3,heterogeneous,64.0,SLOT-RAND-DEF,133,70.0,126.0,56.0
40,0.3,heterogeneous,64.0,SLOT-RAND-LBA,139,2.0,92.0,90.0
41,0.0,uniform,,POOL-LBA(=yours),109,7.0,70.0,63.0
41,0.0,uniform,,SLOT-G-DEF,109,85.0,109.0,24.0
41,0.0,uniform,,SLOT-G-LBA,109,7.0,70.0,63.0
41,0.0,uniform,,SLOT-LFT-DEF,109,85.0,109.0,24.0
41,0.0,uniform,,SLOT-LFT-LBA,109,7.0,70.0,63.0
41,0.0,uniform,,SLOT-RAND-DEF,112,87.0,110.0,23.0
41,0.0,uniform,,SLOT-RAND-LBA,111,3.0,65.0,68.0
41,0.0,heterogeneous,4.0,POOL-LBA(=yours),109,7.0,70.0,63.0
41,0.0,heterogeneous,4.0,SLOT-G-DEF,109,85.0,109.0,24.0
41,0.0,heterogeneous,4.0,SLOT-G-LBA,109,7.0,70.0,63.0
41,0.0,heterogeneous,4.0,SLOT-LFT-DEF,109,85.0,109.0,24.0
41,0.0,heterogeneous,4.0,SLOT-LFT-LBA,109,7.0,70.0,63.0
41,0.0,heterogeneous,4.0,SLOT-RAND-DEF,110,79.0,106.0,27.0
41,0.0,heterogeneous,4.0,SLOT-RAND-LBA,110,3.0,68.0,65.0
41,0.0,heterogeneous,16.0,POOL-LBA(=yours),109,7.0,70.0,63.0
41,0.0,heterogeneous,16.0,SLOT-G-DEF,109,85.0,109.0,24.0
41,0.0,heterogeneous,16.0,SLOT-G-LBA,109,7.0,70.0,63.0
41,0.0,heterogeneous,16.0,SLOT-LFT-DEF,109,85.0,109.0,24.0
41,0.0,heterogeneous,16.0,SLOT-LFT-LBA,109,7.0,70.0,63.0
41,0.0,heterogeneous,16.0,SLOT-RAND-DEF,110,87.0,110.0,23.0
41,0.0,heterogeneous,16.0,SLOT-RAND-LBA,110,3.0,68.0,65.0
41,0.0,heterogeneous,64.0,POOL-LBA(=yours),109,7.0,70.0,63.0
41,0.0,heterogeneous,64.0,SLOT-G-DEF,109,85.0,109.0,24.0
41,0.0,heterogeneous,64.0,SLOT-G-LBA,109,7.0,70.0,63.0
41,0.0,heterogeneous,64.0,SLOT-LFT-DEF,109,85.0,109.0,24.0
41,0.0,heterogeneous,64.0,SLOT-LFT-LBA,109,7.0,70.0,63.0
41,0.0,heterogeneous,64.0,SLOT-RAND-DEF,112,87.0,110.0,23.0
41,0.0,heterogeneous,64.0,SLOT-RAND-LBA,113,7.0,70.0,63.0
41,0.1,uniform,,POOL-LBA(=yours),125,7.0,80.0,73.0
41,0.1,uniform,,SLOT-G-DEF,125,97.0,125.0,28.0
41,0.1,uniform,,SLOT-G-LBA,125,7.0,80.0,73.0
41,0.1,uniform,,SLOT-LFT-DEF,125,97.0,125.0,28.0
41,0.1,uniform,,SLOT-LFT-LBA,125,7.0,80.0,73.0
41,0.1,uniform,,SLOT-RAND-DEF,125,97.0,125.0,28.0
41,0.1,uniform,,SLOT-RAND-LBA,125,3.0,78.0,75.0
41,0.1,heterogeneous,4.0,POOL-LBA(=yours),119,8.0,76.0,68.0
41,0.1,heterogeneous,4.0,SLOT-G-DEF,119,90.0,117.0,27.0
41,0.1,heterogeneous,4.0,SLOT-G-LBA,119,8.0,76.0,68.0
41,0.1,heterogeneous,4.0,SLOT-LFT-DEF,119,90.0,117.0,27.0
41,0.1,heterogeneous,4.0,SLOT-LFT-LBA,119,8.0,76.0,68.0
41,0.1,heterogeneous,4.0,SLOT-RAND-DEF,119,94.0,119.0,25.0
41,0.1,heterogeneous,4.0,SLOT-RAND-LBA,120,6.0,69.0,75.0
41,0.1,heterogeneous,16.0,POOL-LBA(=yours),122,5.0,71.0,76.0
41,0.1,heterogeneous,16.0,SLOT-G-DEF,122,97.0,122.0,25.0
41,0.1,heterogeneous,16.0,SLOT-G-LBA,122,5.0,71.0,76.0
41,0.1,heterogeneous,16.0,SLOT-LFT-DEF,122,95.0,121.0,26.0
41,0.1,heterogeneous,16.0,SLOT-LFT-LBA,122,5.0,71.0,76.0
41,0.1,heterogeneous,16.0,SLOT-RAND-DEF,122,93.0,120.0,27.0
41,0.1,heterogeneous,16.0,SLOT-RAND-LBA,123,3.0,75.0,72.0
41,0.1,heterogeneous,64.0,POOL-LBA(=yours),120,6.0,70.0,76.0
41,0.1,heterogeneous,64.0,SLOT-G-DEF,120,92.0,119.0,27.0
41,0.1,heterogeneous,64.0,SLOT-G-LBA,120,6.0,70.0,76.0
41,0.1,heterogeneous,64.0,SLOT-LFT-DEF,120,94.0,120.0,26.0
41,0.1,heterogeneous,64.0,SLOT-LFT-LBA,120,6.0,70.0,76.0
41,0.1,heterogeneous,64.0,SLOT-RAND-DEF,120,88.0,117.0,29.0
41,0.1,heterogeneous,64.0,SLOT-RAND-LBA,120,4.0,75.0,71.0
41,0.2,uniform,,POOL-LBA(=yours),129,5.0,81.0,76.0
41,0.2,uniform,,SLOT-G-DEF,129,99.0,128.0,29.0
41,0.2,uniform,,SLOT-G-LBA,129,5.0,81.0,76.0
41,0.2,uniform,,SLOT-LFT-DEF,129,101.0,129.0,28.0
41,0.2,uniform,,SLOT-LFT-LBA,129,7.0,82.0,75.0
41,0.2,uniform,,SLOT-RAND-DEF,130,99.0,128.0,29.0
41,0.2,uniform,,SLOT-RAND-LBA,131,3.0,77.0,80.0
41,0.2,heterogeneous,4.0,POOL-LBA(=yours),137,6.0,80.0,86.0
41,0.2,heterogeneous,4.0,SLOT-G-DEF,137,106.0,136.0,30.0
41,0.2,heterogeneous,4.0,SLOT-G-LBA,137,6.0,80.0,86.0
41,0.2,heterogeneous,4.0,SLOT-LFT-DEF,137,108.0,137.0,29.0
41,0.2,heterogeneous,4.0,SLOT-LFT-LBA,137,8.0,87.0,79.0
41,0.2,heterogeneous,4.0,SLOT-RAND-DEF,144,118.0,142.0,24.0
41,0.2,heterogeneous,4.0,SLOT-RAND-LBA,138,4.0,81.0,85.0
41,0.2,heterogeneous,16.0,POOL-LBA(=yours),137,4.0,85.0,81.0
41,0.2,heterogeneous,16.0,SLOT-G-DEF,137,108.0,137.0,29.0
41,0.2,heterogeneous,16.0,SLOT-G-LBA,137,4.0,85.0,81.0
41,0.2,heterogeneous,16.0,SLOT-LFT-DEF,137,106.0,136.0,30.0
41,0.2,heterogeneous,16.0,SLOT-LFT-LBA,137,4.0,81.0,85.0
41,0.2,heterogeneous,16.0,SLOT-RAND-DEF,141,108.0,137.0,29.0
41,0.2,heterogeneous,16.0,SLOT-RAND-LBA,141,8.0,87.0,79.0
41,0.2,heterogeneous,64.0,POOL-LBA(=yours),129,8.0,83.0,75.0
41,0.2,heterogeneous,64.0,SLOT-G-DEF,129,100.0,129.0,29.0
41,0.2,heterogeneous,64.0,SLOT-G-LBA,129,8.0,83.0,75.0
41,0.2,heterogeneous,64.0,SLOT-LFT-DEF,129,100.0,129.0,29.0
41,0.2,heterogeneous,64.0,SLOT-LFT-LBA,129,8.0,83.0,75.0
41,0.2,heterogeneous,64.0,SLOT-RAND-DEF,130,98.0,128.0,30.0
41,0.2,heterogeneous,64.0,SLOT-RAND-LBA,130,8.0,83.0,75.0
41,0.3,uniform,,POOL-LBA(=yours),139,9.0,89.0,80.0
41,0.3,uniform,,SLOT-G-DEF,139,109.0,139.0,30.0
41,0.3,uniform,,SLOT-G-LBA,139,9.0,89.0,80.0
41,0.3,uniform,,SLOT-LFT-DEF,139,109.0,139.0,30.0
41,0.3,uniform,,SLOT-LFT-LBA,139,9.0,89.0,80.0
41,0.3,uniform,,SLOT-RAND-DEF,140,107.0,138.0,31.0
41,0.3,uniform,,SLOT-RAND-LBA,143,3.0,83.0,86.0
41,0.3,heterogeneous,4.0,POOL-LBA(=yours),134,7.0,86.0,79.0
41,0.3,heterogeneous,4.0,SLOT-G-DEF,134,103.0,134.0,31.0
41,0.3,heterogeneous,4.0,SLOT-G-LBA,134,9.0,87.0,78.0
41,0.3,heterogeneous,4.0,SLOT-LFT-DEF,134,99.0,132.0,33.0
41,0.3,heterogeneous,4.0,SLOT-LFT-LBA,134,5.0,80.0,85.0
41,0.3,heterogeneous,4.0,SLOT-RAND-DEF,134,97.0,131.0,34.0
41,0.3,heterogeneous,4.0,SLOT-RAND-LBA,135,7.0,86.0,79.0
41,0.3,heterogeneous,16.0,POOL-LBA(=yours),140,8.0,89.0,81.0
41,0.3,heterogeneous,16.0,SLOT-G-DEF,140,110.0,140.0,30.0
41,0.3,heterogeneous,16.0,SLOT-G-LBA,140,8.0,89.0,81.0
41,0.3,heterogeneous,16.0,SLOT-LFT-DEF,140,110.0,140.0,30.0
41,0.3,heterogeneous,16.0,SLOT-LFT-LBA,140,8.0,89.0,81.0
41,0.3,heterogeneous,16.0,SLOT-RAND-DEF,146,122.0,146.0,24.0
41,0.3,heterogeneous,16.0,SLOT-RAND-LBA,140,8.0,89.0,81.0
41,0.3,heterogeneous,64.0,POOL-LBA(=yours),139,6.0,82.0,88.0
41,0.3,heterogeneous,64.0,SLOT-G-DEF,139,104.0,137.0,33.0
41,0.3,heterogeneous,64.0,SLOT-G-LBA,139,6.0,88.0,82.0
41,0.3,heterogeneous,64.0,SLOT-LFT-DEF,139,108.0,139.0,31.0
41,0.3,heterogeneous,64.0,SLOT-LFT-LBA,139,8.0,81.0,89.0
41,0.3,heterogeneous,64.0,SLOT-RAND-DEF,142,98.0,134.0,36.0
41,0.3,heterogeneous,64.0,SLOT-RAND-LBA,145,4.0,83.0,87.0
42,0.0,uniform,,POOL-LBA(=yours),109,8.0,75.0,67.0
42,0.0,uniform,,SLOT-G-DEF,109,58.0,100.0,42.0
42,0.0,uniform,,SLOT-G-LBA,109,10.0,76.0,66.0
42,0.0,uniform,,SLOT-LFT-DEF,110,60.0,101.0,41.0
42,0.0,uniform,,SLOT-LFT-LBA,110,12.0,65.0,77.0
42,0.0,uniform,,SLOT-RAND-DEF,113,74.0,108.0,34.0
42,0.0,uniform,,SLOT-RAND-LBA,114,2.0,72.0,70.0
42,0.0,heterogeneous,4.0,POOL-LBA(=yours),109,8.0,75.0,67.0
42,0.0,heterogeneous,4.0,SLOT-G-DEF,109,58.0,100.0,42.0
42,0.0,heterogeneous,4.0,SLOT-G-LBA,109,10.0,76.0,66.0
42,0.0,heterogeneous,4.0,SLOT-LFT-DEF,110,60.0,101.0,41.0
42,0.0,heterogeneous,4.0,SLOT-LFT-LBA,110,12.0,65.0,77.0
42,0.0,heterogeneous,4.0,SLOT-RAND-DEF,108,74.0,108.0,34.0
42,0.0,heterogeneous,4.0,SLOT-RAND-LBA,109,4.0,73.0,69.0
42,0.0,heterogeneous,16.0,POOL-LBA(=yours),109,8.0,75.0,67.0
42,0.0,heterogeneous,16.0,SLOT-G-DEF,109,58.0,100.0,42.0
42,0.0,heterogeneous,16.0,SLOT-G-LBA,109,10.0,76.0,66.0
42,0.0,heterogeneous,16.0,SLOT-LFT-DEF,110,60.0,101.0,41.0
42,0.0,heterogeneous,16.0,SLOT-LFT-LBA,110,12.0,65.0,77.0
42,0.0,heterogeneous,16.0,SLOT-RAND-DEF,108,74.0,108.0,34.0
42,0.0,heterogeneous,16.0,SLOT-RAND-LBA,109,0.0,71.0,71.0
42,0.0,heterogeneous,64.0,POOL-LBA(=yours),109,8.0,75.0,67.0
42,0.0,heterogeneous,64.0,SLOT-G-DEF,109,58.0,100.0,42.0
42,0.0,heterogeneous,64.0,SLOT-G-LBA,109,10.0,76.0,66.0
42,0.0,heterogeneous,64.0,SLOT-LFT-DEF,110,60.0,101.0,41.0
42,0.0,heterogeneous,64.0,SLOT-LFT-LBA,110,12.0,65.0,77.0
42,0.0,heterogeneous,64.0,SLOT-RAND-DEF,109,72.0,107.0,35.0
42,0.0,heterogeneous,64.0,SLOT-RAND-LBA,113,4.0,69.0,73.0
42,0.1,uniform,,POOL-LBA(=yours),124,8.0,77.0,85.0
42,0.1,uniform,,SLOT-G-DEF,124,66.0,114.0,48.0
42,0.1,uniform,,SLOT-G-LBA,124,12.0,87.0,75.0
42,0.1,uniform,,SLOT-LFT-DEF,125,68.0,115.0,47.0
42,0.1,uniform,,SLOT-LFT-LBA,125,14.0,74.0,88.0
42,0.1,uniform,,SLOT-RAND-DEF,129,70.0,116.0,46.0
42,0.1,uniform,,SLOT-RAND-LBA,124,14.0,74.0,88.0
42,0.1,heterogeneous,4.0,POOL-LBA(=yours),112,9.0,79.0,70.0
42,0.1,heterogeneous,4.0,SLOT-G-DEF,112,61.0,105.0,44.0
42,0.1,heterogeneous,4.0,SLOT-G-LBA,112,9.0,70.0,79.0
42,0.1,heterogeneous,4.0,SLOT-LFT-DEF,114,57.0,103.0,46.0
42,0.1,heterogeneous,4.0,SLOT-LFT-LBA,114,13.0,81.0,68.0
42,0.1,heterogeneous,4.0,SLOT-RAND-DEF,115,81.0,115.0,34.0
42,0.1,heterogeneous,4.0,SLOT-RAND-LBA,110,3.0,73.0,76.0
42,0.1,heterogeneous,16.0,POOL-LBA(=yours),123,7.0,77.0,84.0
42,0.1,heterogeneous,16.0,SLOT-G-DEF,123,69.0,115.0,46.0
42,0.1,heterogeneous,16.0,SLOT-G-LBA,123,11.0,86.0,75.0
42,0.1,heterogeneous,16.0,SLOT-LFT-DEF,124,71.0,116.0,45.0
42,0.1,heterogeneous,16.0,SLOT-LFT-LBA,124,13.0,87.0,74.0
42,0.1,heterogeneous,16.0,SLOT-RAND-DEF,124,67.0,114.0,47.0
42,0.1,heterogeneous,16.0,SLOT-RAND-LBA,125,13.0,87.0,74.0
42,0.1,heterogeneous,64.0,POOL-LBA(=yours),121,8.0,75.0,83.0
42,0.1,heterogeneous,64.0,SLOT-G-DEF,121,64.0,111.0,47.0
42,0.1,heterogeneous,64.0,SLOT-G-LBA,121,10.0,74.0,84.0
42,0.1,heterogeneous,64.0,SLOT-LFT-DEF,122,66.0,112.0,46.0
42,0.1,heterogeneous,64.0,SLOT-LFT-LBA,122,14.0,72.0,86.0
42,0.1,heterogeneous,64.0,SLOT-RAND-DEF,120,66.0,112.0,46.0
42,0.1,heterogeneous,64.0,SLOT-RAND-LBA,121,2.0,78.0,80.0
42,0.2,uniform,,POOL-LBA(=yours),129,10.0,89.0,79.0
42,0.2,uniform,,SLOT-G-DEF,129,68.0,118.0,50.0
42,0.2,uniform,,SLOT-G-LBA,129,10.0,89.0,79.0
42,0.2,uniform,,SLOT-LFT-DEF,131,70.0,119.0,49.0
42,0.2,uniform,,SLOT-LFT-LBA,131,16.0,92.0,76.0
42,0.2,uniform,,SLOT-RAND-DEF,127,86.0,127.0,41.0
42,0.2,uniform,,SLOT-RAND-LBA,129,2.0,85.0,83.0
42,0.2,heterogeneous,4.0,POOL-LBA(=yours),132,11.0,90.0,79.0
42,0.2,heterogeneous,4.0,SLOT-G-DEF,132,71.0,120.0,49.0
42,0.2,heterogeneous,4.0,SLOT-G-LBA,132,13.0,78.0,91.0
42,0.2,heterogeneous,4.0,SLOT-LFT-DEF,131,67.0,118.0,51.0
42,0.2,heterogeneous,4.0,SLOT-LFT-LBA,131,15.0,77.0,92.0
42,0.2,heterogeneous,4.0,SLOT-RAND-DEF,127,79.0,124.0,45.0
42,0.2,heterogeneous,4.0,SLOT-RAND-LBA,131,11.0,90.0,79.0
42,0.2,heterogeneous,16.0,POOL-LBA(=yours),129,9.0,80.0,89.0
42,0.2,heterogeneous,16.0,SLOT-G-DEF,129,69.0,119.0,50.0
42,0.2,heterogeneous,16.0,SLOT-G-LBA,129,11.0,90.0,79.0
42,0.2,heterogeneous,16.0,SLOT-LFT-DEF,129,75.0,122.0,47.0
42,0.2,heterogeneous,16.0,SLOT-LFT-LBA,129,11.0,79.0,90.0
42,0.2,heterogeneous,16.0,SLOT-RAND-DEF,130,85.0,127.0,42.0
42,0.2,heterogeneous,16.0,SLOT-RAND-LBA,130,1.0,84.0,85.0
42,0.2,heterogeneous,64.0,POOL-LBA(=yours),135,8.0,83.0,91.0
42,0.2,heterogeneous,64.0,SLOT-G-DEF,135,72.0,123.0,51.0
42,0.2,heterogeneous,64.0,SLOT-G-LBA,135,12.0,93.0,81.0
42,0.2,heterogeneous,64.0,SLOT-LFT-DEF,137,74.0,124.0,50.0
42,0.2,heterogeneous,64.0,SLOT-LFT-LBA,137,14.0,80.0,94.0
42,0.2,heterogeneous,64.0,SLOT-RAND-DEF,133,84.0,129.0,45.0
42,0.2,heterogeneous,64.0,SLOT-RAND-LBA,140,4.0,85.0,89.0
42,0.3,uniform,,POOL-LBA(=yours),140,9.0,87.0,96.0
42,0.3,uniform,,SLOT-G-DEF,140,77.0,130.0,53.0
42,0.3,uniform,,SLOT-G-LBA,140,11.0,86.0,97.0
42,0.3,uniform,,SLOT-LFT-DEF,141,79.0,131.0,52.0
42,0.3,uniform,,SLOT-LFT-LBA,141,17.0,83.0,100.0
42,0.3,uniform,,SLOT-RAND-DEF,139,89.0,136.0,47.0
42,0.3,uniform,,SLOT-RAND-LBA,140,5.0,89.0,94.0
42,0.3,heterogeneous,4.0,POOL-LBA(=yours),146,10.0,90.0,100.0
42,0.3,heterogeneous,4.0,SLOT-G-DEF,146,66.0,128.0,62.0
42,0.3,heterogeneous,4.0,SLOT-G-LBA,146,12.0,101.0,89.0
42,0.3,heterogeneous,4.0,SLOT-LFT-DEF,148,88.0,139.0,51.0
42,0.3,heterogeneous,4.0,SLOT-LFT-LBA,148,14.0,88.0,102.0
42,0.3,heterogeneous,4.0,SLOT-RAND-DEF,146,66.0,128.0,62.0
42,0.3,heterogeneous,4.0,SLOT-RAND-LBA,140,8.0,99.0,91.0
42,0.3,heterogeneous,16.0,POOL-LBA(=yours),141,10.0,89.0,99.0
42,0.3,heterogeneous,16.0,SLOT-G-DEF,141,76.0,132.0,56.0
42,0.3,heterogeneous,16.0,SLOT-G-LBA,141,10.0,89.0,99.0
42,0.3,heterogeneous,16.0,SLOT-LFT-DEF,143,72.0,130.0,58.0
42,0.3,heterogeneous,16.0,SLOT-LFT-LBA,143,16.0,102.0,86.0
42,0.3,heterogeneous,16.0,SLOT-RAND-DEF,146,94.0,141.0,47.0
42,0.3,heterogeneous,16.0,SLOT-RAND-LBA,143,10.0,89.0,99.0
42,0.3,heterogeneous,64.0,POOL-LBA(=yours),145,9.0,90.0,99.0
42,0.3,heterogeneous,64.0,SLOT-G-DEF,145,75.0,132.0,57.0
42,0.3,heterogeneous,64.0,SLOT-G-LBA,145,15.0,102.0,87.0
42,0.3,heterogeneous,64.0,SLOT-LFT-DEF,146,79.0,134.0,55.0
42,0.3,heterogeneous,64.0,SLOT-LFT-LBA,146,19.0,104.0,85.0
42,0.3,heterogeneous,64.0,SLOT-RAND-DEF,143,89.0,139.0,50.0
42,0.3,heterogeneous,64.0,SLOT-RAND-LBA,143,1.0,95.0,94.0
43,0.0,uniform,,POOL-LBA(=yours),100,6.0,71.0,65.0
43,0.0,uniform,,SLOT-G-DEF,100,62.0,99.0,37.0
43,0.0,uniform,,SLOT-G-LBA,100,6.0,71.0,65.0
43,0.0,uniform,,SLOT-LFT-DEF,97,50.0,93.0,43.0
43,0.0,uniform,,SLOT-LFT-LBA,97,2.0,67.0,69.0
43,0.0,uniform,,SLOT-RAND-DEF,103,70.0,103.0,33.0
43,0.0,uniform,,SLOT-RAND-LBA,101,6.0,65.0,71.0
43,0.0,heterogeneous,4.0,POOL-LBA(=yours),100,6.0,71.0,65.0
43,0.0,heterogeneous,4.0,SLOT-G-DEF,100,62.0,99.0,37.0
43,0.0,heterogeneous,4.0,SLOT-G-LBA,100,6.0,71.0,65.0
43,0.0,heterogeneous,4.0,SLOT-LFT-DEF,97,50.0,93.0,43.0
43,0.0,heterogeneous,4.0,SLOT-LFT-LBA,97,2.0,67.0,69.0
43,0.0,heterogeneous,4.0,SLOT-RAND-DEF,104,70.0,103.0,33.0
43,0.0,heterogeneous,4.0,SLOT-RAND-LBA,106,6.0,65.0,71.0
43,0.0,heterogeneous,16.0,POOL-LBA(=yours),100,6.0,71.0,65.0
43,0.0,heterogeneous,16.0,SLOT-G-DEF,100,62.0,99.0,37.0
43,0.0,heterogeneous,16.0,SLOT-G-LBA,100,6.0,71.0,65.0
43,0.0,heterogeneous,16.0,SLOT-LFT-DEF,97,50.0,93.0,43.0
43,0.0,heterogeneous,16.0,SLOT-LFT-LBA,97,2.0,67.0,69.0
43,0.0,heterogeneous,16.0,SLOT-RAND-DEF,96,52.0,94.0,42.0
43,0.0,heterogeneous,16.0,SLOT-RAND-LBA,96,6.0,65.0,71.0
43,0.0,heterogeneous,64.0,POOL-LBA(=yours),100,6.0,71.0,65.0
43,0.0,heterogeneous,64.0,SLOT-G-DEF,100,62.0,99.0,37.0
43,0.0,heterogeneous,64.0,SLOT-G-LBA,100,6.0,71.0,65.0
43,0.0,heterogeneous,64.0,SLOT-LFT-DEF,97,50.0,93.0,43.0
43,0.0,heterogeneous,64.0,SLOT-LFT-LBA,97,2.0,67.0,69.0
43,0.0,heterogeneous,64.0,SLOT-RAND-DEF,96,54.0,95.0,41.0
43,0.0,heterogeneous,64.0,SLOT-RAND-LBA,100,6.0,71.0,65.0
43,0.1,uniform,,POOL-LBA(=yours),115,6.0,75.0,81.0
43,0.1,uniform,,SLOT-G-DEF,115,72.0,114.0,42.0
43,0.1,uniform,,SLOT-G-LBA,115,6.0,75.0,81.0
43,0.1,uniform,,SLOT-LFT-DEF,111,56.0,106.0,50.0
43,0.1,uniform,,SLOT-LFT-LBA,111,2.0,77.0,79.0
43,0.1,uniform,,SLOT-RAND-DEF,110,60.0,108.0,48.0
43,0.1,uniform,,SLOT-RAND-LBA,111,0.0,78.0,78.0
43,0.1,heterogeneous,4.0,POOL-LBA(=yours),107,5.0,71.0,76.0
43,0.1,heterogeneous,4.0,SLOT-G-DEF,107,57.0,102.0,45.0
43,0.1,heterogeneous,4.0,SLOT-G-LBA,107,5.0,71.0,76.0
43,0.1,heterogeneous,4.0,SLOT-LFT-DEF,102,53.0,100.0,47.0
43,0.1,heterogeneous,4.0,SLOT-LFT-LBA,102,3.0,75.0,72.0
43,0.1,heterogeneous,4.0,SLOT-RAND-DEF,107,65.0,106.0,41.0
43,0.1,heterogeneous,4.0,SLOT-RAND-LBA,102,5.0,76.0,71.0
43,0.1,heterogeneous,16.0,POOL-LBA(=yours),111,1.0,75.0,76.0
43,0.1,heterogeneous,16.0,SLOT-G-DEF,111,69.0,110.0,41.0
43,0.1,heterogeneous,16.0,SLOT-G-LBA,111,1.0,75.0,76.0
43,0.1,heterogeneous,16.0,SLOT-LFT-DEF,107,57.0,104.0,47.0
43,0.1,heterogeneous,16.0,SLOT-LFT-LBA,107,1.0,76.0,75.0
43,0.1,heterogeneous,16.0,SLOT-RAND-DEF,112,67.0,109.0,42.0
43,0.1,heterogeneous,16.0,SLOT-RAND-LBA,112,3.0,74.0,77.0
43,0.1,heterogeneous,64.0,POOL-LBA(=yours),109,6.0,77.0,71.0
43,0.1,heterogeneous,64.0,SLOT-G-DEF,109,68.0,108.0,40.0
43,0.1,heterogeneous,64.0,SLOT-G-LBA,109,6.0,77.0,71.0
43,0.1,heterogeneous,64.0,SLOT-LFT-DEF,105,56.0,102.0,46.0
43,0.1,heterogeneous,64.0,SLOT-LFT-LBA,105,2.0,75.0,73.0
43,0.1,heterogeneous,64.0,SLOT-RAND-DEF,104,56.0,102.0,46.0
43,0.1,heterogeneous,64.0,SLOT-RAND-LBA,114,4.0,76.0,72.0
43,0.2,uniform,,POOL-LBA(=yours),117,7.0,84.0,77.0
43,0.2,uniform,,SLOT-G-DEF,117,71.0,116.0,45.0
43,0.2,uniform,,SLOT-G-LBA,117,7.0,84.0,77.0
43,0.2,uniform,,SLOT-LFT-DEF,115,57.0,109.0,52.0
43,0.2,uniform,,SLOT-LFT-LBA,115,5.0,78.0,83.0
43,0.2,uniform,,SLOT-RAND-DEF,120,77.0,119.0,42.0
43,0.2,uniform,,SLOT-RAND-LBA,120,5.0,78.0,83.0
43,0.2,heterogeneous,4.0,POOL-LBA(=yours),125,5.0,86.0,81.0
43,0.2,heterogeneous,4.0,SLOT-G-DEF,125,67.0,117.0,50.0
43,0.2,heterogeneous,4.0,SLOT-G-LBA,125,5.0,81.0,86.0
43,0.2,heterogeneous,4.0,SLOT-LFT-DEF,123,59.0,113.0,54.0
43,0.2,heterogeneous,4.0,SLOT-LFT-LBA,123,7.0,80.0,87.0
43,0.2,heterogeneous,4.0,SLOT-RAND-DEF,121,69.0,118.0,49.0
43,0.2,heterogeneous,4.0,SLOT-RAND-LBA,121,1.0,83.0,84.0
43,0.2,heterogeneous,16.0,POOL-LBA(=yours),120,3.0,79.0,82.0
43,0.2,heterogeneous,16.0,SLOT-G-DEF,120,75.0,118.0,43.0
43,0.2,heterogeneous,16.0,SLOT-G-LBA,120,3.0,79.0,82.0
43,0.2,heterogeneous,16.0,SLOT-LFT-DEF,115,65.0,113.0,48.0
43,0.2,heterogeneous,16.0,SLOT-LFT-LBA,115,3.0,79.0,82.0
43,0.2,heterogeneous,16.0,SLOT-RAND-DEF,118,75.0,118.0,43.0
43,0.2,heterogeneous,16.0,SLOT-RAND-LBA,118,7.0,84.0,77.0
43,0.2,heterogeneous,64.0,POOL-LBA(=yours),121,5.0,80.0,85.0
43,0.2,heterogeneous,64.0,SLOT-G-DEF,121,73.0,119.0,46.0
43,0.2,heterogeneous,64.0,SLOT-G-LBA,121,5.0,80.0,85.0
43,0.2,heterogeneous,64.0,SLOT-LFT-DEF,117,63.0,114.0,51.0
43,0.2,heterogeneous,64.0,SLOT-LFT-LBA,117,7.0,86.0,79.0
43,0.2,heterogeneous,64.0,SLOT-RAND-DEF,124,69.0,117.0,48.0
43,0.2,heterogeneous,64.0,SLOT-RAND-LBA,119,5.0,80.0,85.0
43,0.3,uniform,,POOL-LBA(=yours),128,8.0,91.0,83.0
43,0.3,uniform,,SLOT-G-DEF,128,80.0,127.0,47.0
43,0.3,uniform,,SLOT-G-LBA,128,8.0,91.0,83.0
43,0.3,uniform,,SLOT-LFT-DEF,123,66.0,120.0,54.0
43,0.3,uniform,,SLOT-LFT-LBA,123,4.0,89.0,85.0
43,0.3,uniform,,SLOT-RAND-DEF,124,74.0,124.0,50.0
43,0.3,uniform,,SLOT-RAND-LBA,123,2.0,86.0,88.0
43,0.3,heterogeneous,4.0,POOL-LBA(=yours),129,4.0,89.0,85.0
43,0.3,heterogeneous,4.0,SLOT-G-DEF,129,76.0,125.0,49.0
43,0.3,heterogeneous,4.0,SLOT-G-LBA,129,4.0,89.0,85.0
43,0.3,heterogeneous,4.0,SLOT-LFT-DEF,128,70.0,122.0,52.0
43,0.3,heterogeneous,4.0,SLOT-LFT-LBA,128,4.0,89.0,85.0
43,0.3,heterogeneous,4.0,SLOT-RAND-DEF,134,84.0,129.0,45.0
43,0.3,heterogeneous,4.0,SLOT-RAND-LBA,129,2.0,86.0,88.0
43,0.3,heterogeneous,16.0,POOL-LBA(=yours),132,6.0,93.0,87.0
43,0.3,heterogeneous,16.0,SLOT-G-DEF,132,82.0,131.0,49.0
43,0.3,heterogeneous,16.0,SLOT-G-LBA,132,6.0,93.0,87.0
43,0.3,heterogeneous,16.0,SLOT-LFT-DEF,129,64.0,122.0,58.0
43,0.3,heterogeneous,16.0,SLOT-LFT-LBA,129,6.0,87.0,93.0
43,0.3,heterogeneous,16.0,SLOT-RAND-DEF,128,66.0,123.0,57.0
43,0.3,heterogeneous,16.0,SLOT-RAND-LBA,126,4.0,92.0,88.0
43,0.3,heterogeneous,64.0,POOL-LBA(=yours),130,7.0,92.0,85.0
43,0.3,heterogeneous,64.0,SLOT-G-DEF,130,81.0,129.0,48.0
43,0.3,heterogeneous,64.0,SLOT-G-LBA,130,7.0,92.0,85.0
43,0.3,heterogeneous,64.0,SLOT-LFT-DEF,125,65.0,121.0,56.0
43,0.3,heterogeneous,64.0,SLOT-LFT-LBA,125,3.0,90.0,87.0
43,0.3,heterogeneous,64.0,SLOT-RAND-DEF,125,69.0,123.0,54.0
43,0.3,heterogeneous,64.0,SLOT-RAND-LBA,138,7.0,92.0,85.0
44,0.0,uniform,,POOL-LBA(=yours),119,1.0,68.0,69.0
44,0.0,uniform,,SLOT-G-DEF,119,99.0,118.0,19.0
44,0.0,uniform,,SLOT-G-LBA,119,1.0,68.0,69.0
44,0.0,uniform,,SLOT-LFT-DEF,118,91.0,114.0,23.0
44,0.0,uniform,,SLOT-LFT-LBA,118,1.0,68.0,69.0
44,0.0,uniform,,SLOT-RAND-DEF,117,97.0,117.0,20.0
44,0.0,uniform,,SLOT-RAND-LBA,119,1.0,69.0,68.0
44,0.0,heterogeneous,4.0,POOL-LBA(=yours),119,1.0,68.0,69.0
44,0.0,heterogeneous,4.0,SLOT-G-DEF,119,99.0,118.0,19.0
44,0.0,heterogeneous,4.0,SLOT-G-LBA,119,1.0,68.0,69.0
44,0.0,heterogeneous,4.0,SLOT-LFT-DEF,118,91.0,114.0,23.0
44,0.0,heterogeneous,4.0,SLOT-LFT-LBA,118,1.0,68.0,69.0
44,0.0,heterogeneous,4.0,SLOT-RAND-DEF,119,99.0,118.0,19.0
44,0.0,heterogeneous,4.0,SLOT-RAND-LBA,119,1.0,68.0,69.0
44,0.0,heterogeneous,16.0,POOL-LBA(=yours),119,1.0,68.0,69.0
44,0.0,heterogeneous,16.0,SLOT-G-DEF,119,99.0,118.0,19.0
44,0.0,heterogeneous,16.0,SLOT-G-LBA,119,1.0,68.0,69.0
44,0.0,heterogeneous,16.0,SLOT-LFT-DEF,118,91.0,114.0,23.0
44,0.0,heterogeneous,16.0,SLOT-LFT-LBA,118,1.0,68.0,69.0
44,0.0,heterogeneous,16.0,SLOT-RAND-DEF,117,93.0,115.0,22.0
44,0.0,heterogeneous,16.0,SLOT-RAND-LBA,118,1.0,68.0,69.0
44,0.0,heterogeneous,64.0,POOL-LBA(=yours),119,1.0,68.0,69.0
44,0.0,heterogeneous,64.0,SLOT-G-DEF,119,99.0,118.0,19.0
44,0.0,heterogeneous,64.0,SLOT-G-LBA,119,1.0,68.0,69.0
44,0.0,heterogeneous,64.0,SLOT-LFT-DEF,118,91.0,114.0,23.0
44,0.0,heterogeneous,64.0,SLOT-LFT-LBA,118,1.0,68.0,69.0
44,0.0,heterogeneous,64.0,SLOT-RAND-DEF,118,91.0,114.0,23.0
44,0.0,heterogeneous,64.0,SLOT-RAND-LBA,117,5.0,71.0,66.0
44,0.1,uniform,,POOL-LBA(=yours),136,1.0,78.0,79.0
44,0.1,uniform,,SLOT-G-DEF,136,113.0,135.0,22.0
44,0.1,uniform,,SLOT-G-LBA,136,1.0,78.0,79.0
44,0.1,uniform,,SLOT-LFT-DEF,135,103.0,130.0,27.0
44,0.1,uniform,,SLOT-LFT-LBA,135,1.0,78.0,79.0
44,0.1,uniform,,SLOT-RAND-DEF,136,115.0,136.0,21.0
44,0.1,uniform,,SLOT-RAND-LBA,136,1.0,78.0,79.0
44,0.1,heterogeneous,4.0,POOL-LBA(=yours),130,6.0,78.0,72.0
44,0.1,heterogeneous,4.0,SLOT-G-DEF,130,98.0,124.0,26.0
44,0.1,heterogeneous,4.0,SLOT-G-LBA,130,6.0,78.0,72.0
44,0.1,heterogeneous,4.0,SLOT-LFT-DEF,129,100.0,125.0,25.0
44,0.1,heterogeneous,4.0,SLOT-LFT-LBA,129,4.0,73.0,77.0
44,0.1,heterogeneous,4.0,SLOT-RAND-DEF,130,98.0,124.0,26.0
44,0.1,heterogeneous,4.0,SLOT-RAND-LBA,128,12.0,69.0,81.0
44,0.1,heterogeneous,16.0,POOL-LBA(=yours),135,0.0,77.0,77.0
44,0.1,heterogeneous,16.0,SLOT-G-DEF,135,108.0,131.0,23.0
44,0.1,heterogeneous,16.0,SLOT-G-LBA,135,0.0,77.0,77.0
44,0.1,heterogeneous,16.0,SLOT-LFT-DEF,133,112.0,133.0,21.0
44,0.1,heterogeneous,16.0,SLOT-LFT-LBA,133,6.0,80.0,74.0
44,0.1,heterogeneous,16.0,SLOT-RAND-DEF,131,104.0,129.0,25.0
44,0.1,heterogeneous,16.0,SLOT-RAND-LBA,131,0.0,77.0,77.0
44,0.1,heterogeneous,64.0,POOL-LBA(=yours),130,0.0,75.0,75.0
44,0.1,heterogeneous,64.0,SLOT-G-DEF,130,110.0,130.0,20.0
44,0.1,heterogeneous,64.0,SLOT-G-LBA,130,0.0,75.0,75.0
44,0.1,heterogeneous,64.0,SLOT-LFT-DEF,129,100.0,125.0,25.0
44,0.1,heterogeneous,64.0,SLOT-LFT-LBA,129,0.0,75.0,75.0
44,0.1,heterogeneous,64.0,SLOT-RAND-DEF,130,110.0,130.0,20.0
44,0.1,heterogeneous,64.0,SLOT-RAND-LBA,130,2.0,76.0,74.0
44,0.2,uniform,,POOL-LBA(=yours),140,1.0,80.0,81.0
44,0.2,uniform,,SLOT-G-DEF,140,117.0,139.0,22.0
44,0.2,uniform,,SLOT-G-LBA,140,1.0,80.0,81.0
44,0.2,uniform,,SLOT-LFT-DEF,139,107.0,134.0,27.0
44,0.2,uniform,,SLOT-LFT-LBA,139,1.0,80.0,81.0
44,0.2,uniform,,SLOT-RAND-DEF,138,115.0,138.0,23.0
44,0.2,uniform,,SLOT-RAND-LBA,138,3.0,82.0,79.0
44,0.2,heterogeneous,4.0,POOL-LBA(=yours),151,1.0,86.0,85.0
44,0.2,heterogeneous,4.0,SLOT-G-DEF,151,127.0,149.0,22.0
44,0.2,heterogeneous,4.0,SLOT-G-LBA,151,1.0,86.0,85.0
44,0.2,heterogeneous,4.0,SLOT-LFT-DEF,150,121.0,146.0,25.0
44,0.2,heterogeneous,4.0,SLOT-LFT-LBA,150,1.0,86.0,85.0
44,0.2,heterogeneous,4.0,SLOT-RAND-DEF,150,121.0,146.0,25.0
44,0.2,heterogeneous,4.0,SLOT-RAND-LBA,151,9.0,81.0,90.0
44,0.2,heterogeneous,16.0,POOL-LBA(=yours),140,2.0,83.0,81.0
44,0.2,heterogeneous,16.0,SLOT-G-DEF,140,104.0,134.0,30.0
44,0.2,heterogeneous,16.0,SLOT-G-LBA,140,12.0,76.0,88.0
44,0.2,heterogeneous,16.0,SLOT-LFT-DEF,138,108.0,136.0,28.0
44,0.2,heterogeneous,16.0,SLOT-LFT-LBA,138,0.0,82.0,82.0
44,0.2,heterogeneous,16.0,SLOT-RAND-DEF,140,104.0,134.0,30.0
44,0.2,heterogeneous,16.0,SLOT-RAND-LBA,140,4.0,84.0,80.0
44,0.2,heterogeneous,64.0,POOL-LBA(=yours),143,1.0,83.0,82.0
44,0.2,heterogeneous,64.0,SLOT-G-DEF,143,119.0,142.0,23.0
44,0.2,heterogeneous,64.0,SLOT-G-LBA,143,1.0,83.0,82.0
44,0.2,heterogeneous,64.0,SLOT-LFT-DEF,142,109.0,137.0,28.0
44,0.2,heterogeneous,64.0,SLOT-LFT-LBA,142,1.0,83.0,82.0
44,0.2,heterogeneous,64.0,SLOT-RAND-DEF,143,119.0,142.0,23.0
44,0.2,heterogeneous,64.0,SLOT-RAND-LBA,141,1.0,82.0,83.0
44,0.3,uniform,,POOL-LBA(=yours),153,2.0,87.0,89.0
44,0.3,uniform,,SLOT-G-DEF,153,126.0,151.0,25.0
44,0.3,uniform,,SLOT-G-LBA,153,2.0,87.0,89.0
44,0.3,uniform,,SLOT-LFT-DEF,151,118.0,147.0,29.0
44,0.3,uniform,,SLOT-LFT-LBA,151,0.0,88.0,88.0
44,0.3,uniform,,SLOT-RAND-DEF,153,130.0,153.0,23.0
44,0.3,uniform,,SLOT-RAND-LBA,150,4.0,86.0,90.0
44,0.3,heterogeneous,4.0,POOL-LBA(=yours),148,0.0,87.0,87.0
44,0.3,heterogeneous,4.0,SLOT-G-DEF,148,120.0,147.0,27.0
44,0.3,heterogeneous,4.0,SLOT-G-LBA,148,2.0,88.0,86.0
44,0.3,heterogeneous,4.0,SLOT-LFT-DEF,146,112.0,143.0,31.0
44,0.3,heterogeneous,4.0,SLOT-LFT-LBA,146,0.0,87.0,87.0
44,0.3,heterogeneous,4.0,SLOT-RAND-DEF,147,120.0,147.0,27.0
44,0.3,heterogeneous,4.0,SLOT-RAND-LBA,148,4.0,89.0,85.0
44,0.3,heterogeneous,16.0,POOL-LBA(=yours),156,1.0,90.0,89.0
44,0.3,heterogeneous,16.0,SLOT-G-DEF,156,125.0,152.0,27.0
44,0.3,heterogeneous,16.0,SLOT-G-LBA,156,1.0,90.0,89.0
44,0.3,heterogeneous,16.0,SLOT-LFT-DEF,154,129.0,154.0,25.0
44,0.3,heterogeneous,16.0,SLOT-LFT-LBA,154,1.0,90.0,89.0
44,0.3,heterogeneous,16.0,SLOT-RAND-DEF,154,129.0,154.0,25.0
44,0.3,heterogeneous,16.0,SLOT-RAND-LBA,151,3.0,91.0,88.0
44,0.3,heterogeneous,64.0,POOL-LBA(=yours),156,1.0,89.0,90.0
44,0.3,heterogeneous,64.0,SLOT-G-DEF,156,127.0,153.0,26.0
44,0.3,heterogeneous,64.0,SLOT-G-LBA,156,1.0,89.0,90.0
44,0.3,heterogeneous,64.0,SLOT-LFT-DEF,155,131.0,155.0,24.0
44,0.3,heterogeneous,64.0,SLOT-LFT-LBA,155,1.0,90.0,89.0
44,0.3,heterogeneous,64.0,SLOT-RAND-DEF,154,119.0,149.0,30.0
44,0.3,heterogeneous,64.0,SLOT-RAND-LBA,154,1.0,89.0,90.0
45,0.0,uniform,,POOL-LBA(=yours),119,0.0,70.0,70.0
45,0.0,uniform,,SLOT-G-DEF,119,88.0,114.0,26.0
45,0.0,uniform,,SLOT-G-LBA,119,10.0,65.0,75.0
45,0.0,uniform,,SLOT-LFT-DEF,119,98.0,119.0,21.0
45,0.0,uniform,,SLOT-LFT-LBA,119,2.0,71.0,69.0
45,0.0,uniform,,SLOT-RAND-DEF,119,88.0,114.0,26.0
45,0.0,uniform,,SLOT-RAND-LBA,119,10.0,75.0,65.0
45,0.0,heterogeneous,4.0,POOL-LBA(=yours),119,0.0,70.0,70.0
45,0.0,heterogeneous,4.0,SLOT-G-DEF,119,88.0,114.0,26.0
45,0.0,heterogeneous,4.0,SLOT-G-LBA,119,10.0,65.0,75.0
45,0.0,heterogeneous,4.0,SLOT-LFT-DEF,119,98.0,119.0,21.0
45,0.0,heterogeneous,4.0,SLOT-LFT-LBA,119,2.0,71.0,69.0
45,0.0,heterogeneous,4.0,SLOT-RAND-DEF,119,88.0,114.0,26.0
45,0.0,heterogeneous,4.0,SLOT-RAND-LBA,119,2.0,71.0,69.0
45,0.0,heterogeneous,16.0,POOL-LBA(=yours),119,0.0,70.0,70.0
45,0.0,heterogeneous,16.0,SLOT-G-DEF,119,88.0,114.0,26.0
45,0.0,heterogeneous,16.0,SLOT-G-LBA,119,10.0,65.0,75.0
45,0.0,heterogeneous,16.0,SLOT-LFT-DEF,119,98.0,119.0,21.0
45,0.0,heterogeneous,16.0,SLOT-LFT-LBA,119,2.0,71.0,69.0
45,0.0,heterogeneous,16.0,SLOT-RAND-DEF,119,90.0,115.0,25.0
45,0.0,heterogeneous,16.0,SLOT-RAND-LBA,119,12.0,76.0,64.0
45,0.0,heterogeneous,64.0,POOL-LBA(=yours),119,0.0,70.0,70.0
45,0.0,heterogeneous,64.0,SLOT-G-DEF,119,88.0,114.0,26.0
45,0.0,heterogeneous,64.0,SLOT-G-LBA,119,10.0,65.0,75.0
45,0.0,heterogeneous,64.0,SLOT-LFT-DEF,119,98.0,119.0,21.0
45,0.0,heterogeneous,64.0,SLOT-LFT-LBA,119,2.0,71.0,69.0
45,0.0,heterogeneous,64.0,SLOT-RAND-DEF,119,88.0,114.0,26.0
45,0.0,heterogeneous,64.0,SLOT-RAND-LBA,119,10.0,75.0,65.0
45,0.1,uniform,,POOL-LBA(=yours),136,0.0,80.0,80.0
45,0.1,uniform,,SLOT-G-DEF,136,100.0,130.0,30.0
45,0.1,uniform,,SLOT-G-LBA,136,12.0,74.0,86.0
45,0.1,uniform,,SLOT-LFT-DEF,136,112.0,136.0,24.0
45,0.1,uniform,,SLOT-LFT-LBA,136,2.0,81.0,79.0
45,0.1,uniform,,SLOT-RAND-DEF,136,100.0,130.0,30.0
45,0.1,uniform,,SLOT-RAND-LBA,136,2.0,79.0,81.0
45,0.1,heterogeneous,4.0,POOL-LBA(=yours),129,1.0,76.0,75.0
45,0.1,heterogeneous,4.0,SLOT-G-DEF,129,99.0,125.0,26.0
45,0.1,heterogeneous,4.0,SLOT-G-LBA,129,9.0,71.0,80.0
45,0.1,heterogeneous,4.0,SLOT-LFT-DEF,129,107.0,129.0,22.0
45,0.1,heterogeneous,4.0,SLOT-LFT-LBA,129,5.0,78.0,73.0
45,0.1,heterogeneous,4.0,SLOT-RAND-DEF,129,99.0,125.0,26.0
45,0.1,heterogeneous,4.0,SLOT-RAND-LBA,129,3.0,74.0,77.0
45,0.1,heterogeneous,16.0,POOL-LBA(=yours),129,1.0,77.0,76.0
45,0.1,heterogeneous,16.0,SLOT-G-DEF,129,99.0,126.0,27.0
45,0.1,heterogeneous,16.0,SLOT-G-LBA,129,11.0,82.0,71.0
45,0.1,heterogeneous,16.0,SLOT-LFT-DEF,129,105.0,129.0,24.0
45,0.1,heterogeneous,16.0,SLOT-LFT-LBA,129,3.0,78.0,75.0
45,0.1,heterogeneous,16.0,SLOT-RAND-DEF,129,99.0,126.0,27.0
45,0.1,heterogeneous,16.0,SLOT-RAND-LBA,129,5.0,74.0,79.0
45,0.1,heterogeneous,64.0,POOL-LBA(=yours),134,1.0,78.0,79.0
45,0.1,heterogeneous,64.0,SLOT-G-DEF,134,109.0,133.0,24.0
45,0.1,heterogeneous,64.0,SLOT-G-LBA,134,1.0,78.0,79.0
45,0.1,heterogeneous,64.0,SLOT-LFT-DEF,134,111.0,134.0,23.0
45,0.1,heterogeneous,64.0,SLOT-LFT-LBA,134,1.0,79.0,78.0
45,0.1,heterogeneous,64.0,SLOT-RAND-DEF,134,109.0,133.0,24.0
45,0.1,heterogeneous,64.0,SLOT-RAND-LBA,134,5.0,81.0,76.0
45,0.2,uniform,,POOL-LBA(=yours),140,2.0,84.0,82.0
45,0.2,uniform,,SLOT-G-DEF,140,104.0,135.0,31.0
45,0.2,uniform,,SLOT-G-LBA,140,10.0,78.0,88.0
45,0.2,uniform,,SLOT-LFT-DEF,140,114.0,140.0,26.0
45,0.2,uniform,,SLOT-LFT-LBA,140,2.0,84.0,82.0
45,0.2,uniform,,SLOT-RAND-DEF,140,114.0,140.0,26.0
45,0.2,uniform,,SLOT-RAND-LBA,140,8.0,87.0,79.0
45,0.2,heterogeneous,4.0,POOL-LBA(=yours),137,5.0,82.0,77.0
45,0.2,heterogeneous,4.0,SLOT-G-DEF,137,97.0,128.0,31.0
45,0.2,heterogeneous,4.0,SLOT-G-LBA,137,5.0,77.0,82.0
45,0.2,heterogeneous,4.0,SLOT-LFT-DEF,137,115.0,137.0,22.0
45,0.2,heterogeneous,4.0,SLOT-LFT-LBA,137,1.0,79.0,80.0
45,0.2,heterogeneous,4.0,SLOT-RAND-DEF,137,109.0,134.0,25.0
45,0.2,heterogeneous,4.0,SLOT-RAND-LBA,137,5.0,77.0,82.0
45,0.2,heterogeneous,16.0,POOL-LBA(=yours),148,0.0,86.0,86.0
45,0.2,heterogeneous,16.0,SLOT-G-DEF,148,112.0,142.0,30.0
45,0.2,heterogeneous,16.0,SLOT-G-LBA,148,12.0,80.0,92.0
45,0.2,heterogeneous,16.0,SLOT-LFT-DEF,148,124.0,148.0,24.0
45,0.2,heterogeneous,16.0,SLOT-LFT-LBA,148,2.0,87.0,85.0
45,0.2,heterogeneous,16.0,SLOT-RAND-DEF,148,112.0,142.0,30.0
45,0.2,heterogeneous,16.0,SLOT-RAND-LBA,148,2.0,85.0,87.0
45,0.2,heterogeneous,64.0,POOL-LBA(=yours),141,5.0,86.0,81.0
45,0.2,heterogeneous,64.0,SLOT-G-DEF,141,107.0,137.0,30.0
45,0.2,heterogeneous,64.0,SLOT-G-LBA,141,7.0,80.0,87.0
45,0.2,heterogeneous,64.0,SLOT-LFT-DEF,141,115.0,141.0,26.0
45,0.2,heterogeneous,64.0,SLOT-LFT-LBA,141,1.0,84.0,83.0
45,0.2,heterogeneous,64.0,SLOT-RAND-DEF,141,115.0,141.0,26.0
45,0.2,heterogeneous,64.0,SLOT-RAND-LBA,141,1.0,84.0,83.0
45,0.3,uniform,,POOL-LBA(=yours),153,1.0,89.0,90.0
45,0.3,uniform,,SLOT-G-DEF,153,113.0,146.0,33.0
45,0.3,uniform,,SLOT-G-LBA,153,13.0,83.0,96.0
45,0.3,uniform,,SLOT-LFT-DEF,153,127.0,153.0,26.0
45,0.3,uniform,,SLOT-LFT-LBA,153,3.0,91.0,88.0
45,0.3,uniform,,SLOT-RAND-DEF,153,117.0,148.0,31.0
45,0.3,uniform,,SLOT-RAND-LBA,153,7.0,86.0,93.0
45,0.3,heterogeneous,4.0,POOL-LBA(=yours),149,3.0,90.0,87.0
45,0.3,heterogeneous,4.0,SLOT-G-DEF,149,105.0,141.0,36.0
45,0.3,heterogeneous,4.0,SLOT-G-LBA,149,9.0,84.0,93.0
45,0.3,heterogeneous,4.0,SLOT-LFT-DEF,149,121.0,149.0,28.0
45,0.3,heterogeneous,4.0,SLOT-LFT-LBA,149,1.0,88.0,89.0
45,0.3,heterogeneous,4.0,SLOT-RAND-DEF,149,111.0,144.0,33.0
45,0.3,heterogeneous,4.0,SLOT-RAND-LBA,149,1.0,88.0,89.0
45,0.3,heterogeneous,16.0,POOL-LBA(=yours),155,0.0,91.0,91.0
45,0.3,heterogeneous,16.0,SLOT-G-DEF,155,118.0,150.0,32.0
45,0.3,heterogeneous,16.0,SLOT-G-LBA,155,12.0,85.0,97.0
45,0.3,heterogeneous,16.0,SLOT-LFT-DEF,155,128.0,155.0,27.0
45,0.3,heterogeneous,16.0,SLOT-LFT-LBA,155,6.0,94.0,88.0
45,0.3,heterogeneous,16.0,SLOT-RAND-DEF,155,124.0,153.0,29.0
45,0.3,heterogeneous,16.0,SLOT-RAND-LBA,155,6.0,94.0,88.0
45,0.3,heterogeneous,64.0,POOL-LBA(=yours),156,1.0,91.0,92.0
45,0.3,heterogeneous,64.0,SLOT-G-DEF,156,115.0,149.0,34.0
45,0.3,heterogeneous,64.0,SLOT-G-LBA,156,13.0,85.0,98.0
45,0.3,heterogeneous,64.0,SLOT-LFT-DEF,156,129.0,156.0,27.0
45,0.3,heterogeneous,64.0,SLOT-LFT-LBA,156,3.0,93.0,90.0
45,0.3,heterogeneous,64.0,SLOT-RAND-DEF,156,119.0,151.0,32.0
45,0.3,heterogeneous,64.0,SLOT-RAND-LBA,156,3.0,93.0,90.0
46,0.0,uniform,,POOL-LBA(=yours),107,6.0,76.0,70.0
46,0.0,uniform,,SLOT-G-DEF,107,54.0,100.0,46.0
46,0.0,uniform,,SLOT-G-LBA,107,8.0,69.0,77.0
46,0.0,uniform,,SLOT-LFT-DEF,105,38.0,92.0,54.0
46,0.0,uniform,,SLOT-LFT-LBA,105,12.0,79.0,67.0
46,0.0,uniform,,SLOT-RAND-DEF,105,54.0,100.0,46.0
46,0.0,uniform,,SLOT-RAND-LBA,112,2.0,74.0,72.0
46,0.0,heterogeneous,4.0,POOL-LBA(=yours),107,6.0,76.0,70.0
46,0.0,heterogeneous,4.0,SLOT-G-DEF,107,54.0,100.0,46.0
46,0.0,heterogeneous,4.0,SLOT-G-LBA,107,8.0,69.0,77.0
46,0.0,heterogeneous,4.0,SLOT-LFT-DEF,105,38.0,92.0,54.0
46,0.0,heterogeneous,4.0,SLOT-LFT-LBA,105,12.0,79.0,67.0
46,0.0,heterogeneous,4.0,SLOT-RAND-DEF,106,58.0,102.0,44.0
46,0.0,heterogeneous,4.0,SLOT-RAND-LBA,107,2.0,74.0,72.0
46,0.0,heterogeneous,16.0,POOL-LBA(=yours),107,6.0,76.0,70.0
46,0.0,heterogeneous,16.0,SLOT-G-DEF,107,54.0,100.0,46.0
46,0.0,heterogeneous,16.0,SLOT-G-LBA,107,8.0,69.0,77.0
46,0.0,heterogeneous,16.0,SLOT-LFT-DEF,105,38.0,92.0,54.0
46,0.0,heterogeneous,16.0,SLOT-LFT-LBA,105,12.0,79.0,67.0
46,0.0,heterogeneous,16.0,SLOT-RAND-DEF,103,42.0,94.0,52.0
46,0.0,heterogeneous,16.0,SLOT-RAND-LBA,105,2.0,74.0,72.0
46,0.0,heterogeneous,64.0,POOL-LBA(=yours),107,6.0,76.0,70.0
46,0.0,heterogeneous,64.0,SLOT-G-DEF,107,54.0,100.0,46.0
46,0.0,heterogeneous,64.0,SLOT-G-LBA,107,8.0,69.0,77.0
46,0.0,heterogeneous,64.0,SLOT-LFT-DEF,105,38.0,92.0,54.0
46,0.0,heterogeneous,64.0,SLOT-LFT-LBA,105,12.0,79.0,67.0
46,0.0,heterogeneous,64.0,SLOT-RAND-DEF,104,62.0,104.0,42.0
46,0.0,heterogeneous,64.0,SLOT-RAND-LBA,105,0.0,73.0,73.0
46,0.1,uniform,,POOL-LBA(=yours),122,8.0,87.0,79.0
46,0.1,uniform,,SLOT-G-DEF,122,60.0,113.0,53.0
46,0.1,uniform,,SLOT-G-LBA,122,8.0,79.0,87.0
46,0.1,uniform,,SLOT-LFT-DEF,119,42.0,104.0,62.0
46,0.1,uniform,,SLOT-LFT-LBA,119,14.0,90.0,76.0
46,0.1,uniform,,SLOT-RAND-DEF,125,66.0,116.0,50.0
46,0.1,uniform,,SLOT-RAND-LBA,118,16.0,75.0,91.0
46,0.1,heterogeneous,4.0,POOL-LBA(=yours),116,5.0,75.0,80.0
46,0.1,heterogeneous,4.0,SLOT-G-DEF,116,65.0,110.0,45.0
46,0.1,heterogeneous,4.0,SLOT-G-LBA,116,9.0,82.0,73.0
46,0.1,heterogeneous,4.0,SLOT-LFT-DEF,113,37.0,96.0,59.0
46,0.1,heterogeneous,4.0,SLOT-LFT-LBA,113,11.0,83.0,72.0
46,0.1,heterogeneous,4.0,SLOT-RAND-DEF,115,75.0,115.0,40.0
46,0.1,heterogeneous,4.0,SLOT-RAND-LBA,113,3.0,76.0,79.0
46,0.1,heterogeneous,16.0,POOL-LBA(=yours),118,6.0,77.0,83.0
46,0.1,heterogeneous,16.0,SLOT-G-DEF,118,60.0,110.0,50.0
46,0.1,heterogeneous,16.0,SLOT-G-LBA,118,6.0,77.0,83.0
46,0.1,heterogeneous,16.0,SLOT-LFT-DEF,116,50.0,105.0,55.0
46,0.1,heterogeneous,16.0,SLOT-LFT-LBA,116,8.0,84.0,76.0
46,0.1,heterogeneous,16.0,SLOT-RAND-DEF,117,50.0,105.0,55.0
46,0.1,heterogeneous,16.0,SLOT-RAND-LBA,114,4.0,78.0,82.0
46,0.1,heterogeneous,64.0,POOL-LBA(=yours),120,8.0,85.0,77.0
46,0.1,heterogeneous,64.0,SLOT-G-DEF,120,62.0,112.0,50.0
46,0.1,heterogeneous,64.0,SLOT-G-LBA,120,6.0,78.0,84.0
46,0.1,heterogeneous,64.0,SLOT-LFT-DEF,117,42.0,102.0,60.0
46,0.1,heterogeneous,64.0,SLOT-LFT-LBA,117,12.0,75.0,87.0
46,0.1,heterogeneous,64.0,SLOT-RAND-DEF,114,66.0,114.0,48.0
46,0.1,heterogeneous,64.0,SLOT-RAND-LBA,119,10.0,76.0,86.0
46,0.2,uniform,,POOL-LBA(=yours),129,5.0,91.0,86.0
46,0.2,uniform,,SLOT-G-DEF,129,65.0,121.0,56.0
46,0.2,uniform,,SLOT-G-LBA,129,11.0,83.0,94.0
46,0.2,uniform,,SLOT-LFT-DEF,127,47.0,112.0,65.0
46,0.2,uniform,,SLOT-LFT-LBA,127,13.0,82.0,95.0
46,0.2,uniform,,SLOT-RAND-DEF,136,83.0,130.0,47.0
46,0.2,uniform,,SLOT-RAND-LBA,126,17.0,80.0,97.0
46,0.2,heterogeneous,4.0,POOL-LBA(=yours),129,6.0,90.0,84.0
46,0.2,heterogeneous,4.0,SLOT-G-DEF,129,70.0,122.0,52.0
46,0.2,heterogeneous,4.0,SLOT-G-LBA,129,8.0,83.0,91.0
46,0.2,heterogeneous,4.0,SLOT-LFT-DEF,123,60.0,117.0,57.0
46,0.2,heterogeneous,4.0,SLOT-LFT-LBA,123,8.0,91.0,83.0
46,0.2,heterogeneous,4.0,SLOT-RAND-DEF,135,96.0,135.0,39.0
46,0.2,heterogeneous,4.0,SLOT-RAND-LBA,127,16.0,79.0,95.0
46,0.2,heterogeneous,16.0,POOL-LBA(=yours),129,7.0,92.0,85.0
46,0.2,heterogeneous,16.0,SLOT-G-DEF,129,69.0,123.0,54.0
46,0.2,heterogeneous,16.0,SLOT-G-LBA,129,9.0,84.0,93.0
46,0.2,heterogeneous,16.0,SLOT-LFT-DEF,127,47.0,112.0,65.0
46,0.2,heterogeneous,16.0,SLOT-LFT-LBA,127,13.0,95.0,82.0
46,0.2,heterogeneous,16.0,SLOT-RAND-DEF,130,73.0,125.0,52.0
46,0.2,heterogeneous,16.0,SLOT-RAND-LBA,131,3.0,87.0,90.0
46,0.2,heterogeneous,64.0,POOL-LBA(=yours),125,6.0,89.0,83.0
46,0.2,heterogeneous,64.0,SLOT-G-DEF,125,62.0,117.0,55.0
46,0.2,heterogeneous,64.0,SLOT-G-LBA,125,10.0,81.0,91.0
46,0.2,heterogeneous,64.0,SLOT-LFT-DEF,123,44.0,108.0,64.0
46,0.2,heterogeneous,64.0,SLOT-LFT-LBA,123,12.0,92.0,80.0
46,0.2,heterogeneous,64.0,SLOT-RAND-DEF,120,64.0,118.0,54.0
46,0.2,heterogeneous,64.0,SLOT-RAND-LBA,128,2.0,85.0,87.0
46,0.3,uniform,,POOL-LBA(=yours),136,7.0,96.0,89.0
46,0.3,uniform,,SLOT-G-DEF,136,71.0,128.0,57.0
46,0.3,uniform,,SLOT-G-LBA,136,11.0,87.0,98.0
46,0.3,uniform,,SLOT-LFT-DEF,134,49.0,117.0,68.0
46,0.3,uniform,,SLOT-LFT-LBA,134,15.0,100.0,85.0
46,0.3,uniform,,SLOT-RAND-DEF,134,65.0,125.0,60.0
46,0.3,uniform,,SLOT-RAND-LBA,136,15.0,85.0,100.0
46,0.3,heterogeneous,4.0,POOL-LBA(=yours),132,5.0,93.0,88.0
46,0.3,heterogeneous,4.0,SLOT-G-DEF,132,61.0,121.0,60.0
46,0.3,heterogeneous,4.0,SLOT-G-LBA,132,11.0,96.0,85.0
46,0.3,heterogeneous,4.0,SLOT-LFT-DEF,129,49.0,115.0,66.0
46,0.3,heterogeneous,4.0,SLOT-LFT-LBA,129,13.0,97.0,84.0
46,0.3,heterogeneous,4.0,SLOT-RAND-DEF,129,63.0,122.0,59.0
46,0.3,heterogeneous,4.0,SLOT-RAND-LBA,137,3.0,89.0,92.0
46,0.3,heterogeneous,16.0,POOL-LBA(=yours),138,8.0,90.0,98.0
46,0.3,heterogeneous,16.0,SLOT-G-DEF,138,68.0,128.0,60.0
46,0.3,heterogeneous,16.0,SLOT-G-LBA,138,8.0,90.0,98.0
46,0.3,heterogeneous,16.0,SLOT-LFT-DEF,136,64.0,126.0,62.0
46,0.3,heterogeneous,16.0,SLOT-LFT-LBA,136,12.0,100.0,88.0
46,0.3,heterogeneous,16.0,SLOT-RAND-DEF,141,94.0,141.0,47.0
46,0.3,heterogeneous,16.0,SLOT-RAND-LBA,134,4.0,96.0,92.0
46,0.3,heterogeneous,64.0,POOL-LBA(=yours),139,8.0,99.0,91.0
46,0.3,heterogeneous,64.0,SLOT-G-DEF,139,70.0,130.0,60.0
46,0.3,heterogeneous,64.0,SLOT-G-LBA,139,10.0,90.0,100.0
46,0.3,heterogeneous,64.0,SLOT-LFT-DEF,136,52.0,121.0,69.0
46,0.3,heterogeneous,64.0,SLOT-LFT-LBA,136,12.0,89.0,101.0
46,0.3,heterogeneous,64.0,SLOT-RAND-DEF,135,66.0,128.0,62.0
46,0.3,heterogeneous,64.0,SLOT-RAND-LBA,136,4.0,97.0,93.0
47,0.0,uniform,,POOL-LBA(=yours),100,1.0,70.0,71.0
47,0.0,uniform,,SLOT-G-DEF,100,37.0,89.0,52.0
47,0.0,uniform,,SLOT-G-LBA,100,13.0,77.0,64.0
47,0.0,uniform,,SLOT-LFT-DEF,101,49.0,95.0,46.0
47,0.0,uniform,,SLOT-LFT-LBA,101,13.0,77.0,64.0
47,0.0,uniform,,SLOT-RAND-DEF,99,49.0,95.0,46.0
47,0.0,uniform,,SLOT-RAND-LBA,105,1.0,71.0,70.0
47,0.0,heterogeneous,4.0,POOL-LBA(=yours),100,1.0,70.0,71.0
47,0.0,heterogeneous,4.0,SLOT-G-DEF,100,37.0,89.0,52.0
47,0.0,heterogeneous,4.0,SLOT-G-LBA,100,13.0,77.0,64.0
47,0.0,heterogeneous,4.0,SLOT-LFT-DEF,101,49.0,95.0,46.0
47,0.0,heterogeneous,4.0,SLOT-LFT-LBA,101,13.0,77.0,64.0
47,0.0,heterogeneous,4.0,SLOT-RAND-DEF,100,51.0,96.0,45.0
47,0.0,heterogeneous,4.0,SLOT-RAND-LBA,102,9.0,75.0,66.0
47,0.0,heterogeneous,16.0,POOL-LBA(=yours),100,1.0,70.0,71.0
47,0.0,heterogeneous,16.0,SLOT-G-DEF,100,37.0,89.0,52.0
47,0.0,heterogeneous,16.0,SLOT-G-LBA,100,13.0,77.0,64.0
47,0.0,heterogeneous,16.0,SLOT-LFT-DEF,101,49.0,95.0,46.0
47,0.0,heterogeneous,16.0,SLOT-LFT-LBA,101,13.0,77.0,64.0
47,0.0,heterogeneous,16.0,SLOT-RAND-DEF,106,57.0,99.0,42.0
47,0.0,heterogeneous,16.0,SLOT-RAND-LBA,100,1.0,70.0,71.0
47,0.0,heterogeneous,64.0,POOL-LBA(=yours),100,1.0,70.0,71.0
47,0.0,heterogeneous,64.0,SLOT-G-DEF,100,37.0,89.0,52.0
47,0.0,heterogeneous,64.0,SLOT-G-LBA,100,13.0,77.0,64.0
47,0.0,heterogeneous,64.0,SLOT-LFT-DEF,101,49.0,95.0,46.0
47,0.0,heterogeneous,64.0,SLOT-LFT-LBA,101,13.0,77.0,64.0
47,0.0,heterogeneous,64.0,SLOT-RAND-DEF,100,49.0,95.0,46.0
47,0.0,heterogeneous,64.0,SLOT-RAND-LBA,102,1.0,70.0,71.0
47,0.1,uniform,,POOL-LBA(=yours),114,1.0,80.0,81.0
47,0.1,uniform,,SLOT-G-DEF,114,41.0,101.0,60.0
47,0.1,uniform,,SLOT-G-LBA,114,15.0,88.0,73.0
47,0.1,uniform,,SLOT-LFT-DEF,115,55.0,108.0,53.0
47,0.1,uniform,,SLOT-LFT-LBA,115,15.0,88.0,73.0
47,0.1,uniform,,SLOT-RAND-DEF,115,65.0,113.0,48.0
47,0.1,uniform,,SLOT-RAND-LBA,120,1.0,80.0,81.0
47,0.1,heterogeneous,4.0,POOL-LBA(=yours),110,5.0,80.0,75.0
47,0.1,heterogeneous,4.0,SLOT-G-DEF,110,55.0,105.0,50.0
47,0.1,heterogeneous,4.0,SLOT-G-LBA,110,3.0,79.0,76.0
47,0.1,heterogeneous,4.0,SLOT-LFT-DEF,111,61.0,108.0,47.0
47,0.1,heterogeneous,4.0,SLOT-LFT-LBA,111,1.0,78.0,77.0
47,0.1,heterogeneous,4.0,SLOT-RAND-DEF,108,51.0,103.0,52.0
47,0.1,heterogeneous,4.0,SLOT-RAND-LBA,114,1.0,78.0,77.0
47,0.1,heterogeneous,16.0,POOL-LBA(=yours),108,0.0,77.0,77.0
47,0.1,heterogeneous,16.0,SLOT-G-DEF,108,40.0,97.0,57.0
47,0.1,heterogeneous,16.0,SLOT-G-LBA,108,12.0,71.0,83.0
47,0.1,heterogeneous,16.0,SLOT-LFT-DEF,109,48.0,101.0,53.0
47,0.1,heterogeneous,16.0,SLOT-LFT-LBA,109,12.0,71.0,83.0
47,0.1,heterogeneous,16.0,SLOT-RAND-DEF,108,50.0,102.0,52.0
47,0.1,heterogeneous,16.0,SLOT-RAND-LBA,108,8.0,81.0,73.0
47,0.1,heterogeneous,64.0,POOL-LBA(=yours),111,1.0,79.0,78.0
47,0.1,heterogeneous,64.0,SLOT-G-DEF,111,43.0,100.0,57.0
47,0.1,heterogeneous,64.0,SLOT-G-LBA,111,13.0,72.0,85.0
47,0.1,heterogeneous,64.0,SLOT-LFT-DEF,111,57.0,107.0,50.0
47,0.1,heterogeneous,64.0,SLOT-LFT-LBA,111,13.0,85.0,72.0
47,0.1,heterogeneous,64.0,SLOT-RAND-DEF,111,57.0,107.0,50.0
47,0.1,heterogeneous,64.0,SLOT-RAND-LBA,118,3.0,80.0,77.0
47,0.2,uniform,,POOL-LBA(=yours),119,2.0,83.0,85.0
47,0.2,uniform,,SLOT-G-DEF,119,46.0,107.0,61.0
47,0.2,uniform,,SLOT-G-LBA,119,14.0,77.0,91.0
47,0.2,uniform,,SLOT-LFT-DEF,120,60.0,114.0,54.0
47,0.2,uniform,,SLOT-LFT-LBA,120,14.0,77.0,91.0
47,0.2,uniform,,SLOT-RAND-DEF,125,62.0,115.0,53.0
47,0.2,uniform,,SLOT-RAND-LBA,121,0.0,84.0,84.0
47,0.2,heterogeneous,4.0,POOL-LBA(=yours),127,2.0,86.0,88.0
47,0.2,heterogeneous,4.0,SLOT-G-DEF,127,56.0,115.0,59.0
47,0.2,heterogeneous,4.0,SLOT-G-LBA,127,6.0,90.0,84.0
47,0.2,heterogeneous,4.0,SLOT-LFT-DEF,127,56.0,115.0,59.0
47,0.2,heterogeneous,4.0,SLOT-LFT-LBA,127,6.0,90.0,84.0
47,0.2,heterogeneous,4.0,SLOT-RAND-DEF,136,84.0,129.0,45.0
47,0.2,heterogeneous,4.0,SLOT-RAND-LBA,136,14.0,94.0,80.0
47,0.2,heterogeneous,16.0,POOL-LBA(=yours),121,1.0,85.0,84.0
47,0.2,heterogeneous,16.0,SLOT-G-DEF,121,69.0,119.0,50.0
47,0.2,heterogeneous,16.0,SLOT-G-LBA,121,3.0,86.0,83.0
47,0.2,heterogeneous,16.0,SLOT-LFT-DEF,121,49.0,109.0,60.0
47,0.2,heterogeneous,16.0,SLOT-LFT-LBA,121,1.0,85.0,84.0
47,0.2,heterogeneous,16.0,SLOT-RAND-DEF,127,73.0,121.0,48.0
47,0.2,heterogeneous,16.0,SLOT-RAND-LBA,124,3.0,86.0,83.0
47,0.2,heterogeneous,64.0,POOL-LBA(=yours),122,1.0,86.0,87.0
47,0.2,heterogeneous,64.0,SLOT-G-DEF,122,47.0,110.0,63.0
47,0.2,heterogeneous,64.0,SLOT-G-LBA,122,15.0,94.0,79.0
47,0.2,heterogeneous,64.0,SLOT-LFT-DEF,123,61.0,117.0,56.0
47,0.2,heterogeneous,64.0,SLOT-LFT-LBA,123,13.0,80.0,93.0
47,0.2,heterogeneous,64.0,SLOT-RAND-DEF,128,71.0,122.0,51.0
47,0.2,heterogeneous,64.0,SLOT-RAND-LBA,131,1.0,87.0,86.0
47,0.3,uniform,,POOL-LBA(=yours),129,1.0,91.0,90.0
47,0.3,uniform,,SLOT-G-DEF,129,49.0,115.0,66.0
47,0.3,uniform,,SLOT-G-LBA,129,17.0,99.0,82.0
47,0.3,uniform,,SLOT-LFT-DEF,130,63.0,122.0,59.0
47,0.3,uniform,,SLOT-LFT-LBA,130,17.0,99.0,82.0
47,0.3,uniform,,SLOT-RAND-DEF,130,73.0,127.0,54.0
47,0.3,uniform,,SLOT-RAND-LBA,136,7.0,87.0,94.0
47,0.3,heterogeneous,4.0,POOL-LBA(=yours),124,2.0,91.0,89.0
47,0.3,heterogeneous,4.0,SLOT-G-DEF,124,58.0,119.0,61.0
47,0.3,heterogeneous,4.0,SLOT-G-LBA,124,0.0,90.0,90.0
47,0.3,heterogeneous,4.0,SLOT-LFT-DEF,126,62.0,121.0,59.0
47,0.3,heterogeneous,4.0,SLOT-LFT-LBA,126,4.0,88.0,92.0
47,0.3,heterogeneous,4.0,SLOT-RAND-DEF,124,66.0,123.0,57.0
47,0.3,heterogeneous,4.0,SLOT-RAND-LBA,130,10.0,85.0,95.0
47,0.3,heterogeneous,16.0,POOL-LBA(=yours),129,3.0,92.0,89.0
47,0.3,heterogeneous,16.0,SLOT-G-DEF,129,63.0,122.0,59.0
47,0.3,heterogeneous,16.0,SLOT-G-LBA,129,7.0,87.0,94.0
47,0.3,heterogeneous,16.0,SLOT-LFT-DEF,129,75.0,128.0,53.0
47,0.3,heterogeneous,16.0,SLOT-LFT-LBA,129,7.0,94.0,87.0
47,0.3,heterogeneous,16.0,SLOT-RAND-DEF,128,65.0,123.0,58.0
47,0.3,heterogeneous,16.0,SLOT-RAND-LBA,139,1.0,90.0,91.0
47,0.3,heterogeneous,64.0,POOL-LBA(=yours),129,4.0,93.0,89.0
47,0.3,heterogeneous,64.0,SLOT-G-DEF,129,66.0,124.0,58.0
47,0.3,heterogeneous,64.0,SLOT-G-LBA,129,16.0,99.0,83.0
47,0.3,heterogeneous,64.0,SLOT-LFT-DEF,130,64.0,123.0,59.0
47,0.3,heterogeneous,64.0,SLOT-LFT-LBA,130,16.0,83.0,99.0
47,0.3,heterogeneous,64.0,SLOT-RAND-DEF,134,72.0,127.0,55.0
47,0.3,heterogeneous,64.0,SLOT-RAND-LBA,131,18.0,82.0,100.0
48,0.0,uniform,,POOL-LBA(=yours),104,0.0,68.0,68.0
48,0.0,uniform,,SLOT-G-DEF,104,60.0,98.0,38.0
48,0.0,uniform,,SLOT-G-LBA,104,2.0,67.0,69.0
48,0.0,uniform,,SLOT-LFT-DEF,101,66.0,101.0,35.0
48,0.0,uniform,,SLOT-LFT-LBA,101,4.0,66.0,70.0
48,0.0,uniform,,SLOT-RAND-DEF,99,56.0,96.0,40.0
48,0.0,uniform,,SLOT-RAND-LBA,100,2.0,69.0,67.0
48,0.0,heterogeneous,4.0,POOL-LBA(=yours),104,0.0,68.0,68.0
48,0.0,heterogeneous,4.0,SLOT-G-DEF,104,60.0,98.0,38.0
48,0.0,heterogeneous,4.0,SLOT-G-LBA,104,2.0,67.0,69.0
48,0.0,heterogeneous,4.0,SLOT-LFT-DEF,101,66.0,101.0,35.0
48,0.0,heterogeneous,4.0,SLOT-LFT-LBA,101,4.0,66.0,70.0
48,0.0,heterogeneous,4.0,SLOT-RAND-DEF,99,52.0,94.0,42.0
48,0.0,heterogeneous,4.0,SLOT-RAND-LBA,102,0.0,68.0,68.0
48,0.0,heterogeneous,16.0,POOL-LBA(=yours),104,0.0,68.0,68.0
48,0.0,heterogeneous,16.0,SLOT-G-DEF,104,60.0,98.0,38.0
48,0.0,heterogeneous,16.0,SLOT-G-LBA,104,2.0,67.0,69.0
48,0.0,heterogeneous,16.0,SLOT-LFT-DEF,101,66.0,101.0,35.0
48,0.0,heterogeneous,16.0,SLOT-LFT-LBA,101,4.0,66.0,70.0
48,0.0,heterogeneous,16.0,SLOT-RAND-DEF,102,64.0,100.0,36.0
48,0.0,heterogeneous,16.0,SLOT-RAND-LBA,106,4.0,66.0,70.0
48,0.0,heterogeneous,64.0,POOL-LBA(=yours),104,0.0,68.0,68.0
48,0.0,heterogeneous,64.0,SLOT-G-DEF,104,60.0,98.0,38.0
48,0.0,heterogeneous,64.0,SLOT-G-LBA,104,2.0,67.0,69.0
48,0.0,heterogeneous,64.0,SLOT-LFT-DEF,101,66.0,101.0,35.0
48,0.0,heterogeneous,64.0,SLOT-LFT-LBA,101,4.0,66.0,70.0
48,0.0,heterogeneous,64.0,SLOT-RAND-DEF,103,54.0,95.0,41.0
48,0.0,heterogeneous,64.0,SLOT-RAND-LBA,99,4.0,66.0,70.0
48,0.1,uniform,,POOL-LBA(=yours),118,0.0,78.0,78.0
48,0.1,uniform,,SLOT-G-DEF,118,68.0,112.0,44.0
48,0.1,uniform,,SLOT-G-LBA,118,2.0,77.0,79.0
48,0.1,uniform,,SLOT-LFT-DEF,115,74.0,115.0,41.0
48,0.1,uniform,,SLOT-LFT-LBA,115,6.0,81.0,75.0
48,0.1,uniform,,SLOT-RAND-DEF,114,64.0,110.0,46.0
48,0.1,uniform,,SLOT-RAND-LBA,122,0.0,78.0,78.0
48,0.1,heterogeneous,4.0,POOL-LBA(=yours),122,4.0,81.0,77.0
48,0.1,heterogeneous,4.0,SLOT-G-DEF,122,78.0,118.0,40.0
48,0.1,heterogeneous,4.0,SLOT-G-LBA,122,4.0,81.0,77.0
48,0.1,heterogeneous,4.0,SLOT-LFT-DEF,118,66.0,112.0,46.0
48,0.1,heterogeneous,4.0,SLOT-LFT-LBA,118,6.0,82.0,76.0
48,0.1,heterogeneous,4.0,SLOT-RAND-DEF,122,74.0,116.0,42.0
48,0.1,heterogeneous,4.0,SLOT-RAND-LBA,122,6.0,76.0,82.0
48,0.1,heterogeneous,16.0,POOL-LBA(=yours),114,1.0,74.0,75.0
48,0.1,heterogeneous,16.0,SLOT-G-DEF,114,67.0,108.0,41.0
48,0.1,heterogeneous,16.0,SLOT-G-LBA,114,3.0,73.0,76.0
48,0.1,heterogeneous,16.0,SLOT-LFT-DEF,110,71.0,110.0,39.0
48,0.1,heterogeneous,16.0,SLOT-LFT-LBA,110,7.0,78.0,71.0
48,0.1,heterogeneous,16.0,SLOT-RAND-DEF,119,89.0,119.0,30.0
48,0.1,heterogeneous,16.0,SLOT-RAND-LBA,116,5.0,77.0,72.0
48,0.1,heterogeneous,64.0,POOL-LBA(=yours),115,1.0,74.0,75.0
48,0.1,heterogeneous,64.0,SLOT-G-DEF,115,67.0,108.0,41.0
48,0.1,heterogeneous,64.0,SLOT-G-LBA,115,5.0,72.0,77.0
48,0.1,heterogeneous,64.0,SLOT-LFT-DEF,113,77.0,113.0,36.0
48,0.1,heterogeneous,64.0,SLOT-LFT-LBA,113,5.0,77.0,72.0
48,0.1,heterogeneous,64.0,SLOT-RAND-DEF,110,63.0,106.0,43.0
48,0.1,heterogeneous,64.0,SLOT-RAND-LBA,112,5.0,72.0,77.0
48,0.2,uniform,,POOL-LBA(=yours),125,1.0,81.0,82.0
48,0.2,uniform,,SLOT-G-DEF,125,73.0,118.0,45.0
48,0.2,uniform,,SLOT-G-LBA,125,3.0,80.0,83.0
48,0.2,uniform,,SLOT-LFT-DEF,121,79.0,121.0,42.0
48,0.2,uniform,,SLOT-LFT-LBA,121,5.0,79.0,84.0
48,0.2,uniform,,SLOT-RAND-DEF,120,61.0,112.0,51.0
48,0.2,uniform,,SLOT-RAND-LBA,126,3.0,80.0,83.0
48,0.2,heterogeneous,4.0,POOL-LBA(=yours),118,2.0,78.0,80.0
48,0.2,heterogeneous,4.0,SLOT-G-DEF,118,64.0,111.0,47.0
48,0.2,heterogeneous,4.0,SLOT-G-LBA,118,2.0,78.0,80.0
48,0.2,heterogeneous,4.0,SLOT-LFT-DEF,115,72.0,115.0,43.0
48,0.2,heterogeneous,4.0,SLOT-LFT-LBA,115,6.0,76.0,82.0
48,0.2,heterogeneous,4.0,SLOT-RAND-DEF,115,62.0,110.0,48.0
48,0.2,heterogeneous,4.0,SLOT-RAND-LBA,121,4.0,81.0,77.0
48,0.2,heterogeneous,16.0,POOL-LBA(=yours),124,0.0,81.0,81.0
48,0.2,heterogeneous,16.0,SLOT-G-DEF,124,68.0,115.0,47.0
48,0.2,heterogeneous,16.0,SLOT-G-LBA,124,0.0,81.0,81.0
48,0.2,heterogeneous,16.0,SLOT-LFT-DEF,122,82.0,122.0,40.0
48,0.2,heterogeneous,16.0,SLOT-LFT-LBA,122,6.0,84.0,78.0
48,0.2,heterogeneous,16.0,SLOT-RAND-DEF,122,70.0,116.0,46.0
48,0.2,heterogeneous,16.0,SLOT-RAND-LBA,119,4.0,83.0,79.0
48,0.2,heterogeneous,64.0,POOL-LBA(=yours),124,1.0,82.0,81.0
48,0.2,heterogeneous,64.0,SLOT-G-DEF,124,75.0,119.0,44.0
48,0.2,heterogeneous,64.0,SLOT-G-LBA,124,1.0,82.0,81.0
48,0.2,heterogeneous,64.0,SLOT-LFT-DEF,120,77.0,120.0,43.0
48,0.2,heterogeneous,64.0,SLOT-LFT-LBA,120,5.0,79.0,84.0
48,0.2,heterogeneous,64.0,SLOT-RAND-DEF,125,87.0,125.0,38.0
48,0.2,heterogeneous,64.0,SLOT-RAND-LBA,124,3.0,83.0,80.0
48,0.3,uniform,,POOL-LBA(=yours),135,1.0,88.0,87.0
48,0.3,uniform,,SLOT-G-DEF,135,79.0,127.0,48.0
48,0.3,uniform,,SLOT-G-LBA,135,1.0,87.0,88.0
48,0.3,uniform,,SLOT-LFT-DEF,131,87.0,131.0,44.0
48,0.3,uniform,,SLOT-LFT-LBA,131,5.0,85.0,90.0
48,0.3,uniform,,SLOT-RAND-DEF,133,91.0,133.0,42.0
48,0.3,uniform,,SLOT-RAND-LBA,130,7.0,84.0,91.0
48,0.3,heterogeneous,4.0,POOL-LBA(=yours),146,5.0,95.0,100.0
48,0.3,heterogeneous,4.0,SLOT-G-DEF,146,67.0,131.0,64.0
48,0.3,heterogeneous,4.0,SLOT-G-LBA,146,5.0,95.0,100.0
48,0.3,heterogeneous,4.0,SLOT-LFT-DEF,141,87.0,141.0,54.0
48,0.3,heterogeneous,4.0,SLOT-LFT-LBA,141,3.0,99.0,96.0
48,0.3,heterogeneous,4.0,SLOT-RAND-DEF,148,71.0,133.0,62.0
48,0.3,heterogeneous,4.0,SLOT-RAND-LBA,142,1.0,97.0,98.0
48,0.3,heterogeneous,16.0,POOL-LBA(=yours),140,2.0,91.0,89.0
48,0.3,heterogeneous,16.0,SLOT-G-DEF,140,68.0,124.0,56.0
48,0.3,heterogeneous,16.0,SLOT-G-LBA,140,8.0,94.0,86.0
48,0.3,heterogeneous,16.0,SLOT-LFT-DEF,137,84.0,132.0,48.0
48,0.3,heterogeneous,16.0,SLOT-LFT-LBA,137,4.0,88.0,92.0
48,0.3,heterogeneous,16.0,SLOT-RAND-DEF,137,76.0,128.0,52.0
48,0.3,heterogeneous,16.0,SLOT-RAND-LBA,133,2.0,91.0,89.0
48,0.3,heterogeneous,64.0,POOL-LBA(=yours),133,1.0,88.0,87.0
48,0.3,heterogeneous,64.0,SLOT-G-DEF,133,75.0,125.0,50.0
48,0.3,heterogeneous,64.0,SLOT-G-LBA,133,3.0,86.0,89.0
48,0.3,heterogeneous,64.0,SLOT-LFT-DEF,130,85.0,130.0,45.0
48,0.3,heterogeneous,64.0,SLOT-LFT-LBA,130,5.0,90.0,85.0
48,0.3,heterogeneous,64.0,SLOT-RAND-DEF,132,81.0,128.0,47.0
48,0.3,heterogeneous,64.0,SLOT-RAND-LBA,135,5.0,85.0,90.0
49,0.0,uniform,,POOL-LBA(=yours),106,0.0,73.0,73.0
49,0.0,uniform,,SLOT-G-DEF,106,66.0,106.0,40.0
49,0.0,uniform,,SLOT-G-LBA,106,0.0,73.0,73.0
49,0.0,uniform,,SLOT-LFT-DEF,106,52.0,99.0,47.0
49,0.0,uniform,,SLOT-LFT-LBA,106,0.0,73.0,73.0
49,0.0,uniform,,SLOT-RAND-DEF,111,54.0,100.0,46.0
49,0.0,uniform,,SLOT-RAND-LBA,103,2.0,72.0,74.0
49,0.0,heterogeneous,4.0,POOL-LBA(=yours),106,0.0,73.0,73.0
49,0.0,heterogeneous,4.0,SLOT-G-DEF,106,66.0,106.0,40.0
49,0.0,heterogeneous,4.0,SLOT-G-LBA,106,0.0,73.0,73.0
49,0.0,heterogeneous,4.0,SLOT-LFT-DEF,106,52.0,99.0,47.0
49,0.0,heterogeneous,4.0,SLOT-LFT-LBA,106,0.0,73.0,73.0
49,0.0,heterogeneous,4.0,SLOT-RAND-DEF,106,62.0,104.0,42.0
49,0.0,heterogeneous,4.0,SLOT-RAND-LBA,108,2.0,74.0,72.0
49,0.0,heterogeneous,16.0,POOL-LBA(=yours),106,0.0,73.0,73.0
49,0.0,heterogeneous,16.0,SLOT-G-DEF,106,66.0,106.0,40.0
49,0.0,heterogeneous,16.0,SLOT-G-LBA,106,0.0,73.0,73.0
49,0.0,heterogeneous,16.0,SLOT-LFT-DEF,106,52.0,99.0,47.0
49,0.0,heterogeneous,16.0,SLOT-LFT-LBA,106,0.0,73.0,73.0
49,0.0,heterogeneous,16.0,SLOT-RAND-DEF,106,48.0,97.0,49.0
49,0.0,heterogeneous,16.0,SLOT-RAND-LBA,106,0.0,73.0,73.0
49,0.0,heterogeneous,64.0,POOL-LBA(=yours),106,0.0,73.0,73.0
49,0.0,heterogeneous,64.0,SLOT-G-DEF,106,66.0,106.0,40.0
49,0.0,heterogeneous,64.0,SLOT-G-LBA,106,0.0,73.0,73.0
49,0.0,heterogeneous,64.0,SLOT-LFT-DEF,106,52.0,99.0,47.0
49,0.0,heterogeneous,64.0,SLOT-LFT-LBA,106,0.0,73.0,73.0
49,0.0,heterogeneous,64.0,SLOT-RAND-DEF,112,76.0,111.0,35.0
49,0.0,heterogeneous,64.0,SLOT-RAND-LBA,112,0.0,73.0,73.0
49,0.1,uniform,,POOL-LBA(=yours),120,0.0,83.0,83.0
49,0.1,uniform,,SLOT-G-DEF,120,74.0,120.0,46.0
49,0.1,uniform,,SLOT-G-LBA,120,0.0,83.0,83.0
49,0.1,uniform,,SLOT-LFT-DEF,120,58.0,112.0,54.0
49,0.1,uniform,,SLOT-LFT-LBA,120,0.0,83.0,83.0
49,0.1,uniform,,SLOT-RAND-DEF,126,46.0,106.0,60.0
49,0.1,uniform,,SLOT-RAND-LBA,119,14.0,90.0,76.0
49,0.1,heterogeneous,4.0,POOL-LBA(=yours),122,2.0,83.0,81.0
49,0.1,heterogeneous,4.0,SLOT-G-DEF,122,74.0,119.0,45.0
49,0.1,heterogeneous,4.0,SLOT-G-LBA,122,2.0,81.0,83.0
49,0.1,heterogeneous,4.0,SLOT-LFT-DEF,122,66.0,115.0,49.0
49,0.1,heterogeneous,4.0,SLOT-LFT-LBA,122,2.0,83.0,81.0
49,0.1,heterogeneous,4.0,SLOT-RAND-DEF,128,80.0,122.0,42.0
49,0.1,heterogeneous,4.0,SLOT-RAND-LBA,122,6.0,79.0,85.0
49,0.1,heterogeneous,16.0,POOL-LBA(=yours),115,0.0,78.0,78.0
49,0.1,heterogeneous,16.0,SLOT-G-DEF,115,74.0,115.0,41.0
49,0.1,heterogeneous,16.0,SLOT-G-LBA,115,6.0,81.0,75.0
49,0.1,heterogeneous,16.0,SLOT-LFT-DEF,115,74.0,115.0,41.0
49,0.1,heterogeneous,16.0,SLOT-LFT-LBA,115,6.0,81.0,75.0
49,0.1,heterogeneous,16.0,SLOT-RAND-DEF,115,74.0,115.0,41.0
49,0.1,heterogeneous,16.0,SLOT-RAND-LBA,115,2.0,79.0,77.0
49,0.1,heterogeneous,64.0,POOL-LBA(=yours),119,2.0,81.0,83.0
49,0.1,heterogeneous,64.0,SLOT-G-DEF,119,70.0,117.0,47.0
49,0.1,heterogeneous,64.0,SLOT-G-LBA,119,2.0,81.0,83.0
49,0.1,heterogeneous,64.0,SLOT-LFT-DEF,119,58.0,111.0,53.0
49,0.1,heterogeneous,64.0,SLOT-LFT-LBA,119,0.0,82.0,82.0
49,0.1,heterogeneous,64.0,SLOT-RAND-DEF,124,84.0,124.0,40.0
49,0.1,heterogeneous,64.0,SLOT-RAND-LBA,121,14.0,89.0,75.0
49,0.2,uniform,,POOL-LBA(=yours),127,1.0,87.0,88.0
49,0.2,uniform,,SLOT-G-DEF,127,79.0,127.0,48.0
49,0.2,uniform,,SLOT-G-LBA,127,1.0,87.0,88.0
49,0.2,uniform,,SLOT-LFT-DEF,127,59.0,117.0,58.0
49,0.2,uniform,,SLOT-LFT-LBA,127,3.0,89.0,86.0
49,0.2,uniform,,SLOT-RAND-DEF,132,67.0,121.0,54.0
49,0.2,uniform,,SLOT-RAND-LBA,135,3.0,86.0,89.0
49,0.2,heterogeneous,4.0,POOL-LBA(=yours),133,5.0,89.0,94.0
49,0.2,heterogeneous,4.0,SLOT-G-DEF,133,61.0,122.0,61.0
49,0.2,heterogeneous,4.0,SLOT-G-LBA,133,5.0,89.0,94.0
49,0.2,heterogeneous,4.0,SLOT-LFT-DEF,133,73.0,128.0,55.0
49,0.2,heterogeneous,4.0,SLOT-LFT-LBA,133,7.0,95.0,88.0
49,0.2,heterogeneous,4.0,SLOT-RAND-DEF,135,85.0,134.0,49.0
49,0.2,heterogeneous,4.0,SLOT-RAND-LBA,134,1.0,92.0,91.0
49,0.2,heterogeneous,16.0,POOL-LBA(=yours),131,3.0,91.0,88.0
49,0.2,heterogeneous,16.0,SLOT-G-DEF,131,75.0,127.0,52.0
49,0.2,heterogeneous,16.0,SLOT-G-LBA,131,1.0,89.0,90.0
49,0.2,heterogeneous,16.0,SLOT-LFT-DEF,131,65.0,122.0,57.0
49,0.2,heterogeneous,16.0,SLOT-LFT-LBA,131,3.0,91.0,88.0
49,0.2,heterogeneous,16.0,SLOT-RAND-DEF,133,75.0,127.0,52.0
49,0.2,heterogeneous,16.0,SLOT-RAND-LBA,135,9.0,85.0,94.0
49,0.2,heterogeneous,64.0,POOL-LBA(=yours),125,0.0,87.0,87.0
49,0.2,heterogeneous,64.0,SLOT-G-DEF,125,76.0,125.0,49.0
49,0.2,heterogeneous,64.0,SLOT-G-LBA,125,2.0,88.0,86.0
49,0.2,heterogeneous,64.0,SLOT-LFT-DEF,125,60.0,117.0,57.0
49,0.2,heterogeneous,64.0,SLOT-LFT-LBA,125,2.0,86.0,88.0
49,0.2,heterogeneous,64.0,SLOT-RAND-DEF,124,62.0,118.0,56.0
49,0.2,heterogeneous,64.0,SLOT-RAND-LBA,122,8.0,83.0,91.0
49,0.3,uniform,,POOL-LBA(=yours),137,1.0,94.0,93.0
49,0.3,uniform,,SLOT-G-DEF,137,87.0,137.0,50.0
49,0.3,uniform,,SLOT-G-LBA,137,1.0,94.0,93.0
49,0.3,uniform,,SLOT-LFT-DEF,137,87.0,137.0,50.0
49,0.3,uniform,,SLOT-LFT-LBA,137,1.0,94.0,93.0
49,0.3,uniform,,SLOT-RAND-DEF,139,77.0,132.0,55.0
49,0.3,uniform,,SLOT-RAND-LBA,137,19.0,103.0,84.0
49,0.3,heterogeneous,4.0,POOL-LBA(=yours),135,2.0,95.0,97.0
49,0.3,heterogeneous,4.0,SLOT-G-DEF,135,58.0,125.0,67.0
49,0.3,heterogeneous,4.0,SLOT-G-LBA,135,2.0,95.0,97.0
49,0.3,heterogeneous,4.0,SLOT-LFT-DEF,136,68.0,130.0,62.0
49,0.3,heterogeneous,4.0,SLOT-LFT-LBA,136,4.0,98.0,94.0
49,0.3,heterogeneous,4.0,SLOT-RAND-DEF,135,66.0,129.0,63.0
49,0.3,heterogeneous,4.0,SLOT-RAND-LBA,142,12.0,102.0,90.0
49,0.3,heterogeneous,16.0,POOL-LBA(=yours),137,2.0,96.0,94.0
49,0.3,heterogeneous,16.0,SLOT-G-DEF,137,82.0,136.0,54.0
49,0.3,heterogeneous,16.0,SLOT-G-LBA,137,2.0,96.0,94.0
49,0.3,heterogeneous,16.0,SLOT-LFT-DEF,137,72.0,131.0,59.0
49,0.3,heterogeneous,16.0,SLOT-LFT-LBA,137,0.0,95.0,95.0
49,0.3,heterogeneous,16.0,SLOT-RAND-DEF,147,92.0,141.0,49.0
49,0.3,heterogeneous,16.0,SLOT-RAND-LBA,145,6.0,92.0,98.0
49,0.3,heterogeneous,64.0,POOL-LBA(=yours),137,3.0,96.0,93.0
49,0.3,heterogeneous,64.0,SLOT-G-DEF,137,85.0,137.0,52.0
49,0.3,heterogeneous,64.0,SLOT-G-LBA,137,1.0,95.0,94.0
49,0.3,heterogeneous,64.0,SLOT-LFT-DEF,137,63.0,126.0,63.0
49,0.3,heterogeneous,64.0,SLOT-LFT-LBA,137,3.0,96.0,93.0
49,0.3,heterogeneous,64.0,SLOT-RAND-DEF,141,81.0,135.0,54.0
49,0.3,heterogeneous,64.0,SLOT-RAND-LBA,136,3.0,93.0,96.0
50,0.0,uniform,,POOL-LBA(=yours),109,5.0,69.0,74.0
50,0.0,uniform,,SLOT-G-DEF,109,71.0,107.0,36.0
50,0.0,uniform,,SLOT-G-LBA,109,5.0,69.0,74.0
50,0.0,uniform,,SLOT-LFT-DEF,105,65.0,104.0,39.0
50,0.0,uniform,,SLOT-LFT-LBA,105,1.0,71.0,72.0
50,0.0,uniform,,SLOT-RAND-DEF,103,61.0,102.0,41.0
50,0.0,uniform,,SLOT-RAND-LBA,107,5.0,69.0,74.0
50,0.0,heterogeneous,4.0,POOL-LBA(=yours),109,5.0,69.0,74.0
50,0.0,heterogeneous,4.0,SLOT-G-DEF,109,71.0,107.0,36.0
50,0.0,heterogeneous,4.0,SLOT-G-LBA,109,5.0,69.0,74.0
50,0.0,heterogeneous,4.0,SLOT-LFT-DEF,105,65.0,104.0,39.0
50,0.0,heterogeneous,4.0,SLOT-LFT-LBA,105,1.0,71.0,72.0
50,0.0,heterogeneous,4.0,SLOT-RAND-DEF,107,63.0,103.0,40.0
50,0.0,heterogeneous,4.0,SLOT-RAND-LBA,104,1.0,71.0,72.0
50,0.0,heterogeneous,16.0,POOL-LBA(=yours),109,5.0,69.0,74.0
50,0.0,heterogeneous,16.0,SLOT-G-DEF,109,71.0,107.0,36.0
50,0.0,heterogeneous,16.0,SLOT-G-LBA,109,5.0,69.0,74.0
50,0.0,heterogeneous,16.0,SLOT-LFT-DEF,105,65.0,104.0,39.0
50,0.0,heterogeneous,16.0,SLOT-LFT-LBA,105,1.0,71.0,72.0
50,0.0,heterogeneous,16.0,SLOT-RAND-DEF,111,71.0,107.0,36.0
50,0.0,heterogeneous,16.0,SLOT-RAND-LBA,112,1.0,72.0,71.0
50,0.0,heterogeneous,64.0,POOL-LBA(=yours),109,5.0,69.0,74.0
50,0.0,heterogeneous,64.0,SLOT-G-DEF,109,71.0,107.0,36.0
50,0.0,heterogeneous,64.0,SLOT-G-LBA,109,5.0,69.0,74.0
50,0.0,heterogeneous,64.0,SLOT-LFT-DEF,105,65.0,104.0,39.0
50,0.0,heterogeneous,64.0,SLOT-LFT-LBA,105,1.0,71.0,72.0
50,0.0,heterogeneous,64.0,SLOT-RAND-DEF,113,77.0,110.0,33.0
50,0.0,heterogeneous,64.0,SLOT-RAND-LBA,109,5.0,69.0,74.0
50,0.1,uniform,,POOL-LBA(=yours),124,5.0,79.0,84.0
50,0.1,uniform,,SLOT-G-DEF,124,79.0,121.0,42.0
50,0.1,uniform,,SLOT-G-LBA,124,5.0,79.0,84.0
50,0.1,uniform,,SLOT-LFT-DEF,119,73.0,118.0,45.0
50,0.1,uniform,,SLOT-LFT-LBA,119,1.0,81.0,82.0
50,0.1,uniform,,SLOT-RAND-DEF,126,71.0,117.0,46.0
50,0.1,uniform,,SLOT-RAND-LBA,125,1.0,82.0,81.0
50,0.1,heterogeneous,4.0,POOL-LBA(=yours),119,4.0,82.0,78.0
50,0.1,heterogeneous,4.0,SLOT-G-DEF,119,78.0,119.0,41.0
50,0.1,heterogeneous,4.0,SLOT-G-LBA,119,4.0,82.0,78.0
50,0.1,heterogeneous,4.0,SLOT-LFT-DEF,118,66.0,113.0,47.0
50,0.1,heterogeneous,4.0,SLOT-LFT-LBA,118,2.0,81.0,79.0
50,0.1,heterogeneous,4.0,SLOT-RAND-DEF,124,76.0,118.0,42.0
50,0.1,heterogeneous,4.0,SLOT-RAND-LBA,119,6.0,83.0,77.0
50,0.1,heterogeneous,16.0,POOL-LBA(=yours),118,6.0,74.0,80.0
50,0.1,heterogeneous,16.0,SLOT-G-DEF,118,80.0,117.0,37.0
50,0.1,heterogeneous,16.0,SLOT-G-LBA,118,8.0,81.0,73.0
50,0.1,heterogeneous,16.0,SLOT-LFT-DEF,115,56.0,105.0,49.0
50,0.1,heterogeneous,16.0,SLOT-LFT-LBA,115,6.0,74.0,80.0
50,0.1,heterogeneous,16.0,SLOT-RAND-DEF,121,88.0,121.0,33.0
50,0.1,heterogeneous,16.0,SLOT-RAND-LBA,115,2.0,78.0,76.0
50,0.1,heterogeneous,64.0,POOL-LBA(=yours),121,5.0,82.0,77.0
50,0.1,heterogeneous,64.0,SLOT-G-DEF,121,81.0,120.0,39.0
50,0.1,heterogeneous,64.0,SLOT-G-LBA,121,7.0,83.0,76.0
50,0.1,heterogeneous,64.0,SLOT-LFT-DEF,118,71.0,115.0,44.0
50,0.1,heterogeneous,64.0,SLOT-LFT-LBA,118,5.0,82.0,77.0
50,0.1,heterogeneous,64.0,SLOT-RAND-DEF,117,73.0,116.0,43.0
50,0.1,heterogeneous,64.0,SLOT-RAND-LBA,124,5.0,82.0,77.0
50,0.2,uniform,,POOL-LBA(=yours),129,5.0,83.0,88.0
50,0.2,uniform,,SLOT-G-DEF,129,85.0,128.0,43.0
50,0.2,uniform,,SLOT-G-LBA,129,5.0,83.0,88.0
50,0.2,uniform,,SLOT-LFT-DEF,126,75.0,123.0,48.0
50,0.2,uniform,,SLOT-LFT-LBA,126,1.0,86.0,85.0
50,0.2,uniform,,SLOT-RAND-DEF,133,91.0,131.0,40.0
50,0.2,uniform,,SLOT-RAND-LBA,131,1.0,86.0,85.0
50,0.2,heterogeneous,4.0,POOL-LBA(=yours),146,2.0,95.0,93.0
50,0.2,heterogeneous,4.0,SLOT-G-DEF,146,96.0,142.0,46.0
50,0.2,heterogeneous,4.0,SLOT-G-LBA,146,2.0,93.0,95.0
50,0.2,heterogeneous,4.0,SLOT-LFT-DEF,140,92.0,140.0,48.0
50,0.2,heterogeneous,4.0,SLOT-LFT-LBA,140,2.0,95.0,93.0
50,0.2,heterogeneous,4.0,SLOT-RAND-DEF,145,102.0,145.0,43.0
50,0.2,heterogeneous,4.0,SLOT-RAND-LBA,149,8.0,90.0,98.0
50,0.2,heterogeneous,16.0,POOL-LBA(=yours),126,6.0,86.0,80.0
50,0.2,heterogeneous,16.0,SLOT-G-DEF,126,78.0,122.0,44.0
50,0.2,heterogeneous,16.0,SLOT-G-LBA,126,6.0,86.0,80.0
50,0.2,heterogeneous,16.0,SLOT-LFT-DEF,121,74.0,120.0,46.0
50,0.2,heterogeneous,16.0,SLOT-LFT-LBA,121,2.0,82.0,84.0
50,0.2,heterogeneous,16.0,SLOT-RAND-DEF,129,92.0,129.0,37.0
50,0.2,heterogeneous,16.0,SLOT-RAND-LBA,126,4.0,81.0,85.0
50,0.2,heterogeneous,64.0,POOL-LBA(=yours),131,5.0,84.0,89.0
50,0.2,heterogeneous,64.0,SLOT-G-DEF,131,85.0,129.0,44.0
50,0.2,heterogeneous,64.0,SLOT-G-LBA,131,5.0,84.0,89.0
50,0.2,heterogeneous,64.0,SLOT-LFT-DEF,127,77.0,125.0,48.0
50,0.2,heterogeneous,64.0,SLOT-LFT-LBA,127,1.0,87.0,86.0
50,0.2,heterogeneous,64.0,SLOT-RAND-DEF,127,69.0,121.0,52.0
50,0.2,heterogeneous,64.0,SLOT-RAND-LBA,136,3.0,88.0,85.0
50,0.3,uniform,,POOL-LBA(=yours),140,8.0,95.0,87.0
50,0.3,uniform,,SLOT-G-DEF,140,92.0,137.0,45.0
50,0.3,uniform,,SLOT-G-LBA,140,6.0,88.0,94.0
50,0.3,uniform,,SLOT-LFT-DEF,134,86.0,134.0,48.0
50,0.3,uniform,,SLOT-LFT-LBA,134,4.0,89.0,93.0
50,0.3,uniform,,SLOT-RAND-DEF,131,76.0,129.0,53.0
50,0.3,uniform,,SLOT-RAND-LBA,141,4.0,89.0,93.0
50,0.3,heterogeneous,4.0,POOL-LBA(=yours),135,7.0,85.0,92.0
50,0.3,heterogeneous,4.0,SLOT-G-DEF,135,89.0,133.0,44.0
50,0.3,heterogeneous,4.0,SLOT-G-LBA,135,7.0,92.0,85.0
50,0.3,heterogeneous,4.0,SLOT-LFT-DEF,129,81.0,129.0,48.0
50,0.3,heterogeneous,4.0,SLOT-LFT-LBA,129,5.0,86.0,91.0
50,0.3,heterogeneous,4.0,SLOT-RAND-DEF,132,73.0,125.0,52.0
50,0.3,heterogeneous,4.0,SLOT-RAND-LBA,141,5.0,91.0,86.0
50,0.3,heterogeneous,16.0,POOL-LBA(=yours),137,5.0,88.0,93.0
50,0.3,heterogeneous,16.0,SLOT-G-DEF,137,89.0,135.0,46.0
50,0.3,heterogeneous,16.0,SLOT-G-LBA,137,7.0,87.0,94.0
50,0.3,heterogeneous,16.0,SLOT-LFT-DEF,133,81.0,131.0,50.0
50,0.3,heterogeneous,16.0,SLOT-LFT-LBA,133,1.0,90.0,91.0
50,0.3,heterogeneous,16.0,SLOT-RAND-DEF,130,77.0,129.0,52.0
50,0.3,heterogeneous,16.0,SLOT-RAND-LBA,140,5.0,93.0,88.0
50,0.3,heterogeneous,64.0,POOL-LBA(=yours),144,3.0,96.0,93.0
50,0.3,heterogeneous,64.0,SLOT-G-DEF,144,81.0,135.0,54.0
50,0.3,heterogeneous,64.0,SLOT-G-LBA,144,7.0,98.0,91.0
50,0.3,heterogeneous,64.0,SLOT-LFT-DEF,140,85.0,137.0,52.0
50,0.3,heterogeneous,64.0,SLOT-LFT-LBA,140,1.0,95.0,94.0
50,0.3,heterogeneous,64.0,SLOT-RAND-DEF,140,91.0,140.0,49.0
50,0.3,heterogeneous,64.0,SLOT-RAND-LBA,147,5.0,97.0,92.0
51,0.0,uniform,,POOL-LBA(=yours),97,3.0,66.0,69.0
51,0.0,uniform,,SLOT-G-DEF,97,57.0,96.0,39.0
51,0.0,uniform,,SLOT-G-LBA,97,3.0,69.0,66.0
51,0.0,uniform,,SLOT-LFT-DEF,98,55.0,95.0,40.0
51,0.0,uniform,,SLOT-LFT-LBA,98,1.0,68.0,67.0
51,0.0,uniform,,SLOT-RAND-DEF,99,61.0,98.0,37.0
51,0.0,uniform,,SLOT-RAND-LBA,97,1.0,67.0,68.0
51,0.0,heterogeneous,4.0,POOL-LBA(=yours),97,3.0,66.0,69.0
51,0.0,heterogeneous,4.0,SLOT-G-DEF,97,57.0,96.0,39.0
51,0.0,heterogeneous,4.0,SLOT-G-LBA,97,3.0,69.0,66.0
51,0.0,heterogeneous,4.0,SLOT-LFT-DEF,98,55.0,95.0,40.0
51,0.0,heterogeneous,4.0,SLOT-LFT-LBA,98,1.0,68.0,67.0
51,0.0,heterogeneous,4.0,SLOT-RAND-DEF,97,51.0,93.0,42.0
51,0.0,heterogeneous,4.0,SLOT-RAND-LBA,99,3.0,66.0,69.0
51,0.0,heterogeneous,16.0,POOL-LBA(=yours),97,3.0,66.0,69.0
51,0.0,heterogeneous,16.0,SLOT-G-DEF,97,57.0,96.0,39.0
51,0.0,heterogeneous,16.0,SLOT-G-LBA,97,3.0,69.0,66.0
51,0.0,heterogeneous,16.0,SLOT-LFT-DEF,98,55.0,95.0,40.0
51,0.0,heterogeneous,16.0,SLOT-LFT-LBA,98,1.0,68.0,67.0
51,0.0,heterogeneous,16.0,SLOT-RAND-DEF,105,61.0,98.0,37.0
51,0.0,heterogeneous,16.0,SLOT-RAND-LBA,99,1.0,67.0,68.0
51,0.0,heterogeneous,64.0,POOL-LBA(=yours),97,3.0,66.0,69.0
51,0.0,heterogeneous,64.0,SLOT-G-DEF,97,57.0,96.0,39.0
51,0.0,heterogeneous,64.0,SLOT-G-LBA,97,3.0,69.0,66.0
51,0.0,heterogeneous,64.0,SLOT-LFT-DEF,98,55.0,95.0,40.0
51,0.0,heterogeneous,64.0,SLOT-LFT-LBA,98,1.0,68.0,67.0
51,0.0,heterogeneous,64.0,SLOT-RAND-DEF,97,51.0,93.0,42.0
51,0.0,heterogeneous,64.0,SLOT-RAND-LBA,100,5.0,70.0,65.0
51,0.1,uniform,,POOL-LBA(=yours),111,3.0,76.0,79.0
51,0.1,uniform,,SLOT-G-DEF,111,65.0,110.0,45.0
51,0.1,uniform,,SLOT-G-LBA,111,5.0,80.0,75.0
51,0.1,uniform,,SLOT-LFT-DEF,112,63.0,109.0,46.0
51,0.1,uniform,,SLOT-LFT-LBA,112,1.0,78.0,77.0
51,0.1,uniform,,SLOT-RAND-DEF,111,59.0,107.0,48.0
51,0.1,uniform,,SLOT-RAND-LBA,111,1.0,78.0,77.0
51,0.1,heterogeneous,4.0,POOL-LBA(=yours),105,6.0,76.0,70.0
51,0.1,heterogeneous,4.0,SLOT-G-DEF,105,48.0,97.0,49.0
51,0.1,heterogeneous,4.0,SLOT-G-LBA,105,6.0,76.0,70.0
51,0.1,heterogeneous,4.0,SLOT-LFT-DEF,105,46.0,96.0,50.0
51,0.1,heterogeneous,4.0,SLOT-LFT-LBA,105,10.0,78.0,68.0
51,0.1,heterogeneous,4.0,SLOT-RAND-DEF,106,50.0,98.0,48.0
51,0.1,heterogeneous,4.0,SLOT-RAND-LBA,104,4.0,71.0,75.0
51,0.1,heterogeneous,16.0,POOL-LBA(=yours),106,2.0,75.0,73.0
51,0.1,heterogeneous,16.0,SLOT-G-DEF,106,62.0,105.0,43.0
51,0.1,heterogeneous,16.0,SLOT-G-LBA,106,4.0,76.0,72.0
51,0.1,heterogeneous,16.0,SLOT-LFT-DEF,108,50.0,99.0,49.0
51,0.1,heterogeneous,16.0,SLOT-LFT-LBA,108,2.0,75.0,73.0
51,0.1,heterogeneous,16.0,SLOT-RAND-DEF,107,66.0,107.0,41.0
51,0.1,heterogeneous,16.0,SLOT-RAND-LBA,105,6.0,77.0,71.0
51,0.1,heterogeneous,64.0,POOL-LBA(=yours),107,6.0,78.0,72.0
51,0.1,heterogeneous,64.0,SLOT-G-DEF,107,52.0,101.0,49.0
51,0.1,heterogeneous,64.0,SLOT-G-LBA,107,8.0,79.0,71.0
51,0.1,heterogeneous,64.0,SLOT-LFT-DEF,108,50.0,100.0,50.0
51,0.1,heterogeneous,64.0,SLOT-LFT-LBA,108,12.0,81.0,69.0
51,0.1,heterogeneous,64.0,SLOT-RAND-DEF,110,64.0,107.0,43.0
51,0.1,heterogeneous,64.0,SLOT-RAND-LBA,107,2.0,74.0,76.0
51,0.2,uniform,,POOL-LBA(=yours),117,3.0,79.0,82.0
51,0.2,uniform,,SLOT-G-DEF,117,73.0,117.0,44.0
51,0.2,uniform,,SLOT-G-LBA,117,3.0,82.0,79.0
51,0.2,uniform,,SLOT-LFT-DEF,118,65.0,113.0,48.0
51,0.2,uniform,,SLOT-LFT-LBA,118,1.0,80.0,81.0
51,0.2,uniform,,SLOT-RAND-DEF,118,75.0,118.0,43.0
51,0.2,uniform,,SLOT-RAND-LBA,118,1.0,80.0,81.0
51,0.2,heterogeneous,4.0,POOL-LBA(=yours),121,7.0,80.0,87.0
51,0.2,heterogeneous,4.0,SLOT-G-DEF,121,63.0,115.0,52.0
51,0.2,heterogeneous,4.0,SLOT-G-LBA,121,9.0,79.0,88.0
51,0.2,heterogeneous,4.0,SLOT-LFT-DEF,121,55.0,111.0,56.0
51,0.2,heterogeneous,4.0,SLOT-LFT-LBA,121,9.0,79.0,88.0
51,0.2,heterogeneous,4.0,SLOT-RAND-DEF,121,75.0,121.0,46.0
51,0.2,heterogeneous,4.0,SLOT-RAND-LBA,122,9.0,88.0,79.0
51,0.2,heterogeneous,16.0,POOL-LBA(=yours),113,4.0,77.0,81.0
51,0.2,heterogeneous,16.0,SLOT-G-DEF,113,50.0,104.0,54.0
51,0.2,heterogeneous,16.0,SLOT-G-LBA,113,10.0,84.0,74.0
51,0.2,heterogeneous,16.0,SLOT-LFT-DEF,113,50.0,104.0,54.0
51,0.2,heterogeneous,16.0,SLOT-LFT-LBA,113,12.0,73.0,85.0
51,0.2,heterogeneous,16.0,SLOT-RAND-DEF,114,42.0,100.0,58.0
51,0.2,heterogeneous,16.0,SLOT-RAND-LBA,113,0.0,79.0,79.0
51,0.2,heterogeneous,64.0,POOL-LBA(=yours),115,3.0,78.0,81.0
51,0.2,heterogeneous,64.0,SLOT-G-DEF,115,69.0,114.0,45.0
51,0.2,heterogeneous,64.0,SLOT-G-LBA,115,1.0,79.0,80.0
51,0.2,heterogeneous,64.0,SLOT-LFT-DEF,116,67.0,113.0,46.0
51,0.2,heterogeneous,64.0,SLOT-LFT-LBA,116,3.0,81.0,78.0
51,0.2,heterogeneous,64.0,SLOT-RAND-DEF,122,61.0,110.0,49.0
51,0.2,heterogeneous,64.0,SLOT-RAND-LBA,115,11.0,74.0,85.0
51,0.3,uniform,,POOL-LBA(=yours),122,4.0,83.0,87.0
51,0.3,uniform,,SLOT-G-DEF,122,72.0,121.0,49.0
51,0.3,uniform,,SLOT-G-LBA,122,2.0,84.0,86.0
51,0.3,uniform,,SLOT-LFT-DEF,123,70.0,120.0,50.0
51,0.3,uniform,,SLOT-LFT-LBA,123,0.0,85.0,85.0
51,0.3,uniform,,SLOT-RAND-DEF,122,68.0,119.0,51.0
51,0.3,uniform,,SLOT-RAND-LBA,122,4.0,83.0,87.0
51,0.3,heterogeneous,4.0,POOL-LBA(=yours),129,4.0,91.0,87.0
51,0.3,heterogeneous,4.0,SLOT-G-DEF,129,80.0,129.0,49.0
51,0.3,heterogeneous,4.0,SLOT-G-LBA,129,4.0,91.0,87.0
51,0.3,heterogeneous,4.0,SLOT-LFT-DEF,127,76.0,127.0,51.0
51,0.3,heterogeneous,4.0,SLOT-LFT-LBA,127,6.0,86.0,92.0
51,0.3,heterogeneous,4.0,SLOT-RAND-DEF,129,58.0,118.0,60.0
51,0.3,heterogeneous,4.0,SLOT-RAND-LBA,137,12.0,83.0,95.0
51,0.3,heterogeneous,16.0,POOL-LBA(=yours),127,5.0,86.0,91.0
51,0.3,heterogeneous,16.0,SLOT-G-DEF,127,77.0,127.0,50.0
51,0.3,heterogeneous,16.0,SLOT-G-LBA,127,5.0,86.0,91.0
51,0.3,heterogeneous,16.0,SLOT-LFT-DEF,129,63.0,120.0,57.0
51,0.3,heterogeneous,16.0,SLOT-LFT-LBA,129,1.0,89.0,88.0
51,0.3,heterogeneous,16.0,SLOT-RAND-DEF,129,63.0,120.0,57.0
51,0.3,heterogeneous,16.0,SLOT-RAND-LBA,127,3.0,90.0,87.0
51,0.3,heterogeneous,64.0,POOL-LBA(=yours),123,4.0,85.0,89.0
51,0.3,heterogeneous,64.0,SLOT-G-DEF,123,62.0,118.0,56.0
51,0.3,heterogeneous,64.0,SLOT-G-LBA,123,6.0,84.0,90.0
51,0.3,heterogeneous,64.0,SLOT-LFT-DEF,124,56.0,115.0,59.0
51,0.3,heterogeneous,64.0,SLOT-LFT-LBA,124,10.0,82.0,92.0
51,0.3,heterogeneous,64.0,SLOT-RAND-DEF,136,98.0,136.0,38.0
51,0.3,heterogeneous,64.0,SLOT-RAND-LBA,126,10.0,82.0,92.0
52,0.0,uniform,,POOL-LBA(=yours),112,5.0,70.0,75.0
52,0.0,uniform,,SLOT-G-DEF,112,67.0,106.0,39.0
52,0.0,uniform,,SLOT-G-LBA,112,7.0,76.0,69.0
52,0.0,uniform,,SLOT-LFT-DEF,112,79.0,112.0,33.0
52,0.0,uniform,,SLOT-LFT-LBA,112,1.0,72.0,73.0
52,0.0,uniform,,SLOT-RAND-DEF,112,67.0,106.0,39.0
52,0.0,uniform,,SLOT-RAND-LBA,114,7.0,76.0,69.0
52,0.0,heterogeneous,4.0,POOL-LBA(=yours),112,5.0,70.0,75.0
52,0.0,heterogeneous,4.0,SLOT-G-DEF,112,67.0,106.0,39.0
52,0.0,heterogeneous,4.0,SLOT-G-LBA,112,7.0,76.0,69.0
52,0.0,heterogeneous,4.0,SLOT-LFT-DEF,112,79.0,112.0,33.0
52,0.0,heterogeneous,4.0,SLOT-LFT-LBA,112,1.0,72.0,73.0
52,0.0,heterogeneous,4.0,SLOT-RAND-DEF,112,69.0,107.0,38.0
52,0.0,heterogeneous,4.0,SLOT-RAND-LBA,112,7.0,76.0,69.0
52,0.0,heterogeneous,16.0,POOL-LBA(=yours),112,5.0,70.0,75.0
52,0.0,heterogeneous,16.0,SLOT-G-DEF,112,67.0,106.0,39.0
52,0.0,heterogeneous,16.0,SLOT-G-LBA,112,7.0,76.0,69.0
52,0.0,heterogeneous,16.0,SLOT-LFT-DEF,112,79.0,112.0,33.0
52,0.0,heterogeneous,16.0,SLOT-LFT-LBA,112,1.0,72.0,73.0
52,0.0,heterogeneous,16.0,SLOT-RAND-DEF,111,71.0,108.0,37.0
52,0.0,heterogeneous,16.0,SLOT-RAND-LBA,112,3.0,74.0,71.0
52,0.0,heterogeneous,64.0,POOL-LBA(=yours),112,5.0,70.0,75.0
52,0.0,heterogeneous,64.0,SLOT-G-DEF,112,67.0,106.0,39.0
52,0.0,heterogeneous,64.0,SLOT-G-LBA,112,7.0,76.0,69.0
52,0.0,heterogeneous,64.0,SLOT-LFT-DEF,112,79.0,112.0,33.0
52,0.0,heterogeneous,64.0,SLOT-LFT-LBA,112,1.0,72.0,73.0
52,0.0,heterogeneous,64.0,SLOT-RAND-DEF,112,77.0,111.0,34.0
52,0.0,heterogeneous,64.0,SLOT-RAND-LBA,112,7.0,76.0,69.0
52,0.1,uniform,,POOL-LBA(=yours),127,7.0,86.0,79.0
52,0.1,uniform,,SLOT-G-DEF,127,75.0,120.0,45.0
52,0.1,uniform,,SLOT-G-LBA,127,7.0,86.0,79.0
52,0.1,uniform,,SLOT-LFT-DEF,127,89.0,127.0,38.0
52,0.1,uniform,,SLOT-LFT-LBA,127,1.0,82.0,83.0
52,0.1,uniform,,SLOT-RAND-DEF,127,77.0,121.0,44.0
52,0.1,uniform,,SLOT-RAND-LBA,126,7.0,79.0,86.0
52,0.1,heterogeneous,4.0,POOL-LBA(=yours),134,5.0,84.0,89.0
52,0.1,heterogeneous,4.0,SLOT-G-DEF,134,93.0,133.0,40.0
52,0.1,heterogeneous,4.0,SLOT-G-LBA,134,5.0,89.0,84.0
52,0.1,heterogeneous,4.0,SLOT-LFT-DEF,134,87.0,130.0,43.0
52,0.1,heterogeneous,4.0,SLOT-LFT-LBA,134,1.0,86.0,87.0
52,0.1,heterogeneous,4.0,SLOT-RAND-DEF,139,105.0,139.0,34.0
52,0.1,heterogeneous,4.0,SLOT-RAND-LBA,136,5.0,89.0,84.0
52,0.1,heterogeneous,16.0,POOL-LBA(=yours),120,5.0,80.0,75.0
52,0.1,heterogeneous,16.0,SLOT-G-DEF,120,81.0,118.0,37.0
52,0.1,heterogeneous,16.0,SLOT-G-LBA,120,5.0,80.0,75.0
52,0.1,heterogeneous,16.0,SLOT-LFT-DEF,119,83.0,119.0,36.0
52,0.1,heterogeneous,16.0,SLOT-LFT-LBA,119,1.0,77.0,78.0
52,0.1,heterogeneous,16.0,SLOT-RAND-DEF,126,87.0,121.0,34.0
52,0.1,heterogeneous,16.0,SLOT-RAND-LBA,123,7.0,81.0,74.0
52,0.1,heterogeneous,64.0,POOL-LBA(=yours),123,8.0,84.0,76.0
52,0.1,heterogeneous,64.0,SLOT-G-DEF,123,84.0,122.0,38.0
52,0.1,heterogeneous,64.0,SLOT-G-LBA,123,8.0,84.0,76.0
52,0.1,heterogeneous,64.0,SLOT-LFT-DEF,123,84.0,122.0,38.0
52,0.1,heterogeneous,64.0,SLOT-LFT-LBA,123,2.0,79.0,81.0
52,0.1,heterogeneous,64.0,SLOT-RAND-DEF,122,80.0,120.0,40.0
52,0.1,heterogeneous,64.0,SLOT-RAND-LBA,124,6.0,77.0,83.0
52,0.2,uniform,,POOL-LBA(=yours),135,5.0,85.0,90.0
52,0.2,uniform,,SLOT-G-DEF,135,81.0,128.0,47.0
52,0.2,uniform,,SLOT-G-LBA,135,7.0,84.0,91.0
52,0.2,uniform,,SLOT-LFT-DEF,135,95.0,135.0,40.0
52,0.2,uniform,,SLOT-LFT-LBA,135,3.0,86.0,89.0
52,0.2,uniform,,SLOT-RAND-DEF,140,83.0,129.0,46.0
52,0.2,uniform,,SLOT-RAND-LBA,134,7.0,84.0,91.0
52,0.2,heterogeneous,4.0,POOL-LBA(=yours),133,8.0,91.0,83.0
52,0.2,heterogeneous,4.0,SLOT-G-DEF,133,90.0,132.0,42.0
52,0.2,heterogeneous,4.0,SLOT-G-LBA,133,8.0,91.0,83.0
52,0.2,heterogeneous,4.0,SLOT-LFT-DEF,134,88.0,131.0,43.0
52,0.2,heterogeneous,4.0,SLOT-LFT-LBA,134,4.0,89.0,85.0
52,0.2,heterogeneous,4.0,SLOT-RAND-DEF,138,102.0,138.0,36.0
52,0.2,heterogeneous,4.0,SLOT-RAND-LBA,133,10.0,92.0,82.0
52,0.2,heterogeneous,16.0,POOL-LBA(=yours),135,7.0,85.0,92.0
52,0.2,heterogeneous,16.0,SLOT-G-DEF,135,93.0,135.0,42.0
52,0.2,heterogeneous,16.0,SLOT-G-LBA,135,7.0,85.0,92.0
52,0.2,heterogeneous,16.0,SLOT-LFT-DEF,135,93.0,135.0,42.0
52,0.2,heterogeneous,16.0,SLOT-LFT-LBA,135,1.0,88.0,89.0
52,0.2,heterogeneous,16.0,SLOT-RAND-DEF,138,99.0,138.0,39.0
52,0.2,heterogeneous,16.0,SLOT-RAND-LBA,135,7.0,85.0,92.0
52,0.2,heterogeneous,64.0,POOL-LBA(=yours),137,7.0,84.0,91.0
52,0.2,heterogeneous,64.0,SLOT-G-DEF,137,83.0,129.0,46.0
52,0.2,heterogeneous,64.0,SLOT-G-LBA,137,9.0,92.0,83.0
52,0.2,heterogeneous,64.0,SLOT-LFT-DEF,136,97.0,136.0,39.0
52,0.2,heterogeneous,64.0,SLOT-LFT-LBA,136,5.0,85.0,90.0
52,0.2,heterogeneous,64.0,SLOT-RAND-DEF,136,91.0,133.0,42.0
52,0.2,heterogeneous,64.0,SLOT-RAND-LBA,141,7.0,84.0,91.0
52,0.3,uniform,,POOL-LBA(=yours),144,7.0,89.0,96.0
52,0.3,uniform,,SLOT-G-DEF,144,101.0,143.0,42.0
52,0.3,uniform,,SLOT-G-LBA,144,7.0,89.0,96.0
52,0.3,uniform,,SLOT-LFT-DEF,144,103.0,144.0,41.0
52,0.3,uniform,,SLOT-LFT-LBA,144,1.0,92.0,93.0
52,0.3,uniform,,SLOT-RAND-DEF,145,91.0,138.0,47.0
52,0.3,uniform,,SLOT-RAND-LBA,144,3.0,91.0,94.0
52,0.3,heterogeneous,4.0,POOL-LBA(=yours),152,9.0,95.0,104.0
52,0.3,heterogeneous,4.0,SLOT-G-DEF,152,105.0,152.0,47.0
52,0.3,heterogeneous,4.0,SLOT-G-LBA,152,9.0,95.0,104.0
52,0.3,heterogeneous,4.0,SLOT-LFT-DEF,151,91.0,145.0,54.0
52,0.3,heterogeneous,4.0,SLOT-LFT-LBA,151,9.0,104.0,95.0
52,0.3,heterogeneous,4.0,SLOT-RAND-DEF,154,109.0,154.0,45.0
52,0.3,heterogeneous,4.0,SLOT-RAND-LBA,151,7.0,96.0,103.0
52,0.3,heterogeneous,16.0,POOL-LBA(=yours),150,11.0,102.0,91.0
52,0.3,heterogeneous,16.0,SLOT-G-DEF,150,93.0,143.0,50.0
52,0.3,heterogeneous,16.0,SLOT-G-LBA,150,9.0,92.0,101.0
52,0.3,heterogeneous,16.0,SLOT-LFT-DEF,150,103.0,148.0,45.0
52,0.3,heterogeneous,16.0,SLOT-LFT-LBA,150,7.0,100.0,93.0
52,0.3,heterogeneous,16.0,SLOT-RAND-DEF,150,103.0,148.0,45.0
52,0.3,heterogeneous,16.0,SLOT-RAND-LBA,151,7.0,93.0,100.0
52,0.3,heterogeneous,64.0,POOL-LBA(=yours),145,7.0,97.0,90.0
52,0.3,heterogeneous,64.0,SLOT-G-DEF,145,99.0,143.0,44.0
52,0.3,heterogeneous,64.0,SLOT-G-LBA,145,3.0,92.0,95.0
52,0.3,heterogeneous,64.0,SLOT-LFT-DEF,146,105.0,146.0,41.0
52,0.3,heterogeneous,64.0,SLOT-LFT-LBA,146,1.0,93.0,94.0
52,0.3,heterogeneous,64.0,SLOT-RAND-DEF,148,103.0,145.0,42.0
52,0.3,heterogeneous,64.0,SLOT-RAND-LBA,148,1.0,93.0,94.0
53,0.0,uniform,,POOL-LBA(=yours),105,5.0,75.0,70.0
53,0.0,uniform,,SLOT-G-DEF,105,57.0,101.0,44.0
53,0.0,uniform,,SLOT-G-LBA,105,5.0,75.0,70.0
53,0.0,uniform,,SLOT-LFT-DEF,105,65.0,105.0,40.0
53,0.0,uniform,,SLOT-LFT-LBA,105,1.0,73.0,72.0
53,0.0,uniform,,SLOT-RAND-DEF,106,67.0,106.0,39.0
53,0.0,uniform,,SLOT-RAND-LBA,104,5.0,75.0,70.0
53,0.0,heterogeneous,4.0,POOL-LBA(=yours),105,5.0,75.0,70.0
53,0.0,heterogeneous,4.0,SLOT-G-DEF,105,57.0,101.0,44.0
53,0.0,heterogeneous,4.0,SLOT-G-LBA,105,5.0,75.0,70.0
53,0.0,heterogeneous,4.0,SLOT-LFT-DEF,105,65.0,105.0,40.0
53,0.0,heterogeneous,4.0,SLOT-LFT-LBA,105,1.0,73.0,72.0
53,0.0,heterogeneous,4.0,SLOT-RAND-DEF,104,43.0,94.0,51.0
53,0.0,heterogeneous,4.0,SLOT-RAND-LBA,104,3.0,71.0,74.0
53,0.0,heterogeneous,16.0,POOL-LBA(=yours),105,5.0,75.0,70.0
53,0.0,heterogeneous,16.0,SLOT-G-DEF,105,57.0,101.0,44.0
53,0.0,heterogeneous,16.0,SLOT-G-LBA,105,5.0,75.0,70.0
53,0.0,heterogeneous,16.0,SLOT-LFT-DEF,105,65.0,105.0,40.0
53,0.0,heterogeneous,16.0,SLOT-LFT-LBA,105,1.0,73.0,72.0
53,0.0,heterogeneous,16.0,SLOT-RAND-DEF,103,53.0,99.0,46.0
53,0.0,heterogeneous,16.0,SLOT-RAND-LBA,104,5.0,70.0,75.0
53,0.0,heterogeneous,64.0,POOL-LBA(=yours),105,5.0,75.0,70.0
53,0.0,heterogeneous,64.0,SLOT-G-DEF,105,57.0,101.0,44.0
53,0.0,heterogeneous,64.0,SLOT-G-LBA,105,5.0,75.0,70.0
53,0.0,heterogeneous,64.0,SLOT-LFT-DEF,105,65.0,105.0,40.0
53,0.0,heterogeneous,64.0,SLOT-LFT-LBA,105,1.0,73.0,72.0
53,0.0,heterogeneous,64.0,SLOT-RAND-DEF,103,53.0,99.0,46.0
53,0.0,heterogeneous,64.0,SLOT-RAND-LBA,105,1.0,73.0,72.0
53,0.1,uniform,,POOL-LBA(=yours),119,7.0,86.0,79.0
53,0.1,uniform,,SLOT-G-DEF,119,63.0,114.0,51.0
53,0.1,uniform,,SLOT-G-LBA,119,7.0,86.0,79.0
53,0.1,uniform,,SLOT-LFT-DEF,119,73.0,119.0,46.0
53,0.1,uniform,,SLOT-LFT-LBA,119,1.0,83.0,82.0
53,0.1,uniform,,SLOT-RAND-DEF,118,71.0,118.0,47.0
53,0.1,uniform,,SLOT-RAND-LBA,118,3.0,84.0,81.0
53,0.1,heterogeneous,4.0,POOL-LBA(=yours),109,6.0,79.0,73.0
53,0.1,heterogeneous,4.0,SLOT-G-DEF,109,58.0,105.0,47.0
53,0.1,heterogeneous,4.0,SLOT-G-LBA,109,6.0,79.0,73.0
53,0.1,heterogeneous,4.0,SLOT-LFT-DEF,109,66.0,109.0,43.0
53,0.1,heterogeneous,4.0,SLOT-LFT-LBA,109,2.0,77.0,75.0
53,0.1,heterogeneous,4.0,SLOT-RAND-DEF,110,66.0,109.0,43.0
53,0.1,heterogeneous,4.0,SLOT-RAND-LBA,108,6.0,79.0,73.0
53,0.1,heterogeneous,16.0,POOL-LBA(=yours),116,1.0,80.0,81.0
53,0.1,heterogeneous,16.0,SLOT-G-DEF,116,53.0,107.0,54.0
53,0.1,heterogeneous,16.0,SLOT-G-LBA,116,13.0,74.0,87.0
53,0.1,heterogeneous,16.0,SLOT-LFT-DEF,116,63.0,112.0,49.0
53,0.1,heterogeneous,16.0,SLOT-LFT-LBA,116,5.0,78.0,83.0
53,0.1,heterogeneous,16.0,SLOT-RAND-DEF,117,63.0,112.0,49.0
53,0.1,heterogeneous,16.0,SLOT-RAND-LBA,116,3.0,82.0,79.0
53,0.1,heterogeneous,64.0,POOL-LBA(=yours),116,5.0,78.0,83.0
53,0.1,heterogeneous,64.0,SLOT-G-DEF,116,55.0,108.0,53.0
53,0.1,heterogeneous,64.0,SLOT-G-LBA,116,13.0,87.0,74.0
53,0.1,heterogeneous,64.0,SLOT-LFT-DEF,116,71.0,116.0,45.0
53,0.1,heterogeneous,64.0,SLOT-LFT-LBA,116,1.0,81.0,80.0
53,0.1,heterogeneous,64.0,SLOT-RAND-DEF,114,51.0,106.0,55.0
53,0.1,heterogeneous,64.0,SLOT-RAND-LBA,116,3.0,79.0,82.0
53,0.2,uniform,,POOL-LBA(=yours),125,5.0,84.0,89.0
53,0.2,uniform,,SLOT-G-DEF,125,69.0,121.0,52.0
53,0.2,uniform,,SLOT-G-LBA,125,5.0,84.0,89.0
53,0.2,uniform,,SLOT-LFT-DEF,125,77.0,125.0,48.0
53,0.2,uniform,,SLOT-LFT-LBA,125,1.0,87.0,86.0
53,0.2,uniform,,SLOT-RAND-DEF,122,57.0,115.0,58.0
53,0.2,uniform,,SLOT-RAND-LBA,127,11.0,81.0,92.0
53,0.2,heterogeneous,4.0,POOL-LBA(=yours),121,5.0,86.0,81.0
53,0.2,heterogeneous,4.0,SLOT-G-DEF,121,63.0,115.0,52.0
53,0.2,heterogeneous,4.0,SLOT-G-LBA,121,7.0,80.0,87.0
53,0.2,heterogeneous,4.0,SLOT-LFT-DEF,121,71.0,119.0,48.0
53,0.2,heterogeneous,4.0,SLOT-LFT-LBA,121,1.0,84.0,83.0
53,0.2,heterogeneous,4.0,SLOT-RAND-DEF,121,55.0,111.0,56.0
53,0.2,heterogeneous,4.0,SLOT-RAND-LBA,121,5.0,86.0,81.0
53,0.2,heterogeneous,16.0,POOL-LBA(=yours),128,5.0,91.0,86.0
53,0.2,heterogeneous,16.0,SLOT-G-DEF,128,65.0,121.0,56.0
53,0.2,heterogeneous,16.0,SLOT-G-LBA,128,13.0,95.0,82.0
53,0.2,heterogeneous,16.0,SLOT-LFT-DEF,128,79.0,128.0,49.0
53,0.2,heterogeneous,16.0,SLOT-LFT-LBA,128,1.0,89.0,88.0
53,0.2,heterogeneous,16.0,SLOT-RAND-DEF,127,57.0,117.0,60.0
53,0.2,heterogeneous,16.0,SLOT-RAND-LBA,126,5.0,91.0,86.0
53,0.2,heterogeneous,64.0,POOL-LBA(=yours),125,5.0,84.0,89.0
53,0.2,heterogeneous,64.0,SLOT-G-DEF,125,69.0,121.0,52.0
53,0.2,heterogeneous,64.0,SLOT-G-LBA,125,5.0,84.0,89.0
53,0.2,heterogeneous,64.0,SLOT-LFT-DEF,125,77.0,125.0,48.0
53,0.2,heterogeneous,64.0,SLOT-LFT-LBA,125,1.0,87.0,86.0
53,0.2,heterogeneous,64.0,SLOT-RAND-DEF,124,59.0,116.0,57.0
53,0.2,heterogeneous,64.0,SLOT-RAND-LBA,125,11.0,81.0,92.0
53,0.3,uniform,,POOL-LBA(=yours),137,8.0,98.0,90.0
53,0.3,uniform,,SLOT-G-DEF,137,74.0,131.0,57.0
53,0.3,uniform,,SLOT-G-LBA,137,8.0,98.0,90.0
53,0.3,uniform,,SLOT-LFT-DEF,137,86.0,137.0,51.0
53,0.3,uniform,,SLOT-LFT-LBA,137,0.0,94.0,94.0
53,0.3,uniform,,SLOT-RAND-DEF,137,66.0,127.0,61.0
53,0.3,uniform,,SLOT-RAND-LBA,136,8.0,98.0,90.0
53,0.3,heterogeneous,4.0,POOL-LBA(=yours),140,8.0,94.0,102.0
53,0.3,heterogeneous,4.0,SLOT-G-DEF,140,76.0,136.0,60.0
53,0.3,heterogeneous,4.0,SLOT-G-LBA,140,8.0,94.0,102.0
53,0.3,heterogeneous,4.0,SLOT-LFT-DEF,141,86.0,141.0,55.0
53,0.3,heterogeneous,4.0,SLOT-LFT-LBA,141,0.0,98.0,98.0
53,0.3,heterogeneous,4.0,SLOT-RAND-DEF,140,58.0,127.0,69.0
53,0.3,heterogeneous,4.0,SLOT-RAND-LBA,140,14.0,91.0,105.0
53,0.3,heterogeneous,16.0,POOL-LBA(=yours),140,6.0,94.0,100.0
53,0.3,heterogeneous,16.0,SLOT-G-DEF,140,76.0,135.0,59.0
53,0.3,heterogeneous,16.0,SLOT-G-LBA,140,10.0,102.0,92.0
53,0.3,heterogeneous,16.0,SLOT-LFT-DEF,141,88.0,141.0,53.0
53,0.3,heterogeneous,16.0,SLOT-LFT-LBA,141,4.0,99.0,95.0
53,0.3,heterogeneous,16.0,SLOT-RAND-DEF,138,72.0,133.0,61.0
53,0.3,heterogeneous,16.0,SLOT-RAND-LBA,136,10.0,92.0,102.0
53,0.3,heterogeneous,64.0,POOL-LBA(=yours),137,7.0,98.0,91.0
53,0.3,heterogeneous,64.0,SLOT-G-DEF,137,75.0,132.0,57.0
53,0.3,heterogeneous,64.0,SLOT-G-LBA,137,7.0,98.0,91.0
53,0.3,heterogeneous,64.0,SLOT-LFT-DEF,138,87.0,138.0,51.0
53,0.3,heterogeneous,64.0,SLOT-LFT-LBA,138,1.0,95.0,94.0
53,0.3,heterogeneous,64.0,SLOT-RAND-DEF,137,85.0,137.0,52.0
53,0.3,heterogeneous,64.0,SLOT-RAND-LBA,137,17.0,103.0,86.0
54,0.0,uniform,,POOL-LBA(=yours),107,2.0,70.0,72.0
54,0.0,uniform,,SLOT-G-DEF,107,62.0,102.0,40.0
54,0.0,uniform,,SLOT-G-LBA,107,2.0,70.0,72.0
54,0.0,uniform,,SLOT-LFT-DEF,102,52.0,97.0,45.0
54,0.0,uniform,,SLOT-LFT-LBA,102,6.0,74.0,68.0
54,0.0,uniform,,SLOT-RAND-DEF,108,74.0,108.0,34.0
54,0.0,uniform,,SLOT-RAND-LBA,102,0.0,71.0,71.0
54,0.0,heterogeneous,4.0,POOL-LBA(=yours),107,2.0,70.0,72.0
54,0.0,heterogeneous,4.0,SLOT-G-DEF,107,62.0,102.0,40.0
54,0.0,heterogeneous,4.0,SLOT-G-LBA,107,2.0,70.0,72.0
54,0.0,heterogeneous,4.0,SLOT-LFT-DEF,102,52.0,97.0,45.0
54,0.0,heterogeneous,4.0,SLOT-LFT-LBA,102,6.0,74.0,68.0
54,0.0,heterogeneous,4.0,SLOT-RAND-DEF,109,62.0,102.0,40.0
54,0.0,heterogeneous,4.0,SLOT-RAND-LBA,100,10.0,66.0,76.0
54,0.0,heterogeneous,16.0,POOL-LBA(=yours),107,2.0,70.0,72.0
54,0.0,heterogeneous,16.0,SLOT-G-DEF,107,62.0,102.0,40.0
54,0.0,heterogeneous,16.0,SLOT-G-LBA,107,2.0,70.0,72.0
54,0.0,heterogeneous,16.0,SLOT-LFT-DEF,102,52.0,97.0,45.0
54,0.0,heterogeneous,16.0,SLOT-LFT-LBA,102,6.0,74.0,68.0
54,0.0,heterogeneous,16.0,SLOT-RAND-DEF,102,32.0,87.0,55.0
54,0.0,heterogeneous,16.0,SLOT-RAND-LBA,102,0.0,71.0,71.0
54,0.0,heterogeneous,64.0,POOL-LBA(=yours),107,2.0,70.0,72.0
54,0.0,heterogeneous,64.0,SLOT-G-DEF,107,62.0,102.0,40.0
54,0.0,heterogeneous,64.0,SLOT-G-LBA,107,2.0,70.0,72.0
54,0.0,heterogeneous,64.0,SLOT-LFT-DEF,102,52.0,97.0,45.0
54,0.0,heterogeneous,64.0,SLOT-LFT-LBA,102,6.0,74.0,68.0
54,0.0,heterogeneous,64.0,SLOT-RAND-DEF,105,58.0,100.0,42.0
54,0.0,heterogeneous,64.0,SLOT-RAND-LBA,101,10.0,66.0,76.0
54,0.1,uniform,,POOL-LBA(=yours),122,2.0,80.0,82.0
54,0.1,uniform,,SLOT-G-DEF,122,70.0,116.0,46.0
54,0.1,uniform,,SLOT-G-LBA,122,2.0,80.0,82.0
54,0.1,uniform,,SLOT-LFT-DEF,116,58.0,110.0,52.0
54,0.1,uniform,,SLOT-LFT-LBA,116,6.0,84.0,78.0
54,0.1,uniform,,SLOT-RAND-DEF,119,74.0,118.0,44.0
54,0.1,uniform,,SLOT-RAND-LBA,123,14.0,88.0,74.0
54,0.1,heterogeneous,4.0,POOL-LBA(=yours),117,4.0,79.0,75.0
54,0.1,heterogeneous,4.0,SLOT-G-DEF,117,70.0,112.0,42.0
54,0.1,heterogeneous,4.0,SLOT-G-LBA,117,4.0,79.0,75.0
54,0.1,heterogeneous,4.0,SLOT-LFT-DEF,111,58.0,106.0,48.0
54,0.1,heterogeneous,4.0,SLOT-LFT-LBA,111,6.0,80.0,74.0
54,0.1,heterogeneous,4.0,SLOT-RAND-DEF,118,72.0,113.0,41.0
54,0.1,heterogeneous,4.0,SLOT-RAND-LBA,111,0.0,77.0,77.0
54,0.1,heterogeneous,16.0,POOL-LBA(=yours),118,3.0,79.0,76.0
54,0.1,heterogeneous,16.0,SLOT-G-DEF,118,57.0,106.0,49.0
54,0.1,heterogeneous,16.0,SLOT-G-LBA,118,13.0,71.0,84.0
54,0.1,heterogeneous,16.0,SLOT-LFT-DEF,112,55.0,105.0,50.0
54,0.1,heterogeneous,16.0,SLOT-LFT-LBA,112,7.0,74.0,81.0
54,0.1,heterogeneous,16.0,SLOT-RAND-DEF,112,69.0,112.0,43.0
54,0.1,heterogeneous,16.0,SLOT-RAND-LBA,112,13.0,71.0,84.0
54,0.1,heterogeneous,64.0,POOL-LBA(=yours),119,5.0,82.0,77.0
54,0.1,heterogeneous,64.0,SLOT-G-DEF,119,67.0,113.0,46.0
54,0.1,heterogeneous,64.0,SLOT-G-LBA,119,5.0,77.0,82.0
54,0.1,heterogeneous,64.0,SLOT-LFT-DEF,113,53.0,106.0,53.0
54,0.1,heterogeneous,64.0,SLOT-LFT-LBA,113,1.0,79.0,80.0
54,0.1,heterogeneous,64.0,SLOT-RAND-DEF,111,39.0,99.0,60.0
54,0.1,heterogeneous,64.0,SLOT-RAND-LBA,112,9.0,75.0,84.0
54,0.2,uniform,,POOL-LBA(=yours),128,5.0,82.0,87.0
54,0.2,uniform,,SLOT-G-DEF,128,77.0,123.0,46.0
54,0.2,uniform,,SLOT-G-LBA,128,5.0,82.0,87.0
54,0.2,uniform,,SLOT-LFT-DEF,122,65.0,117.0,52.0
54,0.2,uniform,,SLOT-LFT-LBA,122,9.0,80.0,89.0
54,0.2,uniform,,SLOT-RAND-DEF,124,71.0,120.0,49.0
54,0.2,uniform,,SLOT-RAND-LBA,119,15.0,92.0,77.0
54,0.2,heterogeneous,4.0,POOL-LBA(=yours),127,4.0,89.0,85.0
54,0.2,heterogeneous,4.0,SLOT-G-DEF,127,80.0,127.0,47.0
54,0.2,heterogeneous,4.0,SLOT-G-LBA,127,4.0,89.0,85.0
54,0.2,heterogeneous,4.0,SLOT-LFT-DEF,122,68.0,121.0,53.0
54,0.2,heterogeneous,4.0,SLOT-LFT-LBA,122,0.0,87.0,87.0
54,0.2,heterogeneous,4.0,SLOT-RAND-DEF,127,62.0,118.0,56.0
54,0.2,heterogeneous,4.0,SLOT-RAND-LBA,128,2.0,88.0,86.0
54,0.2,heterogeneous,16.0,POOL-LBA(=yours),127,6.0,82.0,88.0
54,0.2,heterogeneous,16.0,SLOT-G-DEF,127,54.0,112.0,58.0
54,0.2,heterogeneous,16.0,SLOT-G-LBA,127,14.0,78.0,92.0
54,0.2,heterogeneous,16.0,SLOT-LFT-DEF,121,42.0,106.0,64.0
54,0.2,heterogeneous,16.0,SLOT-LFT-LBA,121,10.0,80.0,90.0
54,0.2,heterogeneous,16.0,SLOT-RAND-DEF,120,58.0,114.0,56.0
54,0.2,heterogeneous,16.0,SLOT-RAND-LBA,123,14.0,92.0,78.0
54,0.2,heterogeneous,64.0,POOL-LBA(=yours),131,3.0,84.0,87.0
54,0.2,heterogeneous,64.0,SLOT-G-DEF,131,91.0,131.0,40.0
54,0.2,heterogeneous,64.0,SLOT-G-LBA,131,3.0,87.0,84.0
54,0.2,heterogeneous,64.0,SLOT-LFT-DEF,125,79.0,125.0,46.0
54,0.2,heterogeneous,64.0,SLOT-LFT-LBA,125,7.0,82.0,89.0
54,0.2,heterogeneous,64.0,SLOT-RAND-DEF,122,57.0,114.0,57.0
54,0.2,heterogeneous,64.0,SLOT-RAND-LBA,120,7.0,89.0,82.0
54,0.3,uniform,,POOL-LBA(=yours),137,2.0,90.0,92.0
54,0.3,uniform,,SLOT-G-DEF,137,78.0,130.0,52.0
54,0.3,uniform,,SLOT-G-LBA,137,4.0,89.0,93.0
54,0.3,uniform,,SLOT-LFT-DEF,131,66.0,124.0,58.0
54,0.3,uniform,,SLOT-LFT-LBA,131,6.0,94.0,88.0
54,0.3,uniform,,SLOT-RAND-DEF,129,76.0,129.0,53.0
54,0.3,uniform,,SLOT-RAND-LBA,132,10.0,96.0,86.0
54,0.3,heterogeneous,4.0,POOL-LBA(=yours),129,4.0,86.0,90.0
54,0.3,heterogeneous,4.0,SLOT-G-DEF,129,66.0,121.0,55.0
54,0.3,heterogeneous,4.0,SLOT-G-LBA,129,14.0,95.0,81.0
54,0.3,heterogeneous,4.0,SLOT-LFT-DEF,124,52.0,114.0,62.0
54,0.3,heterogeneous,4.0,SLOT-LFT-LBA,124,16.0,96.0,80.0
54,0.3,heterogeneous,4.0,SLOT-RAND-DEF,127,70.0,123.0,53.0
54,0.3,heterogeneous,4.0,SLOT-RAND-LBA,122,12.0,82.0,94.0
54,0.3,heterogeneous,16.0,POOL-LBA(=yours),141,5.0,97.0,92.0
54,0.3,heterogeneous,16.0,SLOT-G-DEF,141,63.0,126.0,63.0
54,0.3,heterogeneous,16.0,SLOT-G-LBA,141,15.0,102.0,87.0
54,0.3,heterogeneous,16.0,SLOT-LFT-DEF,137,45.0,117.0,72.0
54,0.3,heterogeneous,16.0,SLOT-LFT-LBA,137,17.0,86.0,103.0
54,0.3,heterogeneous,16.0,SLOT-RAND-DEF,134,51.0,120.0,69.0
54,0.3,heterogeneous,16.0,SLOT-RAND-LBA,145,9.0,90.0,99.0
54,0.3,heterogeneous,64.0,POOL-LBA(=yours),139,4.0,94.0,90.0
54,0.3,heterogeneous,64.0,SLOT-G-DEF,139,68.0,126.0,58.0
54,0.3,heterogeneous,64.0,SLOT-G-LBA,139,10.0,97.0,87.0
54,0.3,heterogeneous,64.0,SLOT-LFT-DEF,133,68.0,126.0,58.0
54,0.3,heterogeneous,64.0,SLOT-LFT-LBA,133,10.0,97.0,87.0
54,0.3,heterogeneous,64.0,SLOT-RAND-DEF,137,80.0,132.0,52.0
54,0.3,heterogeneous,64.0,SLOT-RAND-LBA,130,8.0,88.0,96.0
55,0.0,uniform,,POOL-LBA(=yours),105,5.0,71.0,66.0
55,0.0,uniform,,SLOT-G-DEF,105,53.0,95.0,42.0
55,0.0,uniform,,SLOT-G-LBA,105,5.0,71.0,66.0
55,0.0,uniform,,SLOT-LFT-DEF,99,53.0,95.0,42.0
55,0.0,uniform,,SLOT-LFT-LBA,99,1.0,69.0,68.0
55,0.0,uniform,,SLOT-RAND-DEF,105,51.0,94.0,43.0
55,0.0,uniform,,SLOT-RAND-LBA,99,5.0,71.0,66.0
55,0.0,heterogeneous,4.0,POOL-LBA(=yours),105,5.0,71.0,66.0
55,0.0,heterogeneous,4.0,SLOT-G-DEF,105,53.0,95.0,42.0
55,0.0,heterogeneous,4.0,SLOT-G-LBA,105,5.0,71.0,66.0
55,0.0,heterogeneous,4.0,SLOT-LFT-DEF,99,53.0,95.0,42.0
55,0.0,heterogeneous,4.0,SLOT-LFT-LBA,99,1.0,69.0,68.0
55,0.0,heterogeneous,4.0,SLOT-RAND-DEF,100,41.0,89.0,48.0
55,0.0,heterogeneous,4.0,SLOT-RAND-LBA,99,1.0,69.0,68.0
55,0.0,heterogeneous,16.0,POOL-LBA(=yours),105,5.0,71.0,66.0
55,0.0,heterogeneous,16.0,SLOT-G-DEF,105,53.0,95.0,42.0
55,0.0,heterogeneous,16.0,SLOT-G-LBA,105,5.0,71.0,66.0
55,0.0,heterogeneous,16.0,SLOT-LFT-DEF,99,53.0,95.0,42.0
55,0.0,heterogeneous,16.0,SLOT-LFT-LBA,99,1.0,69.0,68.0
55,0.0,heterogeneous,16.0,SLOT-RAND-DEF,108,67.0,102.0,35.0
55,0.0,heterogeneous,16.0,SLOT-RAND-LBA,104,1.0,68.0,69.0
55,0.0,heterogeneous,64.0,POOL-LBA(=yours),105,5.0,71.0,66.0
55,0.0,heterogeneous,64.0,SLOT-G-DEF,105,53.0,95.0,42.0
55,0.0,heterogeneous,64.0,SLOT-G-LBA,105,5.0,71.0,66.0
55,0.0,heterogeneous,64.0,SLOT-LFT-DEF,99,53.0,95.0,42.0
55,0.0,heterogeneous,64.0,SLOT-LFT-LBA,99,1.0,69.0,68.0
55,0.0,heterogeneous,64.0,SLOT-RAND-DEF,106,75.0,106.0,31.0
55,0.0,heterogeneous,64.0,SLOT-RAND-LBA,104,3.0,67.0,70.0
55,0.1,uniform,,POOL-LBA(=yours),120,5.0,81.0,76.0
55,0.1,uniform,,SLOT-G-DEF,120,59.0,108.0,49.0
55,0.1,uniform,,SLOT-G-LBA,120,5.0,81.0,76.0
55,0.1,uniform,,SLOT-LFT-DEF,113,59.0,108.0,49.0
55,0.1,uniform,,SLOT-LFT-LBA,113,1.0,79.0,78.0
55,0.1,uniform,,SLOT-RAND-DEF,117,65.0,111.0,46.0
55,0.1,uniform,,SLOT-RAND-LBA,114,1.0,78.0,79.0
55,0.1,heterogeneous,4.0,POOL-LBA(=yours),113,5.0,75.0,70.0
55,0.1,heterogeneous,4.0,SLOT-G-DEF,113,57.0,101.0,44.0
55,0.1,heterogeneous,4.0,SLOT-G-LBA,113,5.0,70.0,75.0
55,0.1,heterogeneous,4.0,SLOT-LFT-DEF,107,59.0,102.0,43.0
55,0.1,heterogeneous,4.0,SLOT-LFT-LBA,107,3.0,74.0,71.0
55,0.1,heterogeneous,4.0,SLOT-RAND-DEF,113,81.0,113.0,32.0
55,0.1,heterogeneous,4.0,SLOT-RAND-LBA,115,3.0,74.0,71.0
55,0.1,heterogeneous,16.0,POOL-LBA(=yours),116,4.0,73.0,77.0
55,0.1,heterogeneous,16.0,SLOT-G-DEF,116,48.0,99.0,51.0
55,0.1,heterogeneous,16.0,SLOT-G-LBA,116,8.0,71.0,79.0
55,0.1,heterogeneous,16.0,SLOT-LFT-DEF,109,54.0,102.0,48.0
55,0.1,heterogeneous,16.0,SLOT-LFT-LBA,109,6.0,72.0,78.0
55,0.1,heterogeneous,16.0,SLOT-RAND-DEF,117,68.0,109.0,41.0
55,0.1,heterogeneous,16.0,SLOT-RAND-LBA,113,12.0,69.0,81.0
55,0.1,heterogeneous,64.0,POOL-LBA(=yours),117,4.0,74.0,78.0
55,0.1,heterogeneous,64.0,SLOT-G-DEF,117,68.0,110.0,42.0
55,0.1,heterogeneous,64.0,SLOT-G-LBA,117,4.0,74.0,78.0
55,0.1,heterogeneous,64.0,SLOT-LFT-DEF,110,68.0,110.0,42.0
55,0.1,heterogeneous,64.0,SLOT-LFT-LBA,110,0.0,76.0,76.0
55,0.1,heterogeneous,64.0,SLOT-RAND-DEF,115,62.0,107.0,45.0
55,0.1,heterogeneous,64.0,SLOT-RAND-LBA,120,2.0,75.0,77.0
55,0.2,uniform,,POOL-LBA(=yours),127,5.0,80.0,85.0
55,0.2,uniform,,SLOT-G-DEF,127,65.0,115.0,50.0
55,0.2,uniform,,SLOT-G-LBA,127,5.0,85.0,80.0
55,0.2,uniform,,SLOT-LFT-DEF,120,65.0,115.0,50.0
55,0.2,uniform,,SLOT-LFT-LBA,120,1.0,83.0,82.0
55,0.2,uniform,,SLOT-RAND-DEF,122,61.0,113.0,52.0
55,0.2,uniform,,SLOT-RAND-LBA,121,9.0,78.0,87.0
55,0.2,heterogeneous,4.0,POOL-LBA(=yours),123,4.0,78.0,82.0
55,0.2,heterogeneous,4.0,SLOT-G-DEF,123,64.0,112.0,48.0
55,0.2,heterogeneous,4.0,SLOT-G-LBA,123,10.0,85.0,75.0
55,0.2,heterogeneous,4.0,SLOT-LFT-DEF,117,64.0,112.0,48.0
55,0.2,heterogeneous,4.0,SLOT-LFT-LBA,117,8.0,76.0,84.0
55,0.2,heterogeneous,4.0,SLOT-RAND-DEF,126,76.0,118.0,42.0
55,0.2,heterogeneous,4.0,SLOT-RAND-LBA,117,12.0,86.0,74.0
55,0.2,heterogeneous,16.0,POOL-LBA(=yours),125,5.0,80.0,85.0
55,0.2,heterogeneous,16.0,SLOT-G-DEF,125,77.0,121.0,44.0
55,0.2,heterogeneous,16.0,SLOT-G-LBA,125,5.0,80.0,85.0
55,0.2,heterogeneous,16.0,SLOT-LFT-DEF,119,73.0,119.0,46.0
55,0.2,heterogeneous,16.0,SLOT-LFT-LBA,119,3.0,81.0,84.0
55,0.2,heterogeneous,16.0,SLOT-RAND-DEF,126,79.0,122.0,43.0
55,0.2,heterogeneous,16.0,SLOT-RAND-LBA,126,9.0,87.0,78.0
55,0.2,heterogeneous,64.0,POOL-LBA(=yours),127,6.0,86.0,80.0
55,0.2,heterogeneous,64.0,SLOT-G-DEF,127,66.0,116.0,50.0
55,0.2,heterogeneous,64.0,SLOT-G-LBA,127,8.0,87.0,79.0
55,0.2,heterogeneous,64.0,SLOT-LFT-DEF,121,64.0,115.0,51.0
55,0.2,heterogeneous,64.0,SLOT-LFT-LBA,121,12.0,89.0,77.0
55,0.2,heterogeneous,64.0,SLOT-RAND-DEF,131,76.0,121.0,45.0
55,0.2,heterogeneous,64.0,SLOT-RAND-LBA,120,0.0,83.0,83.0
55,0.3,uniform,,POOL-LBA(=yours),133,5.0,89.0,84.0
55,0.3,uniform,,SLOT-G-DEF,133,67.0,120.0,53.0
55,0.3,uniform,,SLOT-G-LBA,133,5.0,84.0,89.0
55,0.3,uniform,,SLOT-LFT-DEF,125,67.0,120.0,53.0
55,0.3,uniform,,SLOT-LFT-LBA,125,1.0,87.0,86.0
55,0.3,uniform,,SLOT-RAND-DEF,133,77.0,125.0,48.0
55,0.3,uniform,,SLOT-RAND-LBA,133,1.0,86.0,87.0
55,0.3,heterogeneous,4.0,POOL-LBA(=yours),136,5.0,92.0,87.0
55,0.3,heterogeneous,4.0,SLOT-G-DEF,136,65.0,122.0,57.0
55,0.3,heterogeneous,4.0,SLOT-G-LBA,136,7.0,86.0,93.0
55,0.3,heterogeneous,4.0,SLOT-LFT-DEF,131,63.0,121.0,58.0
55,0.3,heterogeneous,4.0,SLOT-LFT-LBA,131,11.0,84.0,95.0
55,0.3,heterogeneous,4.0,SLOT-RAND-DEF,133,73.0,126.0,53.0
55,0.3,heterogeneous,4.0,SLOT-RAND-LBA,136,1.0,89.0,90.0
55,0.3,heterogeneous,16.0,POOL-LBA(=yours),138,4.0,89.0,93.0
55,0.3,heterogeneous,16.0,SLOT-G-DEF,138,70.0,126.0,56.0
55,0.3,heterogeneous,16.0,SLOT-G-LBA,138,4.0,93.0,89.0
55,0.3,heterogeneous,16.0,SLOT-LFT-DEF,129,72.0,127.0,55.0
55,0.3,heterogeneous,16.0,SLOT-LFT-LBA,129,4.0,93.0,89.0
55,0.3,heterogeneous,16.0,SLOT-RAND-DEF,138,94.0,138.0,44.0
55,0.3,heterogeneous,16.0,SLOT-RAND-LBA,142,20.0,101.0,81.0
55,0.3,heterogeneous,64.0,POOL-LBA(=yours),136,7.0,92.0,85.0
55,0.3,heterogeneous,64.0,SLOT-G-DEF,136,71.0,124.0,53.0
55,0.3,heterogeneous,64.0,SLOT-G-LBA,136,7.0,92.0,85.0
55,0.3,heterogeneous,64.0,SLOT-LFT-DEF,129,71.0,124.0,53.0
55,0.3,heterogeneous,64.0,SLOT-LFT-LBA,129,3.0,90.0,87.0
55,0.3,heterogeneous,64.0,SLOT-RAND-DEF,136,71.0,124.0,53.0
55,0.3,heterogeneous,64.0,SLOT-RAND-LBA,135,5.0,91.0,86.0
56,0.0,uniform,,POOL-LBA(=yours),106,1.0,69.0,68.0
56,0.0,uniform,,SLOT-G-DEF,106,73.0,105.0,32.0
56,0.0,uniform,,SLOT-G-LBA,106,1.0,69.0,68.0
56,0.0,uniform,,SLOT-LFT-DEF,100,63.0,100.0,37.0
56,0.0,uniform,,SLOT-LFT-LBA,100,5.0,71.0,66.0
56,0.0,uniform,,SLOT-RAND-DEF,98,53.0,95.0,42.0
56,0.0,uniform,,SLOT-RAND-LBA,106,1.0,68.0,69.0
56,0.0,heterogeneous,4.0,POOL-LBA(=yours),106,1.0,69.0,68.0
56,0.0,heterogeneous,4.0,SLOT-G-DEF,106,73.0,105.0,32.0
56,0.0,heterogeneous,4.0,SLOT-G-LBA,106,1.0,69.0,68.0
56,0.0,heterogeneous,4.0,SLOT-LFT-DEF,100,63.0,100.0,37.0
56,0.0,heterogeneous,4.0,SLOT-LFT-LBA,100,5.0,71.0,66.0
56,0.0,heterogeneous,4.0,SLOT-RAND-DEF,106,75.0,106.0,31.0
56,0.0,heterogeneous,4.0,SLOT-RAND-LBA,105,1.0,68.0,69.0
56,0.0,heterogeneous,16.0,POOL-LBA(=yours),106,1.0,69.0,68.0
56,0.0,heterogeneous,16.0,SLOT-G-DEF,106,73.0,105.0,32.0
56,0.0,heterogeneous,16.0,SLOT-G-LBA,106,1.0,69.0,68.0
56,0.0,heterogeneous,16.0,SLOT-LFT-DEF,100,63.0,100.0,37.0
56,0.0,heterogeneous,16.0,SLOT-LFT-LBA,100,5.0,71.0,66.0
56,0.0,heterogeneous,16.0,SLOT-RAND-DEF,100,47.0,92.0,45.0
56,0.0,heterogeneous,16.0,SLOT-RAND-LBA,104,1.0,69.0,68.0
56,0.0,heterogeneous,64.0,POOL-LBA(=yours),106,1.0,69.0,68.0
56,0.0,heterogeneous,64.0,SLOT-G-DEF,106,73.0,105.0,32.0
56,0.0,heterogeneous,64.0,SLOT-G-LBA,106,1.0,69.0,68.0
56,0.0,heterogeneous,64.0,SLOT-LFT-DEF,100,63.0,100.0,37.0
56,0.0,heterogeneous,64.0,SLOT-LFT-LBA,100,5.0,71.0,66.0
56,0.0,heterogeneous,64.0,SLOT-RAND-DEF,106,75.0,106.0,31.0
56,0.0,heterogeneous,64.0,SLOT-RAND-LBA,103,1.0,69.0,68.0
56,0.1,uniform,,POOL-LBA(=yours),121,1.0,79.0,78.0
56,0.1,uniform,,SLOT-G-DEF,121,83.0,120.0,37.0
56,0.1,uniform,,SLOT-G-LBA,121,1.0,79.0,78.0
56,0.1,uniform,,SLOT-LFT-DEF,114,71.0,114.0,43.0
56,0.1,uniform,,SLOT-LFT-LBA,114,7.0,82.0,75.0
56,0.1,uniform,,SLOT-RAND-DEF,121,71.0,114.0,43.0
56,0.1,uniform,,SLOT-RAND-LBA,114,3.0,80.0,77.0
56,0.1,heterogeneous,4.0,POOL-LBA(=yours),125,4.0,83.0,79.0
56,0.1,heterogeneous,4.0,SLOT-G-DEF,125,88.0,125.0,37.0
56,0.1,heterogeneous,4.0,SLOT-G-LBA,125,4.0,83.0,79.0
56,0.1,heterogeneous,4.0,SLOT-LFT-DEF,116,70.0,116.0,46.0
56,0.1,heterogeneous,4.0,SLOT-LFT-LBA,116,6.0,84.0,78.0
56,0.1,heterogeneous,4.0,SLOT-RAND-DEF,115,54.0,108.0,54.0
56,0.1,heterogeneous,4.0,SLOT-RAND-LBA,125,4.0,79.0,83.0
56,0.1,heterogeneous,16.0,POOL-LBA(=yours),116,3.0,76.0,73.0
56,0.1,heterogeneous,16.0,SLOT-G-DEF,116,79.0,114.0,35.0
56,0.1,heterogeneous,16.0,SLOT-G-LBA,116,3.0,76.0,73.0
56,0.1,heterogeneous,16.0,SLOT-LFT-DEF,109,69.0,109.0,40.0
56,0.1,heterogeneous,16.0,SLOT-LFT-LBA,109,3.0,76.0,73.0
56,0.1,heterogeneous,16.0,SLOT-RAND-DEF,108,53.0,101.0,48.0
56,0.1,heterogeneous,16.0,SLOT-RAND-LBA,108,1.0,75.0,74.0
56,0.1,heterogeneous,64.0,POOL-LBA(=yours),114,0.0,73.0,73.0
56,0.1,heterogeneous,64.0,SLOT-G-DEF,114,80.0,113.0,33.0
56,0.1,heterogeneous,64.0,SLOT-G-LBA,114,0.0,73.0,73.0
56,0.1,heterogeneous,64.0,SLOT-LFT-DEF,107,68.0,107.0,39.0
56,0.1,heterogeneous,64.0,SLOT-LFT-LBA,107,4.0,71.0,75.0
56,0.1,heterogeneous,64.0,SLOT-RAND-DEF,113,80.0,113.0,33.0
56,0.1,heterogeneous,64.0,SLOT-RAND-LBA,113,4.0,75.0,71.0
56,0.2,uniform,,POOL-LBA(=yours),128,1.0,83.0,82.0
56,0.2,uniform,,SLOT-G-DEF,128,89.0,127.0,38.0
56,0.2,uniform,,SLOT-G-LBA,128,1.0,83.0,82.0
56,0.2,uniform,,SLOT-LFT-DEF,121,77.0,121.0,44.0
56,0.2,uniform,,SLOT-LFT-LBA,121,5.0,80.0,85.0
56,0.2,uniform,,SLOT-RAND-DEF,129,93.0,129.0,36.0
56,0.2,uniform,,SLOT-RAND-LBA,121,1.0,82.0,83.0
56,0.2,heterogeneous,4.0,POOL-LBA(=yours),123,2.0,77.0,79.0
56,0.2,heterogeneous,4.0,SLOT-G-DEF,123,84.0,120.0,36.0
56,0.2,heterogeneous,4.0,SLOT-G-LBA,123,6.0,81.0,75.0
56,0.2,heterogeneous,4.0,SLOT-LFT-DEF,115,74.0,115.0,41.0
56,0.2,heterogeneous,4.0,SLOT-LFT-LBA,115,4.0,76.0,80.0
56,0.2,heterogeneous,4.0,SLOT-RAND-DEF,117,70.0,113.0,43.0
56,0.2,heterogeneous,4.0,SLOT-RAND-LBA,120,6.0,81.0,75.0
56,0.2,heterogeneous,16.0,POOL-LBA(=yours),128,1.0,83.0,82.0
56,0.2,heterogeneous,16.0,SLOT-G-DEF,128,87.0,126.0,39.0
56,0.2,heterogeneous,16.0,SLOT-G-LBA,128,1.0,83.0,82.0
56,0.2,heterogeneous,16.0,SLOT-LFT-DEF,121,77.0,121.0,44.0
56,0.2,heterogeneous,16.0,SLOT-LFT-LBA,121,5.0,80.0,85.0
56,0.2,heterogeneous,16.0,SLOT-RAND-DEF,124,71.0,118.0,47.0
56,0.2,heterogeneous,16.0,SLOT-RAND-LBA,128,1.0,82.0,83.0
56,0.2,heterogeneous,64.0,POOL-LBA(=yours),127,1.0,82.0,81.0
56,0.2,heterogeneous,64.0,SLOT-G-DEF,127,89.0,126.0,37.0
56,0.2,heterogeneous,64.0,SLOT-G-LBA,127,1.0,82.0,81.0
56,0.2,heterogeneous,64.0,SLOT-LFT-DEF,120,77.0,120.0,43.0
56,0.2,heterogeneous,64.0,SLOT-LFT-LBA,120,5.0,84.0,79.0
56,0.2,heterogeneous,64.0,SLOT-RAND-DEF,126,79.0,121.0,42.0
56,0.2,heterogeneous,64.0,SLOT-RAND-LBA,119,1.0,82.0,81.0
56,0.3,uniform,,POOL-LBA(=yours),136,2.0,89.0,87.0
56,0.3,uniform,,SLOT-G-DEF,136,92.0,134.0,42.0
56,0.3,uniform,,SLOT-G-LBA,136,2.0,89.0,87.0
56,0.3,uniform,,SLOT-LFT-DEF,128,80.0,128.0,48.0
56,0.3,uniform,,SLOT-LFT-LBA,128,6.0,91.0,85.0
56,0.3,uniform,,SLOT-RAND-DEF,128,68.0,122.0,54.0
56,0.3,uniform,,SLOT-RAND-LBA,134,2.0,89.0,87.0
56,0.3,heterogeneous,4.0,POOL-LBA(=yours),132,5.0,84.0,89.0
56,0.3,heterogeneous,4.0,SLOT-G-DEF,132,91.0,132.0,41.0
56,0.3,heterogeneous,4.0,SLOT-G-LBA,132,5.0,84.0,89.0
56,0.3,heterogeneous,4.0,SLOT-LFT-DEF,124,75.0,124.0,49.0
56,0.3,heterogeneous,4.0,SLOT-LFT-LBA,124,5.0,84.0,89.0
56,0.3,heterogeneous,4.0,SLOT-RAND-DEF,132,77.0,125.0,48.0
56,0.3,heterogeneous,4.0,SLOT-RAND-LBA,124,3.0,85.0,88.0
56,0.3,heterogeneous,16.0,POOL-LBA(=yours),138,0.0,89.0,89.0
56,0.3,heterogeneous,16.0,SLOT-G-DEF,138,98.0,138.0,40.0
56,0.3,heterogeneous,16.0,SLOT-G-LBA,138,0.0,89.0,89.0
56,0.3,heterogeneous,16.0,SLOT-LFT-DEF,130,82.0,130.0,48.0
56,0.3,heterogeneous,16.0,SLOT-LFT-LBA,130,2.0,90.0,88.0
56,0.3,heterogeneous,16.0,SLOT-RAND-DEF,134,70.0,124.0,54.0
56,0.3,heterogeneous,16.0,SLOT-RAND-LBA,133,4.0,91.0,87.0
56,0.3,heterogeneous,64.0,POOL-LBA(=yours),136,2.0,87.0,89.0
56,0.3,heterogeneous,64.0,SLOT-G-DEF,136,92.0,134.0,42.0
56,0.3,heterogeneous,64.0,SLOT-G-LBA,136,2.0,87.0,89.0
56,0.3,heterogeneous,64.0,SLOT-LFT-DEF,128,80.0,128.0,48.0
56,0.3,heterogeneous,64.0,SLOT-LFT-LBA,128,4.0,86.0,90.0
56,0.3,heterogeneous,64.0,SLOT-RAND-DEF,136,92.0,134.0,42.0
56,0.3,heterogeneous,64.0,SLOT-RAND-LBA,136,0.0,88.0,88.0
57,0.0,uniform,,POOL-LBA(=yours),106,8.0,79.0,71.0
57,0.0,uniform,,SLOT-G-DEF,106,46.0,98.0,52.0
57,0.0,uniform,,SLOT-G-LBA,106,10.0,70.0,80.0
57,0.0,uniform,,SLOT-LFT-DEF,106,44.0,97.0,53.0
57,0.0,uniform,,SLOT-LFT-LBA,106,10.0,70.0,80.0
57,0.0,uniform,,SLOT-RAND-DEF,107,64.0,107.0,43.0
57,0.0,uniform,,SLOT-RAND-LBA,110,2.0,74.0,76.0
57,0.0,heterogeneous,4.0,POOL-LBA(=yours),106,8.0,79.0,71.0
57,0.0,heterogeneous,4.0,SLOT-G-DEF,106,46.0,98.0,52.0
57,0.0,heterogeneous,4.0,SLOT-G-LBA,106,10.0,70.0,80.0
57,0.0,heterogeneous,4.0,SLOT-LFT-DEF,106,44.0,97.0,53.0
57,0.0,heterogeneous,4.0,SLOT-LFT-LBA,106,10.0,70.0,80.0
57,0.0,heterogeneous,4.0,SLOT-RAND-DEF,106,50.0,100.0,50.0
57,0.0,heterogeneous,4.0,SLOT-RAND-LBA,106,0.0,75.0,75.0
57,0.0,heterogeneous,16.0,POOL-LBA(=yours),106,8.0,79.0,71.0
57,0.0,heterogeneous,16.0,SLOT-G-DEF,106,46.0,98.0,52.0
57,0.0,heterogeneous,16.0,SLOT-G-LBA,106,10.0,70.0,80.0
57,0.0,heterogeneous,16.0,SLOT-LFT-DEF,106,44.0,97.0,53.0
57,0.0,heterogeneous,16.0,SLOT-LFT-LBA,106,10.0,70.0,80.0
57,0.0,heterogeneous,16.0,SLOT-RAND-DEF,106,52.0,101.0,49.0
57,0.0,heterogeneous,16.0,SLOT-RAND-LBA,111,4.0,73.0,77.0
57,0.0,heterogeneous,64.0,POOL-LBA(=yours),106,8.0,79.0,71.0
57,0.0,heterogeneous,64.0,SLOT-G-DEF,106,46.0,98.0,52.0
57,0.0,heterogeneous,64.0,SLOT-G-LBA,106,10.0,70.0,80.0
57,0.0,heterogeneous,64.0,SLOT-LFT-DEF,106,44.0,97.0,53.0
57,0.0,heterogeneous,64.0,SLOT-LFT-LBA,106,10.0,70.0,80.0
57,0.0,heterogeneous,64.0,SLOT-RAND-DEF,106,50.0,100.0,50.0
57,0.0,heterogeneous,64.0,SLOT-RAND-LBA,107,2.0,74.0,76.0
57,0.1,uniform,,POOL-LBA(=yours),120,8.0,81.0,89.0
57,0.1,uniform,,SLOT-G-DEF,120,50.0,110.0,60.0
57,0.1,uniform,,SLOT-G-LBA,120,12.0,79.0,91.0
57,0.1,uniform,,SLOT-LFT-DEF,120,48.0,109.0,61.0
57,0.1,uniform,,SLOT-LFT-LBA,120,12.0,79.0,91.0
57,0.1,uniform,,SLOT-RAND-DEF,126,74.0,122.0,48.0
57,0.1,uniform,,SLOT-RAND-LBA,125,14.0,92.0,78.0
57,0.1,heterogeneous,4.0,POOL-LBA(=yours),111,7.0,82.0,75.0
57,0.1,heterogeneous,4.0,SLOT-G-DEF,111,47.0,102.0,55.0
57,0.1,heterogeneous,4.0,SLOT-G-LBA,111,13.0,72.0,85.0
57,0.1,heterogeneous,4.0,SLOT-LFT-DEF,111,45.0,101.0,56.0
57,0.1,heterogeneous,4.0,SLOT-LFT-LBA,111,11.0,73.0,84.0
57,0.1,heterogeneous,4.0,SLOT-RAND-DEF,110,61.0,109.0,48.0
57,0.1,heterogeneous,4.0,SLOT-RAND-LBA,114,3.0,77.0,80.0
57,0.1,heterogeneous,16.0,POOL-LBA(=yours),112,5.0,84.0,79.0
57,0.1,heterogeneous,16.0,SLOT-G-DEF,112,51.0,107.0,56.0
57,0.1,heterogeneous,16.0,SLOT-G-LBA,112,11.0,76.0,87.0
57,0.1,heterogeneous,16.0,SLOT-LFT-DEF,112,51.0,107.0,56.0
57,0.1,heterogeneous,16.0,SLOT-LFT-LBA,112,5.0,79.0,84.0
57,0.1,heterogeneous,16.0,SLOT-RAND-DEF,113,49.0,106.0,57.0
57,0.1,heterogeneous,16.0,SLOT-RAND-LBA,115,5.0,84.0,79.0
57,0.1,heterogeneous,64.0,POOL-LBA(=yours),116,7.0,78.0,85.0
57,0.1,heterogeneous,64.0,SLOT-G-DEF,116,51.0,107.0,56.0
57,0.1,heterogeneous,64.0,SLOT-G-LBA,116,11.0,76.0,87.0
57,0.1,heterogeneous,64.0,SLOT-LFT-DEF,116,49.0,106.0,57.0
57,0.1,heterogeneous,64.0,SLOT-LFT-LBA,116,11.0,76.0,87.0
57,0.1,heterogeneous,64.0,SLOT-RAND-DEF,123,83.0,123.0,40.0
57,0.1,heterogeneous,64.0,SLOT-RAND-LBA,116,1.0,81.0,82.0
57,0.2,uniform,,POOL-LBA(=yours),129,10.0,96.0,86.0
57,0.2,uniform,,SLOT-G-DEF,129,58.0,120.0,62.0
57,0.2,uniform,,SLOT-G-LBA,129,10.0,86.0,96.0
57,0.2,uniform,,SLOT-LFT-DEF,129,54.0,118.0,64.0
57,0.2,uniform,,SLOT-LFT-LBA,129,12.0,85.0,97.0
57,0.2,uniform,,SLOT-RAND-DEF,130,74.0,128.0,54.0
57,0.2,uniform,,SLOT-RAND-LBA,133,4.0,93.0,89.0
57,0.2,heterogeneous,4.0,POOL-LBA(=yours),120,11.0,81.0,92.0
57,0.2,heterogeneous,4.0,SLOT-G-DEF,120,51.0,112.0,61.0
57,0.2,heterogeneous,4.0,SLOT-G-LBA,120,11.0,81.0,92.0
57,0.2,heterogeneous,4.0,SLOT-LFT-DEF,120,53.0,113.0,60.0
57,0.2,heterogeneous,4.0,SLOT-LFT-LBA,120,13.0,80.0,93.0
57,0.2,heterogeneous,4.0,SLOT-RAND-DEF,125,59.0,116.0,57.0
57,0.2,heterogeneous,4.0,SLOT-RAND-LBA,123,17.0,95.0,78.0
57,0.2,heterogeneous,16.0,POOL-LBA(=yours),127,10.0,95.0,85.0
57,0.2,heterogeneous,16.0,SLOT-G-DEF,127,56.0,118.0,62.0
57,0.2,heterogeneous,16.0,SLOT-G-LBA,127,12.0,84.0,96.0
57,0.2,heterogeneous,16.0,SLOT-LFT-DEF,128,54.0,117.0,63.0
57,0.2,heterogeneous,16.0,SLOT-LFT-LBA,128,12.0,84.0,96.0
57,0.2,heterogeneous,16.0,SLOT-RAND-DEF,132,78.0,129.0,51.0
57,0.2,heterogeneous,16.0,SLOT-RAND-LBA,138,0.0,90.0,90.0
57,0.2,heterogeneous,64.0,POOL-LBA(=yours),129,8.0,87.0,95.0
57,0.2,heterogeneous,64.0,SLOT-G-DEF,129,56.0,119.0,63.0
57,0.2,heterogeneous,64.0,SLOT-G-LBA,129,14.0,84.0,98.0
57,0.2,heterogeneous,64.0,SLOT-LFT-DEF,129,58.0,120.0,62.0
57,0.2,heterogeneous,64.0,SLOT-LFT-LBA,129,10.0,86.0,96.0
57,0.2,heterogeneous,64.0,SLOT-RAND-DEF,136,90.0,136.0,46.0
57,0.2,heterogeneous,64.0,SLOT-RAND-LBA,130,12.0,97.0,85.0
57,0.3,uniform,,POOL-LBA(=yours),136,10.0,101.0,91.0
57,0.3,uniform,,SLOT-G-DEF,136,58.0,125.0,67.0
57,0.3,uniform,,SLOT-G-LBA,136,14.0,89.0,103.0
57,0.3,uniform,,SLOT-LFT-DEF,136,56.0,124.0,68.0
57,0.3,uniform,,SLOT-LFT-LBA,136,14.0,89.0,103.0
57,0.3,uniform,,SLOT-RAND-DEF,136,68.0,130.0,62.0
57,0.3,uniform,,SLOT-RAND-LBA,140,2.0,97.0,95.0
57,0.3,heterogeneous,4.0,POOL-LBA(=yours),139,4.0,101.0,97.0
57,0.3,heterogeneous,4.0,SLOT-G-DEF,139,62.0,130.0,68.0
57,0.3,heterogeneous,4.0,SLOT-G-LBA,139,20.0,109.0,89.0
57,0.3,heterogeneous,4.0,SLOT-LFT-DEF,140,60.0,129.0,69.0
57,0.3,heterogeneous,4.0,SLOT-LFT-LBA,140,12.0,105.0,93.0
57,0.3,heterogeneous,4.0,SLOT-RAND-DEF,144,50.0,124.0,74.0
57,0.3,heterogeneous,4.0,SLOT-RAND-LBA,140,10.0,104.0,94.0
57,0.3,heterogeneous,16.0,POOL-LBA(=yours),132,9.0,97.0,88.0
57,0.3,heterogeneous,16.0,SLOT-G-DEF,132,55.0,120.0,65.0
57,0.3,heterogeneous,16.0,SLOT-G-LBA,132,13.0,86.0,99.0
57,0.3,heterogeneous,16.0,SLOT-LFT-DEF,131,53.0,119.0,66.0
57,0.3,heterogeneous,16.0,SLOT-LFT-LBA,131,13.0,86.0,99.0
57,0.3,heterogeneous,16.0,SLOT-RAND-DEF,133,81.0,133.0,52.0
57,0.3,heterogeneous,16.0,SLOT-RAND-LBA,133,1.0,92.0,93.0
57,0.3,heterogeneous,64.0,POOL-LBA(=yours),138,8.0,94.0,102.0
57,0.3,heterogeneous,64.0,SLOT-G-DEF,138,60.0,128.0,68.0
57,0.3,heterogeneous,64.0,SLOT-G-LBA,138,14.0,91.0,105.0
57,0.3,heterogeneous,64.0,SLOT-LFT-DEF,138,62.0,129.0,67.0
57,0.3,heterogeneous,64.0,SLOT-LFT-LBA,138,12.0,92.0,104.0
57,0.3,heterogeneous,64.0,SLOT-RAND-DEF,143,70.0,133.0,63.0
57,0.3,heterogeneous,64.0,SLOT-RAND-LBA,140,10.0,93.0,103.0
58,0.0,uniform,,POOL-LBA(=yours),95,5.0,71.0,66.0
58,0.0,uniform,,SLOT-G-DEF,95,45.0,91.0,46.0
58,0.0,uniform,,SLOT-G-LBA,95,5.0,71.0,66.0
58,0.0,uniform,,SLOT-LFT-DEF,95,43.0,90.0,47.0
58,0.0,uniform,,SLOT-LFT-LBA,95,7.0,65.0,72.0
58,0.0,uniform,,SLOT-RAND-DEF,98,37.0,87.0,50.0
58,0.0,uniform,,SLOT-RAND-LBA,104,1.0,68.0,69.0
58,0.0,heterogeneous,4.0,POOL-LBA(=yours),95,5.0,71.0,66.0
58,0.0,heterogeneous,4.0,SLOT-G-DEF,95,45.0,91.0,46.0
58,0.0,heterogeneous,4.0,SLOT-G-LBA,95,5.0,71.0,66.0
58,0.0,heterogeneous,4.0,SLOT-LFT-DEF,95,43.0,90.0,47.0
58,0.0,heterogeneous,4.0,SLOT-LFT-LBA,95,7.0,65.0,72.0
58,0.0,heterogeneous,4.0,SLOT-RAND-DEF,103,61.0,99.0,38.0
58,0.0,heterogeneous,4.0,SLOT-RAND-LBA,99,11.0,63.0,74.0
58,0.0,heterogeneous,16.0,POOL-LBA(=yours),95,5.0,71.0,66.0
58,0.0,heterogeneous,16.0,SLOT-G-DEF,95,45.0,91.0,46.0
58,0.0,heterogeneous,16.0,SLOT-G-LBA,95,5.0,71.0,66.0
58,0.0,heterogeneous,16.0,SLOT-LFT-DEF,95,43.0,90.0,47.0
58,0.0,heterogeneous,16.0,SLOT-LFT-LBA,95,7.0,65.0,72.0
58,0.0,heterogeneous,16.0,SLOT-RAND-DEF,101,65.0,101.0,36.0
58,0.0,heterogeneous,16.0,SLOT-RAND-LBA,95,5.0,71.0,66.0
58,0.0,heterogeneous,64.0,POOL-LBA(=yours),95,5.0,71.0,66.0
58,0.0,heterogeneous,64.0,SLOT-G-DEF,95,45.0,91.0,46.0
58,0.0,heterogeneous,64.0,SLOT-G-LBA,95,5.0,71.0,66.0
58,0.0,heterogeneous,64.0,SLOT-LFT-DEF,95,43.0,90.0,47.0
58,0.0,heterogeneous,64.0,SLOT-LFT-LBA,95,7.0,65.0,72.0
58,0.0,heterogeneous,64.0,SLOT-RAND-DEF,98,59.0,98.0,39.0
58,0.0,heterogeneous,64.0,SLOT-RAND-LBA,102,7.0,65.0,72.0
58,0.1,uniform,,POOL-LBA(=yours),109,5.0,76.0,81.0
58,0.1,uniform,,SLOT-G-DEF,109,51.0,104.0,53.0
58,0.1,uniform,,SLOT-G-LBA,109,5.0,76.0,81.0
58,0.1,uniform,,SLOT-LFT-DEF,109,47.0,102.0,55.0
58,0.1,uniform,,SLOT-LFT-LBA,109,9.0,74.0,83.0
58,0.1,uniform,,SLOT-RAND-DEF,109,47.0,102.0,55.0
58,0.1,uniform,,SLOT-RAND-LBA,119,3.0,77.0,80.0
58,0.1,heterogeneous,4.0,POOL-LBA(=yours),105,7.0,71.0,78.0
58,0.1,heterogeneous,4.0,SLOT-G-DEF,105,45.0,97.0,52.0
58,0.1,heterogeneous,4.0,SLOT-G-LBA,105,11.0,80.0,69.0
58,0.1,heterogeneous,4.0,SLOT-LFT-DEF,105,45.0,97.0,52.0
58,0.1,heterogeneous,4.0,SLOT-LFT-LBA,105,13.0,68.0,81.0
58,0.1,heterogeneous,4.0,SLOT-RAND-DEF,107,63.0,106.0,43.0
58,0.1,heterogeneous,4.0,SLOT-RAND-LBA,109,1.0,75.0,74.0
58,0.1,heterogeneous,16.0,POOL-LBA(=yours),102,6.0,71.0,77.0
58,0.1,heterogeneous,16.0,SLOT-G-DEF,102,44.0,96.0,52.0
58,0.1,heterogeneous,16.0,SLOT-G-LBA,102,6.0,71.0,77.0
58,0.1,heterogeneous,16.0,SLOT-LFT-DEF,102,44.0,96.0,52.0
58,0.1,heterogeneous,16.0,SLOT-LFT-LBA,102,10.0,69.0,79.0
58,0.1,heterogeneous,16.0,SLOT-RAND-DEF,116,76.0,112.0,36.0
58,0.1,heterogeneous,16.0,SLOT-RAND-LBA,102,6.0,71.0,77.0
58,0.1,heterogeneous,64.0,POOL-LBA(=yours),103,5.0,77.0,72.0
58,0.1,heterogeneous,64.0,SLOT-G-DEF,103,49.0,99.0,50.0
58,0.1,heterogeneous,64.0,SLOT-G-LBA,103,5.0,77.0,72.0
58,0.1,heterogeneous,64.0,SLOT-LFT-DEF,103,49.0,99.0,50.0
58,0.1,heterogeneous,64.0,SLOT-LFT-LBA,103,5.0,72.0,77.0
58,0.1,heterogeneous,64.0,SLOT-RAND-DEF,108,67.0,108.0,41.0
58,0.1,heterogeneous,64.0,SLOT-RAND-LBA,111,5.0,72.0,77.0
58,0.2,uniform,,POOL-LBA(=yours),114,5.0,80.0,85.0
58,0.2,uniform,,SLOT-G-DEF,114,55.0,110.0,55.0
58,0.2,uniform,,SLOT-G-LBA,114,5.0,80.0,85.0
58,0.2,uniform,,SLOT-LFT-DEF,114,55.0,110.0,55.0
58,0.2,uniform,,SLOT-LFT-LBA,114,7.0,79.0,86.0
58,0.2,uniform,,SLOT-RAND-DEF,126,65.0,115.0,50.0
58,0.2,uniform,,SLOT-RAND-LBA,125,3.0,84.0,81.0
58,0.2,heterogeneous,4.0,POOL-LBA(=yours),110,4.0,79.0,83.0
58,0.2,heterogeneous,4.0,SLOT-G-DEF,110,54.0,108.0,54.0
58,0.2,heterogeneous,4.0,SLOT-G-LBA,110,4.0,79.0,83.0
58,0.2,heterogeneous,4.0,SLOT-LFT-DEF,110,52.0,107.0,55.0
58,0.2,heterogeneous,4.0,SLOT-LFT-LBA,110,6.0,78.0,84.0
58,0.2,heterogeneous,4.0,SLOT-RAND-DEF,114,46.0,104.0,58.0
58,0.2,heterogeneous,4.0,SLOT-RAND-LBA,118,2.0,80.0,82.0
58,0.2,heterogeneous,16.0,POOL-LBA(=yours),114,6.0,79.0,85.0
58,0.2,heterogeneous,16.0,SLOT-G-DEF,114,52.0,108.0,56.0
58,0.2,heterogeneous,16.0,SLOT-G-LBA,114,6.0,79.0,85.0
58,0.2,heterogeneous,16.0,SLOT-LFT-DEF,114,50.0,107.0,57.0
58,0.2,heterogeneous,16.0,SLOT-LFT-LBA,114,10.0,77.0,87.0
58,0.2,heterogeneous,16.0,SLOT-RAND-DEF,120,58.0,111.0,53.0
58,0.2,heterogeneous,16.0,SLOT-RAND-LBA,129,6.0,79.0,85.0
58,0.2,heterogeneous,64.0,POOL-LBA(=yours),114,5.0,85.0,80.0
58,0.2,heterogeneous,64.0,SLOT-G-DEF,114,55.0,110.0,55.0
58,0.2,heterogeneous,64.0,SLOT-G-LBA,114,5.0,85.0,80.0
58,0.2,heterogeneous,64.0,SLOT-LFT-DEF,114,53.0,109.0,56.0
58,0.2,heterogeneous,64.0,SLOT-LFT-LBA,114,9.0,78.0,87.0
58,0.2,heterogeneous,64.0,SLOT-RAND-DEF,114,53.0,109.0,56.0
58,0.2,heterogeneous,64.0,SLOT-RAND-LBA,126,3.0,81.0,84.0
58,0.3,uniform,,POOL-LBA(=yours),121,6.0,84.0,90.0
58,0.3,uniform,,SLOT-G-DEF,121,56.0,115.0,59.0
58,0.3,uniform,,SLOT-G-LBA,121,6.0,84.0,90.0
58,0.3,uniform,,SLOT-LFT-DEF,121,54.0,114.0,60.0
58,0.3,uniform,,SLOT-LFT-LBA,121,10.0,82.0,92.0
58,0.3,uniform,,SLOT-RAND-DEF,126,64.0,119.0,55.0
58,0.3,uniform,,SLOT-RAND-LBA,121,10.0,82.0,92.0
58,0.3,heterogeneous,4.0,POOL-LBA(=yours),126,5.0,88.0,93.0
58,0.3,heterogeneous,4.0,SLOT-G-DEF,126,43.0,112.0,69.0
58,0.3,heterogeneous,4.0,SLOT-G-LBA,126,13.0,97.0,84.0
58,0.3,heterogeneous,4.0,SLOT-LFT-DEF,126,59.0,120.0,61.0
58,0.3,heterogeneous,4.0,SLOT-LFT-LBA,126,9.0,86.0,95.0
58,0.3,heterogeneous,4.0,SLOT-RAND-DEF,135,69.0,125.0,56.0
58,0.3,heterogeneous,4.0,SLOT-RAND-LBA,134,15.0,83.0,98.0
58,0.3,heterogeneous,16.0,POOL-LBA(=yours),127,7.0,88.0,95.0
58,0.3,heterogeneous,16.0,SLOT-G-DEF,127,57.0,120.0,63.0
58,0.3,heterogeneous,16.0,SLOT-G-LBA,127,9.0,96.0,87.0
58,0.3,heterogeneous,16.0,SLOT-LFT-DEF,127,59.0,121.0,62.0
58,0.3,heterogeneous,16.0,SLOT-LFT-LBA,127,13.0,98.0,85.0
58,0.3,heterogeneous,16.0,SLOT-RAND-DEF,140,87.0,135.0,48.0
58,0.3,heterogeneous,16.0,SLOT-RAND-LBA,141,7.0,95.0,88.0
58,0.3,heterogeneous,64.0,POOL-LBA(=yours),126,9.0,94.0,85.0
58,0.3,heterogeneous,64.0,SLOT-G-DEF,126,55.0,117.0,62.0
58,0.3,heterogeneous,64.0,SLOT-G-LBA,126,9.0,94.0,85.0
58,0.3,heterogeneous,64.0,SLOT-LFT-DEF,126,51.0,115.0,64.0
58,0.3,heterogeneous,64.0,SLOT-LFT-LBA,126,15.0,82.0,97.0
58,0.3,heterogeneous,64.0,SLOT-RAND-DEF,129,63.0,121.0,58.0
58,0.3,heterogeneous,64.0,SLOT-RAND-LBA,134,11.0,84.0,95.0
59,0.0,uniform,,POOL-LBA(=yours),99,5.0,67.0,62.0
59,0.0,uniform,,SLOT-G-DEF,99,65.0,97.0,32.0
59,0.0,uniform,,SLOT-G-LBA,99,3.0,66.0,63.0
59,0.0,uniform,,SLOT-LFT-DEF,96,61.0,95.0,34.0
59,0.0,uniform,,SLOT-LFT-LBA,96,3.0,63.0,66.0
59,0.0,uniform,,SLOT-RAND-DEF,98,67.0,98.0,31.0
59,0.0,uniform,,SLOT-RAND-LBA,97,3.0,66.0,63.0
59,0.0,heterogeneous,4.0,POOL-LBA(=yours),99,5.0,67.0,62.0
59,0.0,heterogeneous,4.0,SLOT-G-DEF,99,65.0,97.0,32.0
59,0.0,heterogeneous,4.0,SLOT-G-LBA,99,3.0,66.0,63.0
59,0.0,heterogeneous,4.0,SLOT-LFT-DEF,96,61.0,95.0,34.0
59,0.0,heterogeneous,4.0,SLOT-LFT-LBA,96,3.0,63.0,66.0
59,0.0,heterogeneous,4.0,SLOT-RAND-DEF,97,59.0,94.0,35.0
59,0.0,heterogeneous,4.0,SLOT-RAND-LBA,96,1.0,65.0,64.0
59,0.0,heterogeneous,16.0,POOL-LBA(=yours),99,5.0,67.0,62.0
59,0.0,heterogeneous,16.0,SLOT-G-DEF,99,65.0,97.0,32.0
59,0.0,heterogeneous,16.0,SLOT-G-LBA,99,3.0,66.0,63.0
59,0.0,heterogeneous,16.0,SLOT-LFT-DEF,96,61.0,95.0,34.0
59,0.0,heterogeneous,16.0,SLOT-LFT-LBA,96,3.0,63.0,66.0
59,0.0,heterogeneous,16.0,SLOT-RAND-DEF,97,49.0,89.0,40.0
59,0.0,heterogeneous,16.0,SLOT-RAND-LBA,96,5.0,67.0,62.0
59,0.0,heterogeneous,64.0,POOL-LBA(=yours),99,5.0,67.0,62.0
59,0.0,heterogeneous,64.0,SLOT-G-DEF,99,65.0,97.0,32.0
59,0.0,heterogeneous,64.0,SLOT-G-LBA,99,3.0,66.0,63.0
59,0.0,heterogeneous,64.0,SLOT-LFT-DEF,96,61.0,95.0,34.0
59,0.0,heterogeneous,64.0,SLOT-LFT-LBA,96,3.0,63.0,66.0
59,0.0,heterogeneous,64.0,SLOT-RAND-DEF,98,65.0,97.0,32.0
59,0.0,heterogeneous,64.0,SLOT-RAND-LBA,94,1.0,65.0,64.0
59,0.1,uniform,,POOL-LBA(=yours),113,5.0,72.0,77.0
59,0.1,uniform,,SLOT-G-DEF,113,73.0,111.0,38.0
59,0.1,uniform,,SLOT-G-LBA,113,5.0,77.0,72.0
59,0.1,uniform,,SLOT-LFT-DEF,110,69.0,109.0,40.0
59,0.1,uniform,,SLOT-LFT-LBA,110,3.0,73.0,76.0
59,0.1,uniform,,SLOT-RAND-DEF,110,71.0,110.0,39.0
59,0.1,uniform,,SLOT-RAND-LBA,110,5.0,77.0,72.0
59,0.1,heterogeneous,4.0,POOL-LBA(=yours),104,5.0,66.0,71.0
59,0.1,heterogeneous,4.0,SLOT-G-DEF,104,69.0,103.0,34.0
59,0.1,heterogeneous,4.0,SLOT-G-LBA,104,5.0,71.0,66.0
59,0.1,heterogeneous,4.0,SLOT-LFT-DEF,102,63.0,100.0,37.0
59,0.1,heterogeneous,4.0,SLOT-LFT-LBA,102,3.0,70.0,67.0
59,0.1,heterogeneous,4.0,SLOT-RAND-DEF,101,61.0,99.0,38.0
59,0.1,heterogeneous,4.0,SLOT-RAND-LBA,101,3.0,67.0,70.0
59,0.1,heterogeneous,16.0,POOL-LBA(=yours),110,4.0,69.0,73.0
59,0.1,heterogeneous,16.0,SLOT-G-DEF,110,70.0,106.0,36.0
59,0.1,heterogeneous,16.0,SLOT-G-LBA,110,6.0,74.0,68.0
59,0.1,heterogeneous,16.0,SLOT-LFT-DEF,105,68.0,105.0,37.0
59,0.1,heterogeneous,16.0,SLOT-LFT-LBA,105,4.0,69.0,73.0
59,0.1,heterogeneous,16.0,SLOT-RAND-DEF,109,68.0,105.0,37.0
59,0.1,heterogeneous,16.0,SLOT-RAND-LBA,106,4.0,69.0,73.0
59,0.1,heterogeneous,64.0,POOL-LBA(=yours),109,2.0,69.0,71.0
59,0.1,heterogeneous,64.0,SLOT-G-DEF,109,72.0,106.0,34.0
59,0.1,heterogeneous,64.0,SLOT-G-LBA,109,2.0,69.0,71.0
59,0.1,heterogeneous,64.0,SLOT-LFT-DEF,106,66.0,103.0,37.0
59,0.1,heterogeneous,64.0,SLOT-LFT-LBA,106,4.0,68.0,72.0
59,0.1,heterogeneous,64.0,SLOT-RAND-DEF,108,64.0,102.0,38.0
59,0.1,heterogeneous,64.0,SLOT-RAND-LBA,106,4.0,72.0,68.0
59,0.2,uniform,,POOL-LBA(=yours),118,6.0,80.0,74.0
59,0.2,uniform,,SLOT-G-DEF,118,78.0,116.0,38.0
59,0.2,uniform,,SLOT-G-LBA,118,4.0,79.0,75.0
59,0.2,uniform,,SLOT-LFT-DEF,115,74.0,114.0,40.0
59,0.2,uniform,,SLOT-LFT-LBA,115,4.0,75.0,79.0
59,0.2,uniform,,SLOT-RAND-DEF,117,68.0,111.0,43.0
59,0.2,uniform,,SLOT-RAND-LBA,115,0.0,77.0,77.0
59,0.2,heterogeneous,4.0,POOL-LBA(=yours),120,2.0,77.0,79.0
59,0.2,heterogeneous,4.0,SLOT-G-DEF,120,72.0,114.0,42.0
59,0.2,heterogeneous,4.0,SLOT-G-LBA,120,2.0,79.0,77.0
59,0.2,heterogeneous,4.0,SLOT-LFT-DEF,117,60.0,108.0,48.0
59,0.2,heterogeneous,4.0,SLOT-LFT-LBA,117,2.0,79.0,77.0
59,0.2,heterogeneous,4.0,SLOT-RAND-DEF,120,76.0,116.0,40.0
59,0.2,heterogeneous,4.0,SLOT-RAND-LBA,115,6.0,81.0,75.0
59,0.2,heterogeneous,16.0,POOL-LBA(=yours),123,4.0,77.0,81.0
59,0.2,heterogeneous,16.0,SLOT-G-DEF,123,78.0,118.0,40.0
59,0.2,heterogeneous,16.0,SLOT-G-LBA,123,4.0,77.0,81.0
59,0.2,heterogeneous,16.0,SLOT-LFT-DEF,118,64.0,111.0,47.0
59,0.2,heterogeneous,16.0,SLOT-LFT-LBA,118,6.0,82.0,76.0
59,0.2,heterogeneous,16.0,SLOT-RAND-DEF,117,68.0,113.0,45.0
59,0.2,heterogeneous,16.0,SLOT-RAND-LBA,118,2.0,78.0,80.0
59,0.2,heterogeneous,64.0,POOL-LBA(=yours),116,6.0,79.0,73.0
59,0.2,heterogeneous,64.0,SLOT-G-DEF,116,76.0,114.0,38.0
59,0.2,heterogeneous,64.0,SLOT-G-LBA,116,4.0,78.0,74.0
59,0.2,heterogeneous,64.0,SLOT-LFT-DEF,113,70.0,111.0,41.0
59,0.2,heterogeneous,64.0,SLOT-LFT-LBA,113,2.0,75.0,77.0
59,0.2,heterogeneous,64.0,SLOT-RAND-DEF,112,66.0,109.0,43.0
59,0.2,heterogeneous,64.0,SLOT-RAND-LBA,113,4.0,74.0,78.0
59,0.3,uniform,,POOL-LBA(=yours),127,5.0,84.0,79.0
59,0.3,uniform,,SLOT-G-DEF,127,85.0,124.0,39.0
59,0.3,uniform,,SLOT-G-LBA,127,3.0,80.0,83.0
59,0.3,uniform,,SLOT-LFT-DEF,122,79.0,121.0,42.0
59,0.3,uniform,,SLOT-LFT-LBA,122,5.0,79.0,84.0
59,0.3,uniform,,SLOT-RAND-DEF,122,59.0,111.0,52.0
59,0.3,uniform,,SLOT-RAND-LBA,125,1.0,82.0,81.0
59,0.3,heterogeneous,4.0,POOL-LBA(=yours),133,3.0,85.0,82.0
59,0.3,heterogeneous,4.0,SLOT-G-DEF,133,93.0,130.0,37.0
59,0.3,heterogeneous,4.0,SLOT-G-LBA,133,3.0,85.0,82.0
59,0.3,heterogeneous,4.0,SLOT-LFT-DEF,128,79.0,123.0,44.0
59,0.3,heterogeneous,4.0,SLOT-LFT-LBA,128,3.0,82.0,85.0
59,0.3,heterogeneous,4.0,SLOT-RAND-DEF,129,81.0,124.0,43.0
59,0.3,heterogeneous,4.0,SLOT-RAND-LBA,128,3.0,85.0,82.0
59,0.3,heterogeneous,16.0,POOL-LBA(=yours),130,6.0,88.0,82.0
59,0.3,heterogeneous,16.0,SLOT-G-DEF,130,86.0,128.0,42.0
59,0.3,heterogeneous,16.0,SLOT-G-LBA,130,4.0,87.0,83.0
59,0.3,heterogeneous,16.0,SLOT-LFT-DEF,127,66.0,118.0,52.0
59,0.3,heterogeneous,16.0,SLOT-LFT-LBA,127,2.0,84.0,86.0
59,0.3,heterogeneous,16.0,SLOT-RAND-DEF,128,86.0,128.0,42.0
59,0.3,heterogeneous,16.0,SLOT-RAND-LBA,127,6.0,88.0,82.0
59,0.3,heterogeneous,64.0,POOL-LBA(=yours),128,5.0,81.0,86.0
59,0.3,heterogeneous,64.0,SLOT-G-DEF,128,85.0,126.0,41.0
59,0.3,heterogeneous,64.0,SLOT-G-LBA,128,7.0,87.0,80.0
59,0.3,heterogeneous,64.0,SLOT-LFT-DEF,125,83.0,125.0,42.0
59,0.3,heterogeneous,64.0,SLOT-LFT-LBA,125,5.0,81.0,86.0
59,0.3,heterogeneous,64.0,SLOT-RAND-DEF,122,69.0,118.0,49.0
59,0.3,heterogeneous,64.0,SLOT-RAND-LBA,126,3.0,82.0,85.0
60,0.0,uniform,,POOL-LBA(=yours),98,4.0,68.0,64.0
60,0.0,uniform,,SLOT-G-DEF,98,56.0,94.0,38.0
60,0.0,uniform,,SLOT-G-LBA,98,0.0,66.0,66.0
60,0.0,uniform,,SLOT-LFT-DEF,96,60.0,96.0,36.0
60,0.0,uniform,,SLOT-LFT-LBA,96,4.0,64.0,68.0
60,0.0,uniform,,SLOT-RAND-DEF,98,54.0,93.0,39.0
60,0.0,uniform,,SLOT-RAND-LBA,98,4.0,64.0,68.0
60,0.0,heterogeneous,4.0,POOL-LBA(=yours),98,4.0,68.0,64.0
60,0.0,heterogeneous,4.0,SLOT-G-DEF,98,56.0,94.0,38.0
60,0.0,heterogeneous,4.0,SLOT-G-LBA,98,0.0,66.0,66.0
60,0.0,heterogeneous,4.0,SLOT-LFT-DEF,96,60.0,96.0,36.0
60,0.0,heterogeneous,4.0,SLOT-LFT-LBA,96,4.0,64.0,68.0
60,0.0,heterogeneous,4.0,SLOT-RAND-DEF,96,58.0,95.0,37.0
60,0.0,heterogeneous,4.0,SLOT-RAND-LBA,102,4.0,68.0,64.0
60,0.0,heterogeneous,16.0,POOL-LBA(=yours),98,4.0,68.0,64.0
60,0.0,heterogeneous,16.0,SLOT-G-DEF,98,56.0,94.0,38.0
60,0.0,heterogeneous,16.0,SLOT-G-LBA,98,0.0,66.0,66.0
60,0.0,heterogeneous,16.0,SLOT-LFT-DEF,96,60.0,96.0,36.0
60,0.0,heterogeneous,16.0,SLOT-LFT-LBA,96,4.0,64.0,68.0
60,0.0,heterogeneous,16.0,SLOT-RAND-DEF,96,50.0,91.0,41.0
60,0.0,heterogeneous,16.0,SLOT-RAND-LBA,98,0.0,66.0,66.0
60,0.0,heterogeneous,64.0,POOL-LBA(=yours),98,4.0,68.0,64.0
60,0.0,heterogeneous,64.0,SLOT-G-DEF,98,56.0,94.0,38.0
60,0.0,heterogeneous,64.0,SLOT-G-LBA,98,0.0,66.0,66.0
60,0.0,heterogeneous,64.0,SLOT-LFT-DEF,96,60.0,96.0,36.0
60,0.0,heterogeneous,64.0,SLOT-LFT-LBA,96,4.0,64.0,68.0
60,0.0,heterogeneous,64.0,SLOT-RAND-DEF,96,58.0,95.0,37.0
60,0.0,heterogeneous,64.0,SLOT-RAND-LBA,96,2.0,65.0,67.0
60,0.1,uniform,,POOL-LBA(=yours),112,4.0,78.0,74.0
60,0.1,uniform,,SLOT-G-DEF,112,64.0,108.0,44.0
60,0.1,uniform,,SLOT-G-LBA,112,0.0,76.0,76.0
60,0.1,uniform,,SLOT-LFT-DEF,110,68.0,110.0,42.0
60,0.1,uniform,,SLOT-LFT-LBA,110,4.0,74.0,78.0
60,0.1,uniform,,SLOT-RAND-DEF,112,52.0,102.0,50.0
60,0.1,uniform,,SLOT-RAND-LBA,110,4.0,78.0,74.0
60,0.1,heterogeneous,4.0,POOL-LBA(=yours),101,1.0,69.0,70.0
60,0.1,heterogeneous,4.0,SLOT-G-DEF,101,53.0,96.0,43.0
60,0.1,heterogeneous,4.0,SLOT-G-LBA,101,1.0,70.0,69.0
60,0.1,heterogeneous,4.0,SLOT-LFT-DEF,99,59.0,99.0,40.0
60,0.1,heterogeneous,4.0,SLOT-LFT-LBA,99,5.0,67.0,72.0
60,0.1,heterogeneous,4.0,SLOT-RAND-DEF,99,55.0,97.0,42.0
60,0.1,heterogeneous,4.0,SLOT-RAND-LBA,106,1.0,69.0,70.0
60,0.1,heterogeneous,16.0,POOL-LBA(=yours),108,3.0,71.0,74.0
60,0.1,heterogeneous,16.0,SLOT-G-DEF,108,61.0,103.0,42.0
60,0.1,heterogeneous,16.0,SLOT-G-LBA,108,1.0,72.0,73.0
60,0.1,heterogeneous,16.0,SLOT-LFT-DEF,106,65.0,105.0,40.0
60,0.1,heterogeneous,16.0,SLOT-LFT-LBA,106,5.0,70.0,75.0
60,0.1,heterogeneous,16.0,SLOT-RAND-DEF,106,67.0,106.0,39.0
60,0.1,heterogeneous,16.0,SLOT-RAND-LBA,108,1.0,73.0,72.0
60,0.1,heterogeneous,64.0,POOL-LBA(=yours),106,3.0,71.0,74.0
60,0.1,heterogeneous,64.0,SLOT-G-DEF,106,61.0,103.0,42.0
60,0.1,heterogeneous,64.0,SLOT-G-LBA,106,1.0,72.0,73.0
60,0.1,heterogeneous,64.0,SLOT-LFT-DEF,105,65.0,105.0,40.0
60,0.1,heterogeneous,64.0,SLOT-LFT-LBA,105,7.0,76.0,69.0
60,0.1,heterogeneous,64.0,SLOT-RAND-DEF,106,67.0,106.0,39.0
60,0.1,heterogeneous,64.0,SLOT-RAND-LBA,106,1.0,72.0,73.0
60,0.2,uniform,,POOL-LBA(=yours),117,5.0,81.0,76.0
60,0.2,uniform,,SLOT-G-DEF,117,69.0,113.0,44.0
60,0.2,uniform,,SLOT-G-LBA,117,1.0,78.0,79.0
60,0.2,uniform,,SLOT-LFT-DEF,115,73.0,115.0,42.0
60,0.2,uniform,,SLOT-LFT-LBA,115,5.0,76.0,81.0
60,0.2,uniform,,SLOT-RAND-DEF,117,73.0,115.0,42.0
60,0.2,uniform,,SLOT-RAND-LBA,116,1.0,78.0,79.0
60,0.2,heterogeneous,4.0,POOL-LBA(=yours),114,2.0,80.0,78.0
60,0.2,heterogeneous,4.0,SLOT-G-DEF,114,58.0,108.0,50.0
60,0.2,heterogeneous,4.0,SLOT-G-LBA,114,2.0,80.0,78.0
60,0.2,heterogeneous,4.0,SLOT-LFT-DEF,112,66.0,112.0,46.0
60,0.2,heterogeneous,4.0,SLOT-LFT-LBA,112,2.0,80.0,78.0
60,0.2,heterogeneous,4.0,SLOT-RAND-DEF,118,58.0,108.0,50.0
60,0.2,heterogeneous,4.0,SLOT-RAND-LBA,118,6.0,76.0,82.0
60,0.2,heterogeneous,16.0,POOL-LBA(=yours),121,3.0,79.0,82.0
60,0.2,heterogeneous,16.0,SLOT-G-DEF,121,71.0,116.0,45.0
60,0.2,heterogeneous,16.0,SLOT-G-LBA,121,1.0,80.0,81.0
60,0.2,heterogeneous,16.0,SLOT-LFT-DEF,119,77.0,119.0,42.0
60,0.2,heterogeneous,16.0,SLOT-LFT-LBA,119,7.0,84.0,77.0
60,0.2,heterogeneous,16.0,SLOT-RAND-DEF,120,77.0,119.0,42.0
60,0.2,heterogeneous,16.0,SLOT-RAND-LBA,120,1.0,81.0,80.0
60,0.2,heterogeneous,64.0,POOL-LBA(=yours),117,3.0,80.0,77.0
60,0.2,heterogeneous,64.0,SLOT-G-DEF,117,65.0,111.0,46.0
60,0.2,heterogeneous,64.0,SLOT-G-LBA,117,1.0,78.0,79.0
60,0.2,heterogeneous,64.0,SLOT-LFT-DEF,114,71.0,114.0,43.0
60,0.2,heterogeneous,64.0,SLOT-LFT-LBA,114,3.0,77.0,80.0
60,0.2,heterogeneous,64.0,SLOT-RAND-DEF,117,75.0,116.0,41.0
60,0.2,heterogeneous,64.0,SLOT-RAND-LBA,115,5.0,81.0,76.0
60,0.3,uniform,,POOL-LBA(=yours),127,6.0,88.0,82.0
60,0.3,uniform,,SLOT-G-DEF,127,72.0,121.0,49.0
60,0.3,uniform,,SLOT-G-LBA,127,0.0,85.0,85.0
60,0.3,uniform,,SLOT-LFT-DEF,124,78.0,124.0,46.0
60,0.3,uniform,,SLOT-LFT-LBA,124,6.0,82.0,88.0
60,0.3,uniform,,SLOT-RAND-DEF,127,84.0,127.0,43.0
60,0.3,uniform,,SLOT-RAND-LBA,124,6.0,82.0,88.0
60,0.3,heterogeneous,4.0,POOL-LBA(=yours),127,0.0,86.0,86.0
60,0.3,heterogeneous,4.0,SLOT-G-DEF,127,70.0,121.0,51.0
60,0.3,heterogeneous,4.0,SLOT-G-LBA,127,4.0,88.0,84.0
60,0.3,heterogeneous,4.0,SLOT-LFT-DEF,125,64.0,118.0,54.0
60,0.3,heterogeneous,4.0,SLOT-LFT-LBA,125,2.0,87.0,85.0
60,0.3,heterogeneous,4.0,SLOT-RAND-DEF,125,64.0,118.0,54.0
60,0.3,heterogeneous,4.0,SLOT-RAND-LBA,133,2.0,85.0,87.0
60,0.3,heterogeneous,16.0,POOL-LBA(=yours),125,3.0,86.0,83.0
60,0.3,heterogeneous,16.0,SLOT-G-DEF,125,71.0,120.0,49.0
60,0.3,heterogeneous,16.0,SLOT-G-LBA,125,1.0,85.0,84.0
60,0.3,heterogeneous,16.0,SLOT-LFT-DEF,123,77.0,123.0,46.0
60,0.3,heterogeneous,16.0,SLOT-LFT-LBA,123,5.0,82.0,87.0
60,0.3,heterogeneous,16.0,SLOT-RAND-DEF,123,77.0,123.0,46.0
60,0.3,heterogeneous,16.0,SLOT-RAND-LBA,125,3.0,83.0,86.0
60,0.3,heterogeneous,64.0,POOL-LBA(=yours),125,4.0,82.0,86.0
60,0.3,heterogeneous,64.0,SLOT-G-DEF,125,74.0,121.0,47.0
60,0.3,heterogeneous,64.0,SLOT-G-LBA,125,0.0,84.0,84.0
60,0.3,heterogeneous,64.0,SLOT-LFT-DEF,124,80.0,124.0,44.0
60,0.3,heterogeneous,64.0,SLOT-LFT-LBA,124,6.0,81.0,87.0
60,0.3,heterogeneous,64.0,SLOT-RAND-DEF,124,68.0,118.0,50.0
60,0.3,heterogeneous,64.0,SLOT-RAND-LBA,130,2.0,83.0,85.0
61,0.0,uniform,,POOL-LBA(=yours),113,2.0,76.0,74.0
61,0.0,uniform,,SLOT-G-DEF,113,68.0,109.0,41.0
61,0.0,uniform,,SLOT-G-LBA,113,2.0,76.0,74.0
61,0.0,uniform,,SLOT-LFT-DEF,111,72.0,111.0,39.0
61,0.0,uniform,,SLOT-LFT-LBA,111,6.0,72.0,78.0
61,0.0,uniform,,SLOT-RAND-DEF,110,62.0,106.0,44.0
61,0.0,uniform,,SLOT-RAND-LBA,110,2.0,76.0,74.0
61,0.0,heterogeneous,4.0,POOL-LBA(=yours),113,2.0,76.0,74.0
61,0.0,heterogeneous,4.0,SLOT-G-DEF,113,68.0,109.0,41.0
61,0.0,heterogeneous,4.0,SLOT-G-LBA,113,2.0,76.0,74.0
61,0.0,heterogeneous,4.0,SLOT-LFT-DEF,111,72.0,111.0,39.0
61,0.0,heterogeneous,4.0,SLOT-LFT-LBA,111,6.0,72.0,78.0
61,0.0,heterogeneous,4.0,SLOT-RAND-DEF,116,78.0,114.0,36.0
61,0.0,heterogeneous,4.0,SLOT-RAND-LBA,109,8.0,79.0,71.0
61,0.0,heterogeneous,16.0,POOL-LBA(=yours),113,2.0,76.0,74.0
61,0.0,heterogeneous,16.0,SLOT-G-DEF,113,68.0,109.0,41.0
61,0.0,heterogeneous,16.0,SLOT-G-LBA,113,2.0,76.0,74.0
61,0.0,heterogeneous,16.0,SLOT-LFT-DEF,111,72.0,111.0,39.0
61,0.0,heterogeneous,16.0,SLOT-LFT-LBA,111,6.0,72.0,78.0
61,0.0,heterogeneous,16.0,SLOT-RAND-DEF,110,52.0,101.0,49.0
61,0.0,heterogeneous,16.0,SLOT-RAND-LBA,111,4.0,73.0,77.0
61,0.0,heterogeneous,64.0,POOL-LBA(=yours),113,2.0,76.0,74.0
61,0.0,heterogeneous,64.0,SLOT-G-DEF,113,68.0,109.0,41.0
61,0.0,heterogeneous,64.0,SLOT-G-LBA,113,2.0,76.0,74.0
61,0.0,heterogeneous,64.0,SLOT-LFT-DEF,111,72.0,111.0,39.0
61,0.0,heterogeneous,64.0,SLOT-LFT-LBA,111,6.0,72.0,78.0
61,0.0,heterogeneous,64.0,SLOT-RAND-DEF,109,64.0,107.0,43.0
61,0.0,heterogeneous,64.0,SLOT-RAND-LBA,110,6.0,72.0,78.0
61,0.1,uniform,,POOL-LBA(=yours),127,2.0,86.0,84.0
61,0.1,uniform,,SLOT-G-DEF,127,76.0,123.0,47.0
61,0.1,uniform,,SLOT-G-LBA,127,2.0,86.0,84.0
61,0.1,uniform,,SLOT-LFT-DEF,125,80.0,125.0,45.0
61,0.1,uniform,,SLOT-LFT-LBA,125,6.0,82.0,88.0
61,0.1,uniform,,SLOT-RAND-DEF,124,74.0,122.0,48.0
61,0.1,uniform,,SLOT-RAND-LBA,124,2.0,84.0,86.0
61,0.1,heterogeneous,4.0,POOL-LBA(=yours),122,1.0,81.0,82.0
61,0.1,heterogeneous,4.0,SLOT-G-DEF,122,73.0,118.0,45.0
61,0.1,heterogeneous,4.0,SLOT-G-LBA,122,1.0,81.0,82.0
61,0.1,heterogeneous,4.0,SLOT-LFT-DEF,121,75.0,119.0,44.0
61,0.1,heterogeneous,4.0,SLOT-LFT-LBA,121,3.0,80.0,83.0
61,0.1,heterogeneous,4.0,SLOT-RAND-DEF,127,79.0,121.0,42.0
61,0.1,heterogeneous,4.0,SLOT-RAND-LBA,121,1.0,81.0,82.0
61,0.1,heterogeneous,16.0,POOL-LBA(=yours),121,4.0,82.0,78.0
61,0.1,heterogeneous,16.0,SLOT-G-DEF,121,72.0,116.0,44.0
61,0.1,heterogeneous,16.0,SLOT-G-LBA,121,4.0,82.0,78.0
61,0.1,heterogeneous,16.0,SLOT-LFT-DEF,119,78.0,119.0,41.0
61,0.1,heterogeneous,16.0,SLOT-LFT-LBA,119,8.0,84.0,76.0
61,0.1,heterogeneous,16.0,SLOT-RAND-DEF,119,78.0,119.0,41.0
61,0.1,heterogeneous,16.0,SLOT-RAND-LBA,119,4.0,82.0,78.0
61,0.1,heterogeneous,64.0,POOL-LBA(=yours),127,3.0,82.0,85.0
61,0.1,heterogeneous,64.0,SLOT-G-DEF,127,77.0,122.0,45.0
61,0.1,heterogeneous,64.0,SLOT-G-LBA,127,1.0,84.0,83.0
61,0.1,heterogeneous,64.0,SLOT-LFT-DEF,124,75.0,121.0,46.0
61,0.1,heterogeneous,64.0,SLOT-LFT-LBA,124,3.0,85.0,82.0
61,0.1,heterogeneous,64.0,SLOT-RAND-DEF,126,83.0,125.0,42.0
61,0.1,heterogeneous,64.0,SLOT-RAND-LBA,124,3.0,85.0,82.0
61,0.2,uniform,,POOL-LBA(=yours),137,4.0,92.0,88.0
61,0.2,uniform,,SLOT-G-DEF,137,84.0,132.0,48.0
61,0.2,uniform,,SLOT-G-LBA,137,4.0,92.0,88.0
61,0.2,uniform,,SLOT-LFT-DEF,134,88.0,134.0,46.0
61,0.2,uniform,,SLOT-LFT-LBA,134,8.0,86.0,94.0
61,0.2,uniform,,SLOT-RAND-DEF,143,92.0,136.0,44.0
61,0.2,uniform,,SLOT-RAND-LBA,131,8.0,86.0,94.0
61,0.2,heterogeneous,4.0,POOL-LBA(=yours),137,3.0,88.0,91.0
61,0.2,heterogeneous,4.0,SLOT-G-DEF,137,89.0,134.0,45.0
61,0.2,heterogeneous,4.0,SLOT-G-LBA,137,3.0,88.0,91.0
61,0.2,heterogeneous,4.0,SLOT-LFT-DEF,132,83.0,131.0,48.0
61,0.2,heterogeneous,4.0,SLOT-LFT-LBA,132,1.0,89.0,90.0
61,0.2,heterogeneous,4.0,SLOT-RAND-DEF,139,71.0,125.0,54.0
61,0.2,heterogeneous,4.0,SLOT-RAND-LBA,137,3.0,91.0,88.0
61,0.2,heterogeneous,16.0,POOL-LBA(=yours),134,0.0,89.0,89.0
61,0.2,heterogeneous,16.0,SLOT-G-DEF,134,76.0,127.0,51.0
61,0.2,heterogeneous,16.0,SLOT-G-LBA,134,2.0,88.0,90.0
61,0.2,heterogeneous,16.0,SLOT-LFT-DEF,132,86.0,132.0,46.0
61,0.2,heterogeneous,16.0,SLOT-LFT-LBA,132,6.0,86.0,92.0
61,0.2,heterogeneous,16.0,SLOT-RAND-DEF,134,86.0,132.0,46.0
61,0.2,heterogeneous,16.0,SLOT-RAND-LBA,132,6.0,92.0,86.0
61,0.2,heterogeneous,64.0,POOL-LBA(=yours),135,6.0,92.0,86.0
61,0.2,heterogeneous,64.0,SLOT-G-DEF,135,86.0,132.0,46.0
61,0.2,heterogeneous,64.0,SLOT-G-LBA,135,6.0,92.0,86.0
61,0.2,heterogeneous,64.0,SLOT-LFT-DEF,132,70.0,124.0,54.0
61,0.2,heterogeneous,64.0,SLOT-LFT-LBA,132,8.0,93.0,85.0
61,0.2,heterogeneous,64.0,SLOT-RAND-DEF,132,66.0,122.0,56.0
61,0.2,heterogeneous,64.0,SLOT-RAND-LBA,133,0.0,89.0,89.0
61,0.3,uniform,,POOL-LBA(=yours),144,2.0,97.0,95.0
61,0.3,uniform,,SLOT-G-DEF,144,86.0,139.0,53.0
61,0.3,uniform,,SLOT-G-LBA,144,2.0,97.0,95.0
61,0.3,uniform,,SLOT-LFT-DEF,142,92.0,142.0,50.0
61,0.3,uniform,,SLOT-LFT-LBA,142,8.0,92.0,100.0
61,0.3,uniform,,SLOT-RAND-DEF,140,74.0,133.0,59.0
61,0.3,uniform,,SLOT-RAND-LBA,142,4.0,94.0,98.0
61,0.3,heterogeneous,4.0,POOL-LBA(=yours),153,8.0,104.0,96.0
61,0.3,heterogeneous,4.0,SLOT-G-DEF,153,94.0,147.0,53.0
61,0.3,heterogeneous,4.0,SLOT-G-LBA,153,8.0,104.0,96.0
61,0.3,heterogeneous,4.0,SLOT-LFT-DEF,148,96.0,148.0,52.0
61,0.3,heterogeneous,4.0,SLOT-LFT-LBA,148,8.0,96.0,104.0
61,0.3,heterogeneous,4.0,SLOT-RAND-DEF,148,78.0,139.0,61.0
61,0.3,heterogeneous,4.0,SLOT-RAND-LBA,157,6.0,97.0,103.0
61,0.3,heterogeneous,16.0,POOL-LBA(=yours),143,3.0,95.0,98.0
61,0.3,heterogeneous,16.0,SLOT-G-DEF,143,85.0,139.0,54.0
61,0.3,heterogeneous,16.0,SLOT-G-LBA,143,3.0,98.0,95.0
61,0.3,heterogeneous,16.0,SLOT-LFT-DEF,141,67.0,130.0,63.0
61,0.3,heterogeneous,16.0,SLOT-LFT-LBA,141,3.0,98.0,95.0
61,0.3,heterogeneous,16.0,SLOT-RAND-DEF,148,103.0,148.0,45.0
61,0.3,heterogeneous,16.0,SLOT-RAND-LBA,141,7.0,100.0,93.0
61,0.3,heterogeneous,64.0,POOL-LBA(=yours),148,2.0,100.0,98.0
61,0.3,heterogeneous,64.0,SLOT-G-DEF,148,90.0,144.0,54.0
61,0.3,heterogeneous,64.0,SLOT-G-LBA,148,2.0,100.0,98.0
61,0.3,heterogeneous,64.0,SLOT-LFT-DEF,146,92.0,145.0,53.0
61,0.3,heterogeneous,64.0,SLOT-LFT-LBA,146,4.0,97.0,101.0
61,0.3,heterogeneous,64.0,SLOT-RAND-DEF,146,94.0,146.0,52.0
61,0.3,heterogeneous,64.0,SLOT-RAND-LBA,146,4.0,97.0,101.0
62,0.0,uniform,,POOL-LBA(=yours),106,5.0,70.0,75.0
62,0.0,uniform,,SLOT-G-DEF,106,57.0,101.0,44.0
62,0.0,uniform,,SLOT-G-LBA,106,5.0,70.0,75.0
62,0.0,uniform,,SLOT-LFT-DEF,107,51.0,98.0,47.0
62,0.0,uniform,,SLOT-LFT-LBA,107,7.0,69.0,76.0
62,0.0,uniform,,SLOT-RAND-DEF,111,77.0,111.0,34.0
62,0.0,uniform,,SLOT-RAND-LBA,106,3.0,74.0,71.0
62,0.0,heterogeneous,4.0,POOL-LBA(=yours),106,5.0,70.0,75.0
62,0.0,heterogeneous,4.0,SLOT-G-DEF,106,57.0,101.0,44.0
62,0.0,heterogeneous,4.0,SLOT-G-LBA,106,5.0,70.0,75.0
62,0.0,heterogeneous,4.0,SLOT-LFT-DEF,107,51.0,98.0,47.0
62,0.0,heterogeneous,4.0,SLOT-LFT-LBA,107,7.0,69.0,76.0
62,0.0,heterogeneous,4.0,SLOT-RAND-DEF,111,77.0,111.0,34.0
62,0.0,heterogeneous,4.0,SLOT-RAND-LBA,107,3.0,74.0,71.0
62,0.0,heterogeneous,16.0,POOL-LBA(=yours),106,5.0,70.0,75.0
62,0.0,heterogeneous,16.0,SLOT-G-DEF,106,57.0,101.0,44.0
62,0.0,heterogeneous,16.0,SLOT-G-LBA,106,5.0,70.0,75.0
62,0.0,heterogeneous,16.0,SLOT-LFT-DEF,107,51.0,98.0,47.0
62,0.0,heterogeneous,16.0,SLOT-LFT-LBA,107,7.0,69.0,76.0
62,0.0,heterogeneous,16.0,SLOT-RAND-DEF,107,59.0,102.0,43.0
62,0.0,heterogeneous,16.0,SLOT-RAND-LBA,105,11.0,78.0,67.0
62,0.0,heterogeneous,64.0,POOL-LBA(=yours),106,5.0,70.0,75.0
62,0.0,heterogeneous,64.0,SLOT-G-DEF,106,57.0,101.0,44.0
62,0.0,heterogeneous,64.0,SLOT-G-LBA,106,5.0,70.0,75.0
62,0.0,heterogeneous,64.0,SLOT-LFT-DEF,107,51.0,98.0,47.0
62,0.0,heterogeneous,64.0,SLOT-LFT-LBA,107,7.0,69.0,76.0
62,0.0,heterogeneous,64.0,SLOT-RAND-DEF,107,51.0,98.0,47.0
62,0.0,heterogeneous,64.0,SLOT-RAND-LBA,105,13.0,79.0,66.0
62,0.1,uniform,,POOL-LBA(=yours),120,7.0,86.0,79.0
62,0.1,uniform,,SLOT-G-DEF,120,63.0,114.0,51.0
62,0.1,uniform,,SLOT-G-LBA,120,7.0,86.0,79.0
62,0.1,uniform,,SLOT-LFT-DEF,121,57.0,111.0,54.0
62,0.1,uniform,,SLOT-LFT-LBA,121,9.0,78.0,87.0
62,0.1,uniform,,SLOT-RAND-DEF,121,65.0,115.0,50.0
62,0.1,uniform,,SLOT-RAND-LBA,119,9.0,87.0,78.0
62,0.1,heterogeneous,4.0,POOL-LBA(=yours),115,6.0,75.0,81.0
62,0.1,heterogeneous,4.0,SLOT-G-DEF,115,62.0,109.0,47.0
62,0.1,heterogeneous,4.0,SLOT-G-LBA,115,6.0,75.0,81.0
62,0.1,heterogeneous,4.0,SLOT-LFT-DEF,115,54.0,105.0,51.0
62,0.1,heterogeneous,4.0,SLOT-LFT-LBA,115,8.0,74.0,82.0
62,0.1,heterogeneous,4.0,SLOT-RAND-DEF,113,58.0,107.0,49.0
62,0.1,heterogeneous,4.0,SLOT-RAND-LBA,115,2.0,77.0,79.0
62,0.1,heterogeneous,16.0,POOL-LBA(=yours),114,4.0,77.0,81.0
62,0.1,heterogeneous,16.0,SLOT-G-DEF,114,62.0,110.0,48.0
62,0.1,heterogeneous,16.0,SLOT-G-LBA,114,6.0,76.0,82.0
62,0.1,heterogeneous,16.0,SLOT-LFT-DEF,116,52.0,105.0,53.0
62,0.1,heterogeneous,16.0,SLOT-LFT-LBA,116,6.0,76.0,82.0
62,0.1,heterogeneous,16.0,SLOT-RAND-DEF,112,46.0,102.0,56.0
62,0.1,heterogeneous,16.0,SLOT-RAND-LBA,112,12.0,73.0,85.0
62,0.1,heterogeneous,64.0,POOL-LBA(=yours),115,7.0,83.0,76.0
62,0.1,heterogeneous,64.0,SLOT-G-DEF,115,47.0,103.0,56.0
62,0.1,heterogeneous,64.0,SLOT-G-LBA,115,7.0,83.0,76.0
62,0.1,heterogeneous,64.0,SLOT-LFT-DEF,115,53.0,106.0,53.0
62,0.1,heterogeneous,64.0,SLOT-LFT-LBA,115,11.0,85.0,74.0
62,0.1,heterogeneous,64.0,SLOT-RAND-DEF,114,57.0,108.0,51.0
62,0.1,heterogeneous,64.0,SLOT-RAND-LBA,114,3.0,78.0,81.0
62,0.2,uniform,,POOL-LBA(=yours),126,6.0,83.0,89.0
62,0.2,uniform,,SLOT-G-DEF,126,68.0,120.0,52.0
62,0.2,uniform,,SLOT-G-LBA,126,6.0,83.0,89.0
62,0.2,uniform,,SLOT-LFT-DEF,128,60.0,116.0,56.0
62,0.2,uniform,,SLOT-LFT-LBA,128,8.0,82.0,90.0
62,0.2,uniform,,SLOT-RAND-DEF,132,80.0,126.0,46.0
62,0.2,uniform,,SLOT-RAND-LBA,126,6.0,83.0,89.0
62,0.2,heterogeneous,4.0,POOL-LBA(=yours),122,4.0,82.0,86.0
62,0.2,heterogeneous,4.0,SLOT-G-DEF,122,76.0,122.0,46.0
62,0.2,heterogeneous,4.0,SLOT-G-LBA,122,4.0,82.0,86.0
62,0.2,heterogeneous,4.0,SLOT-LFT-DEF,125,68.0,118.0,50.0
62,0.2,heterogeneous,4.0,SLOT-LFT-LBA,125,6.0,81.0,87.0
62,0.2,heterogeneous,4.0,SLOT-RAND-DEF,126,80.0,124.0,44.0
62,0.2,heterogeneous,4.0,SLOT-RAND-LBA,128,2.0,85.0,83.0
62,0.2,heterogeneous,16.0,POOL-LBA(=yours),124,7.0,88.0,81.0
62,0.2,heterogeneous,16.0,SLOT-G-DEF,124,67.0,118.0,51.0
62,0.2,heterogeneous,16.0,SLOT-G-LBA,124,7.0,81.0,88.0
62,0.2,heterogeneous,16.0,SLOT-LFT-DEF,122,59.0,114.0,55.0
62,0.2,heterogeneous,16.0,SLOT-LFT-LBA,122,9.0,80.0,89.0
62,0.2,heterogeneous,16.0,SLOT-RAND-DEF,122,57.0,113.0,56.0
62,0.2,heterogeneous,16.0,SLOT-RAND-LBA,122,5.0,87.0,82.0
62,0.2,heterogeneous,64.0,POOL-LBA(=yours),128,5.0,85.0,90.0
62,0.2,heterogeneous,64.0,SLOT-G-DEF,128,71.0,123.0,52.0
62,0.2,heterogeneous,64.0,SLOT-G-LBA,128,9.0,92.0,83.0
62,0.2,heterogeneous,64.0,SLOT-LFT-DEF,128,63.0,119.0,56.0
62,0.2,heterogeneous,64.0,SLOT-LFT-LBA,128,7.0,84.0,91.0
62,0.2,heterogeneous,64.0,SLOT-RAND-DEF,128,63.0,119.0,56.0
62,0.2,heterogeneous,64.0,SLOT-RAND-LBA,136,1.0,88.0,87.0
62,0.3,uniform,,POOL-LBA(=yours),137,7.0,90.0,97.0
62,0.3,uniform,,SLOT-G-DEF,137,73.0,130.0,57.0
62,0.3,uniform,,SLOT-G-LBA,137,9.0,89.0,98.0
62,0.3,uniform,,SLOT-LFT-DEF,138,65.0,126.0,61.0
62,0.3,uniform,,SLOT-LFT-LBA,138,11.0,88.0,99.0
62,0.3,uniform,,SLOT-RAND-DEF,135,75.0,131.0,56.0
62,0.3,uniform,,SLOT-RAND-LBA,137,5.0,91.0,96.0
62,0.3,heterogeneous,4.0,POOL-LBA(=yours),151,9.0,99.0,108.0
62,0.3,heterogeneous,4.0,SLOT-G-DEF,151,79.0,143.0,64.0
62,0.3,heterogeneous,4.0,SLOT-G-LBA,151,9.0,108.0,99.0
62,0.3,heterogeneous,4.0,SLOT-LFT-DEF,152,69.0,138.0,69.0
62,0.3,heterogeneous,4.0,SLOT-LFT-LBA,152,13.0,97.0,110.0
62,0.3,heterogeneous,4.0,SLOT-RAND-DEF,151,65.0,136.0,71.0
62,0.3,heterogeneous,4.0,SLOT-RAND-LBA,150,3.0,102.0,105.0
62,0.3,heterogeneous,16.0,POOL-LBA(=yours),138,7.0,91.0,98.0
62,0.3,heterogeneous,16.0,SLOT-G-DEF,138,75.0,132.0,57.0
62,0.3,heterogeneous,16.0,SLOT-G-LBA,138,9.0,99.0,90.0
62,0.3,heterogeneous,16.0,SLOT-LFT-DEF,140,79.0,134.0,55.0
62,0.3,heterogeneous,16.0,SLOT-LFT-LBA,140,7.0,98.0,91.0
62,0.3,heterogeneous,16.0,SLOT-RAND-DEF,137,63.0,126.0,63.0
62,0.3,heterogeneous,16.0,SLOT-RAND-LBA,138,1.0,94.0,95.0
62,0.3,heterogeneous,64.0,POOL-LBA(=yours),136,7.0,90.0,97.0
62,0.3,heterogeneous,64.0,SLOT-G-DEF,136,55.0,121.0,66.0
62,0.3,heterogeneous,64.0,SLOT-G-LBA,136,7.0,90.0,97.0
62,0.3,heterogeneous,64.0,SLOT-LFT-DEF,137,65.0,126.0,61.0
62,0.3,heterogeneous,64.0,SLOT-LFT-LBA,137,11.0,88.0,99.0
62,0.3,heterogeneous,64.0,SLOT-RAND-DEF,138,81.0,134.0,53.0
62,0.3,heterogeneous,64.0,SLOT-RAND-LBA,134,17.0,102.0,85.0
63,0.0,uniform,,POOL-LBA(=yours),101,8.0,72.0,64.0
63,0.0,uniform,,SLOT-G-DEF,101,36.0,86.0,50.0
63,0.0,uniform,,SLOT-G-LBA,101,10.0,63.0,73.0
63,0.0,uniform,,SLOT-LFT-DEF,101,66.0,101.0,35.0
63,0.0,uniform,,SLOT-LFT-LBA,101,4.0,66.0,70.0
63,0.0,uniform,,SLOT-RAND-DEF,101,42.0,89.0,47.0
63,0.0,uniform,,SLOT-RAND-LBA,102,2.0,67.0,69.0
63,0.0,heterogeneous,4.0,POOL-LBA(=yours),101,8.0,72.0,64.0
63,0.0,heterogeneous,4.0,SLOT-G-DEF,101,36.0,86.0,50.0
63,0.0,heterogeneous,4.0,SLOT-G-LBA,101,10.0,63.0,73.0
63,0.0,heterogeneous,4.0,SLOT-LFT-DEF,101,66.0,101.0,35.0
63,0.0,heterogeneous,4.0,SLOT-LFT-LBA,101,4.0,66.0,70.0
63,0.0,heterogeneous,4.0,SLOT-RAND-DEF,101,46.0,91.0,45.0
63,0.0,heterogeneous,4.0,SLOT-RAND-LBA,101,10.0,63.0,73.0
63,0.0,heterogeneous,16.0,POOL-LBA(=yours),101,8.0,72.0,64.0
63,0.0,heterogeneous,16.0,SLOT-G-DEF,101,36.0,86.0,50.0
63,0.0,heterogeneous,16.0,SLOT-G-LBA,101,10.0,63.0,73.0
63,0.0,heterogeneous,16.0,SLOT-LFT-DEF,101,66.0,101.0,35.0
63,0.0,heterogeneous,16.0,SLOT-LFT-LBA,101,4.0,66.0,70.0
63,0.0,heterogeneous,16.0,SLOT-RAND-DEF,101,66.0,101.0,35.0
63,0.0,heterogeneous,16.0,SLOT-RAND-LBA,101,6.0,71.0,65.0
63,0.0,heterogeneous,64.0,POOL-LBA(=yours),101,8.0,72.0,64.0
63,0.0,heterogeneous,64.0,SLOT-G-DEF,101,36.0,86.0,50.0
63,0.0,heterogeneous,64.0,SLOT-G-LBA,101,10.0,63.0,73.0
63,0.0,heterogeneous,64.0,SLOT-LFT-DEF,101,66.0,101.0,35.0
63,0.0,heterogeneous,64.0,SLOT-LFT-LBA,101,4.0,66.0,70.0
63,0.0,heterogeneous,64.0,SLOT-RAND-DEF,102,44.0,90.0,46.0
63,0.0,heterogeneous,64.0,SLOT-RAND-LBA,101,10.0,73.0,63.0
63,0.1,uniform,,POOL-LBA(=yours),116,8.0,82.0,74.0
63,0.1,uniform,,SLOT-G-DEF,116,40.0,98.0,58.0
63,0.1,uniform,,SLOT-G-LBA,116,12.0,72.0,84.0
63,0.1,uniform,,SLOT-LFT-DEF,116,76.0,116.0,40.0
63,0.1,uniform,,SLOT-LFT-LBA,116,4.0,76.0,80.0
63,0.1,uniform,,SLOT-RAND-DEF,116,56.0,106.0,50.0
63,0.1,uniform,,SLOT-RAND-LBA,116,16.0,86.0,70.0
63,0.1,heterogeneous,4.0,POOL-LBA(=yours),109,6.0,69.0,75.0
63,0.1,heterogeneous,4.0,SLOT-G-DEF,109,36.0,90.0,54.0
63,0.1,heterogeneous,4.0,SLOT-G-LBA,109,10.0,67.0,77.0
63,0.1,heterogeneous,4.0,SLOT-LFT-DEF,109,74.0,109.0,35.0
63,0.1,heterogeneous,4.0,SLOT-LFT-LBA,109,4.0,74.0,70.0
63,0.1,heterogeneous,4.0,SLOT-RAND-DEF,108,48.0,96.0,48.0
63,0.1,heterogeneous,4.0,SLOT-RAND-LBA,108,2.0,73.0,71.0
63,0.1,heterogeneous,16.0,POOL-LBA(=yours),114,8.0,73.0,81.0
63,0.1,heterogeneous,16.0,SLOT-G-DEF,114,38.0,96.0,58.0
63,0.1,heterogeneous,16.0,SLOT-G-LBA,114,12.0,71.0,83.0
63,0.1,heterogeneous,16.0,SLOT-LFT-DEF,114,74.0,114.0,40.0
63,0.1,heterogeneous,16.0,SLOT-LFT-LBA,114,8.0,81.0,73.0
63,0.1,heterogeneous,16.0,SLOT-RAND-DEF,114,58.0,106.0,48.0
63,0.1,heterogeneous,16.0,SLOT-RAND-LBA,116,12.0,83.0,71.0
63,0.1,heterogeneous,64.0,POOL-LBA(=yours),110,7.0,78.0,71.0
63,0.1,heterogeneous,64.0,SLOT-G-DEF,110,39.0,94.0,55.0
63,0.1,heterogeneous,64.0,SLOT-G-LBA,110,13.0,68.0,81.0
63,0.1,heterogeneous,64.0,SLOT-LFT-DEF,110,71.0,110.0,39.0
63,0.1,heterogeneous,64.0,SLOT-LFT-LBA,110,7.0,78.0,71.0
63,0.1,heterogeneous,64.0,SLOT-RAND-DEF,112,75.0,112.0,37.0
63,0.1,heterogeneous,64.0,SLOT-RAND-LBA,110,5.0,77.0,72.0
63,0.2,uniform,,POOL-LBA(=yours),120,10.0,86.0,76.0
63,0.2,uniform,,SLOT-G-DEF,120,42.0,102.0,60.0
63,0.2,uniform,,SLOT-G-LBA,120,12.0,75.0,87.0
63,0.2,uniform,,SLOT-LFT-DEF,120,78.0,120.0,42.0
63,0.2,uniform,,SLOT-LFT-LBA,120,4.0,79.0,83.0
63,0.2,uniform,,SLOT-RAND-DEF,121,52.0,107.0,55.0
63,0.2,uniform,,SLOT-RAND-LBA,121,14.0,88.0,74.0
63,0.2,heterogeneous,4.0,POOL-LBA(=yours),125,8.0,77.0,85.0
63,0.2,heterogeneous,4.0,SLOT-G-DEF,125,72.0,117.0,45.0
63,0.2,heterogeneous,4.0,SLOT-G-LBA,125,12.0,87.0,75.0
63,0.2,heterogeneous,4.0,SLOT-LFT-DEF,125,88.0,125.0,37.0
63,0.2,heterogeneous,4.0,SLOT-LFT-LBA,125,4.0,79.0,83.0
63,0.2,heterogeneous,4.0,SLOT-RAND-DEF,123,78.0,120.0,42.0
63,0.2,heterogeneous,4.0,SLOT-RAND-LBA,125,2.0,82.0,80.0
63,0.2,heterogeneous,16.0,POOL-LBA(=yours),120,9.0,77.0,86.0
63,0.2,heterogeneous,16.0,SLOT-G-DEF,120,43.0,103.0,60.0
63,0.2,heterogeneous,16.0,SLOT-G-LBA,120,9.0,77.0,86.0
63,0.2,heterogeneous,16.0,SLOT-LFT-DEF,120,77.0,120.0,43.0
63,0.2,heterogeneous,16.0,SLOT-LFT-LBA,120,3.0,83.0,80.0
63,0.2,heterogeneous,16.0,SLOT-RAND-DEF,121,55.0,109.0,54.0
63,0.2,heterogeneous,16.0,SLOT-RAND-LBA,121,7.0,78.0,85.0
63,0.2,heterogeneous,64.0,POOL-LBA(=yours),122,8.0,85.0,77.0
63,0.2,heterogeneous,64.0,SLOT-G-DEF,122,54.0,108.0,54.0
63,0.2,heterogeneous,64.0,SLOT-G-LBA,122,12.0,75.0,87.0
63,0.2,heterogeneous,64.0,SLOT-LFT-DEF,122,82.0,122.0,40.0
63,0.2,heterogeneous,64.0,SLOT-LFT-LBA,122,6.0,84.0,78.0
63,0.2,heterogeneous,64.0,SLOT-RAND-DEF,123,82.0,122.0,40.0
63,0.2,heterogeneous,64.0,SLOT-RAND-LBA,122,8.0,77.0,85.0
63,0.3,uniform,,POOL-LBA(=yours),129,8.0,83.0,91.0
63,0.3,uniform,,SLOT-G-DEF,129,48.0,111.0,63.0
63,0.3,uniform,,SLOT-G-LBA,129,12.0,81.0,93.0
63,0.3,uniform,,SLOT-LFT-DEF,129,84.0,129.0,45.0
63,0.3,uniform,,SLOT-LFT-LBA,129,4.0,89.0,85.0
63,0.3,uniform,,SLOT-RAND-DEF,129,54.0,114.0,60.0
63,0.3,uniform,,SLOT-RAND-LBA,129,0.0,87.0,87.0
63,0.3,heterogeneous,4.0,POOL-LBA(=yours),130,6.0,88.0,82.0
63,0.3,heterogeneous,4.0,SLOT-G-DEF,130,78.0,124.0,46.0
63,0.3,heterogeneous,4.0,SLOT-G-LBA,130,6.0,88.0,82.0
63,0.3,heterogeneous,4.0,SLOT-LFT-DEF,130,90.0,130.0,40.0
63,0.3,heterogeneous,4.0,SLOT-LFT-LBA,130,2.0,86.0,84.0
63,0.3,heterogeneous,4.0,SLOT-RAND-DEF,132,86.0,128.0,42.0
63,0.3,heterogeneous,4.0,SLOT-RAND-LBA,132,10.0,90.0,80.0
63,0.3,heterogeneous,16.0,POOL-LBA(=yours),134,5.0,92.0,87.0
63,0.3,heterogeneous,16.0,SLOT-G-DEF,134,47.0,113.0,66.0
63,0.3,heterogeneous,16.0,SLOT-G-LBA,134,17.0,81.0,98.0
63,0.3,heterogeneous,16.0,SLOT-LFT-DEF,134,89.0,134.0,45.0
63,0.3,heterogeneous,16.0,SLOT-LFT-LBA,134,3.0,91.0,88.0
63,0.3,heterogeneous,16.0,SLOT-RAND-DEF,133,87.0,133.0,46.0
63,0.3,heterogeneous,16.0,SLOT-RAND-LBA,133,13.0,96.0,83.0
63,0.3,heterogeneous,64.0,POOL-LBA(=yours),130,11.0,93.0,82.0
63,0.3,heterogeneous,64.0,SLOT-G-DEF,130,45.0,110.0,65.0
63,0.3,heterogeneous,64.0,SLOT-G-LBA,130,13.0,81.0,94.0
63,0.3,heterogeneous,64.0,SLOT-LFT-DEF,130,85.0,130.0,45.0
63,0.3,heterogeneous,64.0,SLOT-LFT-LBA,130,5.0,85.0,90.0
63,0.3,heterogeneous,64.0,SLOT-RAND-DEF,131,43.0,109.0,66.0
63,0.3,heterogeneous,64.0,SLOT-RAND-LBA,130,9.0,92.0,83.0
64,0.0,uniform,,POOL-LBA(=yours),100,3.0,67.0,70.0
64,0.0,uniform,,SLOT-G-DEF,100,47.0,92.0,45.0
64,0.0,uniform,,SLOT-G-LBA,100,11.0,74.0,63.0
64,0.0,uniform,,SLOT-LFT-DEF,99,49.0,93.0,44.0
64,0.0,uniform,,SLOT-LFT-LBA,99,9.0,73.0,64.0
64,0.0,uniform,,SLOT-RAND-DEF,101,39.0,88.0,49.0
64,0.0,uniform,,SLOT-RAND-LBA,104,7.0,65.0,72.0
64,0.0,heterogeneous,4.0,POOL-LBA(=yours),100,3.0,67.0,70.0
64,0.0,heterogeneous,4.0,SLOT-G-DEF,100,47.0,92.0,45.0
64,0.0,heterogeneous,4.0,SLOT-G-LBA,100,11.0,74.0,63.0
64,0.0,heterogeneous,4.0,SLOT-LFT-DEF,99,49.0,93.0,44.0
64,0.0,heterogeneous,4.0,SLOT-LFT-LBA,99,9.0,73.0,64.0
64,0.0,heterogeneous,4.0,SLOT-RAND-DEF,100,45.0,91.0,46.0
64,0.0,heterogeneous,4.0,SLOT-RAND-LBA,100,3.0,70.0,67.0
64,0.0,heterogeneous,16.0,POOL-LBA(=yours),100,3.0,67.0,70.0
64,0.0,heterogeneous,16.0,SLOT-G-DEF,100,47.0,92.0,45.0
64,0.0,heterogeneous,16.0,SLOT-G-LBA,100,11.0,74.0,63.0
64,0.0,heterogeneous,16.0,SLOT-LFT-DEF,99,49.0,93.0,44.0
64,0.0,heterogeneous,16.0,SLOT-LFT-LBA,99,9.0,73.0,64.0
64,0.0,heterogeneous,16.0,SLOT-RAND-DEF,103,69.0,103.0,34.0
64,0.0,heterogeneous,16.0,SLOT-RAND-LBA,103,1.0,68.0,69.0
64,0.0,heterogeneous,64.0,POOL-LBA(=yours),100,3.0,67.0,70.0
64,0.0,heterogeneous,64.0,SLOT-G-DEF,100,47.0,92.0,45.0
64,0.0,heterogeneous,64.0,SLOT-G-LBA,100,11.0,74.0,63.0
64,0.0,heterogeneous,64.0,SLOT-LFT-DEF,99,49.0,93.0,44.0
64,0.0,heterogeneous,64.0,SLOT-LFT-LBA,99,9.0,73.0,64.0
64,0.0,heterogeneous,64.0,SLOT-RAND-DEF,100,41.0,89.0,48.0
64,0.0,heterogeneous,64.0,SLOT-RAND-LBA,104,5.0,66.0,71.0
64,0.1,uniform,,POOL-LBA(=yours),114,3.0,77.0,80.0
64,0.1,uniform,,SLOT-G-DEF,114,53.0,105.0,52.0
64,0.1,uniform,,SLOT-G-LBA,114,13.0,85.0,72.0
64,0.1,uniform,,SLOT-LFT-DEF,113,55.0,106.0,51.0
64,0.1,uniform,,SLOT-LFT-LBA,113,11.0,84.0,73.0
64,0.1,uniform,,SLOT-RAND-DEF,118,75.0,116.0,41.0
64,0.1,uniform,,SLOT-RAND-LBA,113,13.0,72.0,85.0
64,0.1,heterogeneous,4.0,POOL-LBA(=yours),112,8.0,79.0,71.0
64,0.1,heterogeneous,4.0,SLOT-G-DEF,112,60.0,105.0,45.0
64,0.1,heterogeneous,4.0,SLOT-G-LBA,112,8.0,79.0,71.0
64,0.1,heterogeneous,4.0,SLOT-LFT-DEF,110,50.0,100.0,50.0
64,0.1,heterogeneous,4.0,SLOT-LFT-LBA,110,12.0,81.0,69.0
64,0.1,heterogeneous,4.0,SLOT-RAND-DEF,109,60.0,105.0,45.0
64,0.1,heterogeneous,4.0,SLOT-RAND-LBA,111,12.0,81.0,69.0
64,0.1,heterogeneous,16.0,POOL-LBA(=yours),111,5.0,73.0,78.0
64,0.1,heterogeneous,16.0,SLOT-G-DEF,111,53.0,102.0,49.0
64,0.1,heterogeneous,16.0,SLOT-G-LBA,111,13.0,82.0,69.0
64,0.1,heterogeneous,16.0,SLOT-LFT-DEF,111,55.0,103.0,48.0
64,0.1,heterogeneous,16.0,SLOT-LFT-LBA,111,11.0,81.0,70.0
64,0.1,heterogeneous,16.0,SLOT-RAND-DEF,111,63.0,107.0,44.0
64,0.1,heterogeneous,16.0,SLOT-RAND-LBA,111,5.0,78.0,73.0
64,0.1,heterogeneous,64.0,POOL-LBA(=yours),110,5.0,73.0,78.0
64,0.1,heterogeneous,64.0,SLOT-G-DEF,110,53.0,102.0,49.0
64,0.1,heterogeneous,64.0,SLOT-G-LBA,110,11.0,81.0,70.0
64,0.1,heterogeneous,64.0,SLOT-LFT-DEF,111,51.0,101.0,50.0
64,0.1,heterogeneous,64.0,SLOT-LFT-LBA,111,15.0,83.0,68.0
64,0.1,heterogeneous,64.0,SLOT-RAND-DEF,112,73.0,112.0,39.0
64,0.1,heterogeneous,64.0,SLOT-RAND-LBA,113,9.0,71.0,80.0
64,0.2,uniform,,POOL-LBA(=yours),119,4.0,80.0,84.0
64,0.2,uniform,,SLOT-G-DEF,119,58.0,111.0,53.0
64,0.2,uniform,,SLOT-G-LBA,119,12.0,88.0,76.0
64,0.2,uniform,,SLOT-LFT-DEF,118,60.0,112.0,52.0
64,0.2,uniform,,SLOT-LFT-LBA,118,10.0,87.0,77.0
64,0.2,uniform,,SLOT-RAND-DEF,122,50.0,107.0,57.0
64,0.2,uniform,,SLOT-RAND-LBA,120,6.0,79.0,85.0
64,0.2,heterogeneous,4.0,POOL-LBA(=yours),117,5.0,85.0,80.0
64,0.2,heterogeneous,4.0,SLOT-G-DEF,117,49.0,107.0,58.0
64,0.2,heterogeneous,4.0,SLOT-G-LBA,117,13.0,76.0,89.0
64,0.2,heterogeneous,4.0,SLOT-LFT-DEF,116,51.0,108.0,57.0
64,0.2,heterogeneous,4.0,SLOT-LFT-LBA,116,11.0,88.0,77.0
64,0.2,heterogeneous,4.0,SLOT-RAND-DEF,124,83.0,124.0,41.0
64,0.2,heterogeneous,4.0,SLOT-RAND-LBA,116,3.0,84.0,81.0
64,0.2,heterogeneous,16.0,POOL-LBA(=yours),123,2.0,84.0,82.0
64,0.2,heterogeneous,16.0,SLOT-G-DEF,123,72.0,119.0,47.0
64,0.2,heterogeneous,16.0,SLOT-G-LBA,123,0.0,83.0,83.0
64,0.2,heterogeneous,16.0,SLOT-LFT-DEF,121,76.0,121.0,45.0
64,0.2,heterogeneous,16.0,SLOT-LFT-LBA,121,6.0,80.0,86.0
64,0.2,heterogeneous,16.0,SLOT-RAND-DEF,122,74.0,120.0,46.0
64,0.2,heterogeneous,16.0,SLOT-RAND-LBA,124,2.0,84.0,82.0
64,0.2,heterogeneous,64.0,POOL-LBA(=yours),121,2.0,81.0,83.0
64,0.2,heterogeneous,64.0,SLOT-G-DEF,121,74.0,119.0,45.0
64,0.2,heterogeneous,64.0,SLOT-G-LBA,121,2.0,81.0,83.0
64,0.2,heterogeneous,64.0,SLOT-LFT-DEF,120,76.0,120.0,44.0
64,0.2,heterogeneous,64.0,SLOT-LFT-LBA,120,6.0,79.0,85.0
64,0.2,heterogeneous,64.0,SLOT-RAND-DEF,121,66.0,115.0,49.0
64,0.2,heterogeneous,64.0,SLOT-RAND-LBA,123,4.0,84.0,80.0
64,0.3,uniform,,POOL-LBA(=yours),128,6.0,90.0,84.0
64,0.3,uniform,,SLOT-G-DEF,128,60.0,117.0,57.0
64,0.3,uniform,,SLOT-G-LBA,128,14.0,94.0,80.0
64,0.3,uniform,,SLOT-LFT-DEF,127,62.0,118.0,56.0
64,0.3,uniform,,SLOT-LFT-LBA,127,12.0,93.0,81.0
64,0.3,uniform,,SLOT-RAND-DEF,127,54.0,114.0,60.0
64,0.3,uniform,,SLOT-RAND-LBA,128,2.0,88.0,86.0
64,0.3,heterogeneous,4.0,POOL-LBA(=yours),134,4.0,95.0,91.0
64,0.3,heterogeneous,4.0,SLOT-G-DEF,134,76.0,131.0,55.0
64,0.3,heterogeneous,4.0,SLOT-G-LBA,134,4.0,95.0,91.0
64,0.3,heterogeneous,4.0,SLOT-LFT-DEF,135,78.0,132.0,54.0
64,0.3,heterogeneous,4.0,SLOT-LFT-LBA,135,6.0,96.0,90.0
64,0.3,heterogeneous,4.0,SLOT-RAND-DEF,142,82.0,134.0,52.0
64,0.3,heterogeneous,4.0,SLOT-RAND-LBA,140,8.0,97.0,89.0
64,0.3,heterogeneous,16.0,POOL-LBA(=yours),125,4.0,87.0,83.0
64,0.3,heterogeneous,16.0,SLOT-G-DEF,125,60.0,115.0,55.0
64,0.3,heterogeneous,16.0,SLOT-G-LBA,125,16.0,93.0,77.0
64,0.3,heterogeneous,16.0,SLOT-LFT-DEF,124,62.0,116.0,54.0
64,0.3,heterogeneous,16.0,SLOT-LFT-LBA,124,12.0,91.0,79.0
64,0.3,heterogeneous,16.0,SLOT-RAND-DEF,129,68.0,119.0,51.0
64,0.3,heterogeneous,16.0,SLOT-RAND-LBA,126,2.0,86.0,84.0
64,0.3,heterogeneous,64.0,POOL-LBA(=yours),131,9.0,93.0,84.0
64,0.3,heterogeneous,64.0,SLOT-G-DEF,131,59.0,118.0,59.0
64,0.3,heterogeneous,64.0,SLOT-G-LBA,131,17.0,97.0,80.0
64,0.3,heterogeneous,64.0,SLOT-LFT-DEF,129,63.0,120.0,57.0
64,0.3,heterogeneous,64.0,SLOT-LFT-LBA,129,11.0,94.0,83.0
64,0.3,heterogeneous,64.0,SLOT-RAND-DEF,133,81.0,129.0,48.0
64,0.3,heterogeneous,64.0,SLOT-RAND-LBA,133,3.0,90.0,87.0
65,0.0,uniform,,POOL-LBA(=yours),108,3.0,72.0,69.0
65,0.0,uniform,,SLOT-G-DEF,108,65.0,103.0,38.0
65,0.0,uniform,,SLOT-G-LBA,108,3.0,72.0,69.0
65,0.0,uniform,,SLOT-LFT-DEF,108,69.0,105.0,36.0
65,0.0,uniform,,SLOT-LFT-LBA,108,1.0,70.0,71.0
65,0.0,uniform,,SLOT-RAND-DEF,107,67.0,104.0,37.0
65,0.0,uniform,,SLOT-RAND-LBA,106,5.0,68.0,73.0
65,0.0,heterogeneous,4.0,POOL-LBA(=yours),108,3.0,72.0,69.0
65,0.0,heterogeneous,4.0,SLOT-G-DEF,108,65.0,103.0,38.0
65,0.0,heterogeneous,4.0,SLOT-G-LBA,108,3.0,72.0,69.0
65,0.0,heterogeneous,4.0,SLOT-LFT-DEF,108,69.0,105.0,36.0
65,0.0,heterogeneous,4.0,SLOT-LFT-LBA,108,1.0,70.0,71.0
65,0.0,heterogeneous,4.0,SLOT-RAND-DEF,113,85.0,113.0,28.0
65,0.0,heterogeneous,4.0,SLOT-RAND-LBA,113,5.0,68.0,73.0
65,0.0,heterogeneous,16.0,POOL-LBA(=yours),108,3.0,72.0,69.0
65,0.0,heterogeneous,16.0,SLOT-G-DEF,108,65.0,103.0,38.0
65,0.0,heterogeneous,16.0,SLOT-G-LBA,108,3.0,72.0,69.0
65,0.0,heterogeneous,16.0,SLOT-LFT-DEF,108,69.0,105.0,36.0
65,0.0,heterogeneous,16.0,SLOT-LFT-LBA,108,1.0,70.0,71.0
65,0.0,heterogeneous,16.0,SLOT-RAND-DEF,108,59.0,100.0,41.0
65,0.0,heterogeneous,16.0,SLOT-RAND-LBA,106,3.0,69.0,72.0
65,0.0,heterogeneous,64.0,POOL-LBA(=yours),108,3.0,72.0,69.0
65,0.0,heterogeneous,64.0,SLOT-G-DEF,108,65.0,103.0,38.0
65,0.0,heterogeneous,64.0,SLOT-G-LBA,108,3.0,72.0,69.0
65,0.0,heterogeneous,64.0,SLOT-LFT-DEF,108,69.0,105.0,36.0
65,0.0,heterogeneous,64.0,SLOT-LFT-LBA,108,1.0,70.0,71.0
65,0.0,heterogeneous,64.0,SLOT-RAND-DEF,106,69.0,105.0,36.0
65,0.0,heterogeneous,64.0,SLOT-RAND-LBA,114,1.0,70.0,71.0
65,0.1,uniform,,POOL-LBA(=yours),123,3.0,82.0,79.0
65,0.1,uniform,,SLOT-G-DEF,123,73.0,117.0,44.0
65,0.1,uniform,,SLOT-G-LBA,123,3.0,82.0,79.0
65,0.1,uniform,,SLOT-LFT-DEF,123,79.0,120.0,41.0
65,0.1,uniform,,SLOT-LFT-LBA,123,1.0,80.0,81.0
65,0.1,uniform,,SLOT-RAND-DEF,121,73.0,117.0,44.0
65,0.1,uniform,,SLOT-RAND-LBA,127,5.0,83.0,78.0
65,0.1,heterogeneous,4.0,POOL-LBA(=yours),116,5.0,78.0,73.0
65,0.1,heterogeneous,4.0,SLOT-G-DEF,116,65.0,108.0,43.0
65,0.1,heterogeneous,4.0,SLOT-G-LBA,116,5.0,78.0,73.0
65,0.1,heterogeneous,4.0,SLOT-LFT-DEF,116,77.0,114.0,37.0
65,0.1,heterogeneous,4.0,SLOT-LFT-LBA,116,3.0,74.0,77.0
65,0.1,heterogeneous,4.0,SLOT-RAND-DEF,113,71.0,111.0,40.0
65,0.1,heterogeneous,4.0,SLOT-RAND-LBA,120,7.0,72.0,79.0
65,0.1,heterogeneous,16.0,POOL-LBA(=yours),115,1.0,75.0,76.0
65,0.1,heterogeneous,16.0,SLOT-G-DEF,115,63.0,107.0,44.0
65,0.1,heterogeneous,16.0,SLOT-G-LBA,115,1.0,75.0,76.0
65,0.1,heterogeneous,16.0,SLOT-LFT-DEF,114,75.0,113.0,38.0
65,0.1,heterogeneous,16.0,SLOT-LFT-LBA,114,1.0,75.0,76.0
65,0.1,heterogeneous,16.0,SLOT-RAND-DEF,119,81.0,116.0,35.0
65,0.1,heterogeneous,16.0,SLOT-RAND-LBA,113,3.0,74.0,77.0
65,0.1,heterogeneous,64.0,POOL-LBA(=yours),119,4.0,79.0,75.0
65,0.1,heterogeneous,64.0,SLOT-G-DEF,119,72.0,113.0,41.0
65,0.1,heterogeneous,64.0,SLOT-G-LBA,119,4.0,79.0,75.0
65,0.1,heterogeneous,64.0,SLOT-LFT-DEF,119,84.0,119.0,35.0
65,0.1,heterogeneous,64.0,SLOT-LFT-LBA,119,6.0,74.0,80.0
65,0.1,heterogeneous,64.0,SLOT-RAND-DEF,119,84.0,119.0,35.0
65,0.1,heterogeneous,64.0,SLOT-RAND-LBA,125,4.0,79.0,75.0
65,0.2,uniform,,POOL-LBA(=yours),129,2.0,83.0,85.0
65,0.2,uniform,,SLOT-G-DEF,129,78.0,123.0,45.0
65,0.2,uniform,,SLOT-G-LBA,129,2.0,85.0,83.0
65,0.2,uniform,,SLOT-LFT-DEF,129,82.0,125.0,43.0
65,0.2,uniform,,SLOT-LFT-LBA,129,2.0,85.0,83.0
65,0.2,uniform,,SLOT-RAND-DEF,128,84.0,126.0,42.0
65,0.2,uniform,,SLOT-RAND-LBA,129,2.0,83.0,85.0
65,0.2,heterogeneous,4.0,POOL-LBA(=yours),140,9.0,95.0,86.0
65,0.2,heterogeneous,4.0,SLOT-G-DEF,140,99.0,140.0,41.0
65,0.2,heterogeneous,4.0,SLOT-G-LBA,140,9.0,95.0,86.0
65,0.2,heterogeneous,4.0,SLOT-LFT-DEF,136,87.0,134.0,47.0
65,0.2,heterogeneous,4.0,SLOT-LFT-LBA,136,7.0,94.0,87.0
65,0.2,heterogeneous,4.0,SLOT-RAND-DEF,136,73.0,127.0,54.0
65,0.2,heterogeneous,4.0,SLOT-RAND-LBA,137,9.0,95.0,86.0
65,0.2,heterogeneous,16.0,POOL-LBA(=yours),127,2.0,82.0,84.0
65,0.2,heterogeneous,16.0,SLOT-G-DEF,127,74.0,120.0,46.0
65,0.2,heterogeneous,16.0,SLOT-G-LBA,127,2.0,82.0,84.0
65,0.2,heterogeneous,16.0,SLOT-LFT-DEF,128,80.0,123.0,43.0
65,0.2,heterogeneous,16.0,SLOT-LFT-LBA,128,4.0,85.0,81.0
65,0.2,heterogeneous,16.0,SLOT-RAND-DEF,125,84.0,125.0,41.0
65,0.2,heterogeneous,16.0,SLOT-RAND-LBA,128,6.0,86.0,80.0
65,0.2,heterogeneous,64.0,POOL-LBA(=yours),129,3.0,85.0,82.0
65,0.2,heterogeneous,64.0,SLOT-G-DEF,129,79.0,123.0,44.0
65,0.2,heterogeneous,64.0,SLOT-G-LBA,129,5.0,86.0,81.0
65,0.2,heterogeneous,64.0,SLOT-LFT-DEF,129,83.0,125.0,42.0
65,0.2,heterogeneous,64.0,SLOT-LFT-LBA,129,1.0,83.0,84.0
65,0.2,heterogeneous,64.0,SLOT-RAND-DEF,130,85.0,126.0,41.0
65,0.2,heterogeneous,64.0,SLOT-RAND-LBA,133,7.0,87.0,80.0
65,0.3,uniform,,POOL-LBA(=yours),139,4.0,89.0,93.0
65,0.3,uniform,,SLOT-G-DEF,139,84.0,133.0,49.0
65,0.3,uniform,,SLOT-G-LBA,139,4.0,93.0,89.0
65,0.3,uniform,,SLOT-LFT-DEF,139,90.0,136.0,46.0
65,0.3,uniform,,SLOT-LFT-LBA,139,4.0,93.0,89.0
65,0.3,uniform,,SLOT-RAND-DEF,137,82.0,132.0,50.0
65,0.3,uniform,,SLOT-RAND-LBA,137,2.0,90.0,92.0
65,0.3,heterogeneous,4.0,POOL-LBA(=yours),140,8.0,99.0,91.0
65,0.3,heterogeneous,4.0,SLOT-G-DEF,140,90.0,140.0,50.0
65,0.3,heterogeneous,4.0,SLOT-G-LBA,140,8.0,99.0,91.0
65,0.3,heterogeneous,4.0,SLOT-LFT-DEF,140,88.0,139.0,51.0
65,0.3,heterogeneous,4.0,SLOT-LFT-LBA,140,6.0,92.0,98.0
65,0.3,heterogeneous,4.0,SLOT-RAND-DEF,149,90.0,140.0,50.0
65,0.3,heterogeneous,4.0,SLOT-RAND-LBA,141,4.0,93.0,97.0
65,0.3,heterogeneous,16.0,POOL-LBA(=yours),146,4.0,97.0,93.0
65,0.3,heterogeneous,16.0,SLOT-G-DEF,146,90.0,140.0,50.0
65,0.3,heterogeneous,16.0,SLOT-G-LBA,146,2.0,96.0,94.0
65,0.3,heterogeneous,16.0,SLOT-LFT-DEF,146,92.0,141.0,49.0
65,0.3,heterogeneous,16.0,SLOT-LFT-LBA,146,0.0,95.0,95.0
65,0.3,heterogeneous,16.0,SLOT-RAND-DEF,151,100.0,145.0,45.0
65,0.3,heterogeneous,16.0,SLOT-RAND-LBA,142,4.0,93.0,97.0
65,0.3,heterogeneous,64.0,POOL-LBA(=yours),140,1.0,91.0,92.0
65,0.3,heterogeneous,64.0,SLOT-G-DEF,140,87.0,135.0,48.0
65,0.3,heterogeneous,64.0,SLOT-G-LBA,140,7.0,95.0,88.0
65,0.3,heterogeneous,64.0,SLOT-LFT-DEF,140,89.0,136.0,47.0
65,0.3,heterogeneous,64.0,SLOT-LFT-LBA,140,1.0,91.0,92.0
65,0.3,heterogeneous,64.0,SLOT-RAND-DEF,139,85.0,134.0,49.0
65,0.3,heterogeneous,64.0,SLOT-RAND-LBA,141,1.0,91.0,92.0
66,0.0,uniform,,POOL-LBA(=yours),110,5.0,73.0,68.0
66,0.0,uniform,,SLOT-G-DEF,110,77.0,109.0,32.0
66,0.0,uniform,,SLOT-G-LBA,110,1.0,70.0,71.0
66,0.0,uniform,,SLOT-LFT-DEF,110,77.0,109.0,32.0
66,0.0,uniform,,SLOT-LFT-LBA,110,1.0,71.0,70.0
66,0.0,uniform,,SLOT-RAND-DEF,109,75.0,108.0,33.0
66,0.0,uniform,,SLOT-RAND-LBA,111,1.0,71.0,70.0
66,0.0,heterogeneous,4.0,POOL-LBA(=yours),110,5.0,73.0,68.0
66,0.0,heterogeneous,4.0,SLOT-G-DEF,110,77.0,109.0,32.0
66,0.0,heterogeneous,4.0,SLOT-G-LBA,110,1.0,70.0,71.0
66,0.0,heterogeneous,4.0,SLOT-LFT-DEF,110,77.0,109.0,32.0
66,0.0,heterogeneous,4.0,SLOT-LFT-LBA,110,1.0,71.0,70.0
66,0.0,heterogeneous,4.0,SLOT-RAND-DEF,109,67.0,104.0,37.0
66,0.0,heterogeneous,4.0,SLOT-RAND-LBA,110,5.0,68.0,73.0
66,0.0,heterogeneous,16.0,POOL-LBA(=yours),110,5.0,73.0,68.0
66,0.0,heterogeneous,16.0,SLOT-G-DEF,110,77.0,109.0,32.0
66,0.0,heterogeneous,16.0,SLOT-G-LBA,110,1.0,70.0,71.0
66,0.0,heterogeneous,16.0,SLOT-LFT-DEF,110,77.0,109.0,32.0
66,0.0,heterogeneous,16.0,SLOT-LFT-LBA,110,1.0,71.0,70.0
66,0.0,heterogeneous,16.0,SLOT-RAND-DEF,114,87.0,114.0,27.0
66,0.0,heterogeneous,16.0,SLOT-RAND-LBA,110,1.0,71.0,70.0
66,0.0,heterogeneous,64.0,POOL-LBA(=yours),110,5.0,73.0,68.0
66,0.0,heterogeneous,64.0,SLOT-G-DEF,110,77.0,109.0,32.0
66,0.0,heterogeneous,64.0,SLOT-G-LBA,110,1.0,70.0,71.0
66,0.0,heterogeneous,64.0,SLOT-LFT-DEF,110,77.0,109.0,32.0
66,0.0,heterogeneous,64.0,SLOT-LFT-LBA,110,1.0,71.0,70.0
66,0.0,heterogeneous,64.0,SLOT-RAND-DEF,107,73.0,107.0,34.0
66,0.0,heterogeneous,64.0,SLOT-RAND-LBA,111,1.0,71.0,70.0
66,0.1,uniform,,POOL-LBA(=yours),125,7.0,84.0,77.0
66,0.1,uniform,,SLOT-G-DEF,125,87.0,124.0,37.0
66,0.1,uniform,,SLOT-G-LBA,125,1.0,80.0,81.0
66,0.1,uniform,,SLOT-LFT-DEF,125,87.0,124.0,37.0
66,0.1,uniform,,SLOT-LFT-LBA,125,1.0,81.0,80.0
66,0.1,uniform,,SLOT-RAND-DEF,126,83.0,122.0,39.0
66,0.1,uniform,,SLOT-RAND-LBA,126,1.0,81.0,80.0
66,0.1,heterogeneous,4.0,POOL-LBA(=yours),120,3.0,76.0,79.0
66,0.1,heterogeneous,4.0,SLOT-G-DEF,120,85.0,120.0,35.0
66,0.1,heterogeneous,4.0,SLOT-G-LBA,120,3.0,79.0,76.0
66,0.1,heterogeneous,4.0,SLOT-LFT-DEF,120,79.0,117.0,38.0
66,0.1,heterogeneous,4.0,SLOT-LFT-LBA,120,1.0,78.0,77.0
66,0.1,heterogeneous,4.0,SLOT-RAND-DEF,120,71.0,113.0,42.0
66,0.1,heterogeneous,4.0,SLOT-RAND-LBA,123,1.0,78.0,77.0
66,0.1,heterogeneous,16.0,POOL-LBA(=yours),119,5.0,73.0,78.0
66,0.1,heterogeneous,16.0,SLOT-G-DEF,119,81.0,116.0,35.0
66,0.1,heterogeneous,16.0,SLOT-G-LBA,119,1.0,76.0,75.0
66,0.1,heterogeneous,16.0,SLOT-LFT-DEF,120,79.0,115.0,36.0
66,0.1,heterogeneous,16.0,SLOT-LFT-LBA,120,1.0,76.0,75.0
66,0.1,heterogeneous,16.0,SLOT-RAND-DEF,120,75.0,113.0,38.0
66,0.1,heterogeneous,16.0,SLOT-RAND-LBA,120,3.0,77.0,74.0
66,0.1,heterogeneous,64.0,POOL-LBA(=yours),122,7.0,81.0,74.0
66,0.1,heterogeneous,64.0,SLOT-G-DEF,122,87.0,121.0,34.0
66,0.1,heterogeneous,64.0,SLOT-G-LBA,122,1.0,77.0,78.0
66,0.1,heterogeneous,64.0,SLOT-LFT-DEF,122,87.0,121.0,34.0
66,0.1,heterogeneous,64.0,SLOT-LFT-LBA,122,1.0,78.0,77.0
66,0.1,heterogeneous,64.0,SLOT-RAND-DEF,120,79.0,117.0,38.0
66,0.1,heterogeneous,64.0,SLOT-RAND-LBA,119,5.0,80.0,75.0
66,0.2,uniform,,POOL-LBA(=yours),132,5.0,87.0,82.0
66,0.2,uniform,,SLOT-G-DEF,132,91.0,130.0,39.0
66,0.2,uniform,,SLOT-G-LBA,132,1.0,84.0,85.0
66,0.2,uniform,,SLOT-LFT-DEF,132,91.0,130.0,39.0
66,0.2,uniform,,SLOT-LFT-LBA,132,1.0,85.0,84.0
66,0.2,uniform,,SLOT-RAND-DEF,131,93.0,131.0,38.0
66,0.2,uniform,,SLOT-RAND-LBA,132,1.0,85.0,84.0
66,0.2,heterogeneous,4.0,POOL-LBA(=yours),131,1.0,82.0,83.0
66,0.2,heterogeneous,4.0,SLOT-G-DEF,131,97.0,131.0,34.0
66,0.2,heterogeneous,4.0,SLOT-G-LBA,131,1.0,83.0,82.0
66,0.2,heterogeneous,4.0,SLOT-LFT-DEF,129,85.0,125.0,40.0
66,0.2,heterogeneous,4.0,SLOT-LFT-LBA,129,1.0,83.0,82.0
66,0.2,heterogeneous,4.0,SLOT-RAND-DEF,131,89.0,127.0,38.0
66,0.2,heterogeneous,4.0,SLOT-RAND-LBA,130,3.0,84.0,81.0
66,0.2,heterogeneous,16.0,POOL-LBA(=yours),132,7.0,82.0,89.0
66,0.2,heterogeneous,16.0,SLOT-G-DEF,132,93.0,132.0,39.0
66,0.2,heterogeneous,16.0,SLOT-G-LBA,132,3.0,84.0,87.0
66,0.2,heterogeneous,16.0,SLOT-LFT-DEF,134,85.0,128.0,43.0
66,0.2,heterogeneous,16.0,SLOT-LFT-LBA,134,3.0,87.0,84.0
66,0.2,heterogeneous,16.0,SLOT-RAND-DEF,133,95.0,133.0,38.0
66,0.2,heterogeneous,16.0,SLOT-RAND-LBA,139,3.0,87.0,84.0
66,0.2,heterogeneous,64.0,POOL-LBA(=yours),131,6.0,81.0,87.0
66,0.2,heterogeneous,64.0,SLOT-G-DEF,131,90.0,129.0,39.0
66,0.2,heterogeneous,64.0,SLOT-G-LBA,131,2.0,83.0,85.0
66,0.2,heterogeneous,64.0,SLOT-LFT-DEF,131,90.0,129.0,39.0
66,0.2,heterogeneous,64.0,SLOT-LFT-LBA,131,2.0,85.0,83.0
66,0.2,heterogeneous,64.0,SLOT-RAND-DEF,130,82.0,125.0,43.0
66,0.2,heterogeneous,64.0,SLOT-RAND-LBA,132,0.0,84.0,84.0
66,0.3,uniform,,POOL-LBA(=yours),142,5.0,88.0,93.0
66,0.3,uniform,,SLOT-G-DEF,142,101.0,141.0,40.0
66,0.3,uniform,,SLOT-G-LBA,142,3.0,89.0,92.0
66,0.3,uniform,,SLOT-LFT-DEF,143,105.0,143.0,38.0
66,0.3,uniform,,SLOT-LFT-LBA,143,3.0,89.0,92.0
66,0.3,uniform,,SLOT-RAND-DEF,143,95.0,138.0,43.0
66,0.3,uniform,,SLOT-RAND-LBA,140,5.0,88.0,93.0
66,0.3,heterogeneous,4.0,POOL-LBA(=yours),144,11.0,99.0,88.0
66,0.3,heterogeneous,4.0,SLOT-G-DEF,144,97.0,142.0,45.0
66,0.3,heterogeneous,4.0,SLOT-G-LBA,144,9.0,89.0,98.0
66,0.3,heterogeneous,4.0,SLOT-LFT-DEF,147,79.0,133.0,54.0
66,0.3,heterogeneous,4.0,SLOT-LFT-LBA,147,11.0,88.0,99.0
66,0.3,heterogeneous,4.0,SLOT-RAND-DEF,147,95.0,141.0,46.0
66,0.3,heterogeneous,4.0,SLOT-RAND-LBA,148,5.0,91.0,96.0
66,0.3,heterogeneous,16.0,POOL-LBA(=yours),143,6.0,89.0,95.0
66,0.3,heterogeneous,16.0,SLOT-G-DEF,143,100.0,142.0,42.0
66,0.3,heterogeneous,16.0,SLOT-G-LBA,143,2.0,93.0,91.0
66,0.3,heterogeneous,16.0,SLOT-LFT-DEF,145,106.0,145.0,39.0
66,0.3,heterogeneous,16.0,SLOT-LFT-LBA,145,2.0,91.0,93.0
66,0.3,heterogeneous,16.0,SLOT-RAND-DEF,143,100.0,142.0,42.0
66,0.3,heterogeneous,16.0,SLOT-RAND-LBA,140,4.0,90.0,94.0
66,0.3,heterogeneous,64.0,POOL-LBA(=yours),142,6.0,94.0,88.0
66,0.3,heterogeneous,64.0,SLOT-G-DEF,142,102.0,142.0,40.0
66,0.3,heterogeneous,64.0,SLOT-G-LBA,142,6.0,88.0,94.0
66,0.3,heterogeneous,64.0,SLOT-LFT-DEF,142,86.0,134.0,48.0
66,0.3,heterogeneous,64.0,SLOT-LFT-LBA,142,2.0,92.0,90.0
66,0.3,heterogeneous,64.0,SLOT-RAND-DEF,143,96.0,139.0,43.0
66,0.3,heterogeneous,64.0,SLOT-RAND-LBA,144,0.0,91.0,91.0
67,0.0,uniform,,POOL-LBA(=yours),115,6.0,74.0,68.0
67,0.0,uniform,,SLOT-G-DEF,115,88.0,115.0,27.0
67,0.0,uniform,,SLOT-G-LBA,115,6.0,74.0,68.0
67,0.0,uniform,,SLOT-LFT-DEF,109,74.0,108.0,34.0
67,0.0,uniform,,SLOT-LFT-LBA,109,2.0,72.0,70.0
67,0.0,uniform,,SLOT-RAND-DEF,113,84.0,113.0,29.0
67,0.0,uniform,,SLOT-RAND-LBA,109,6.0,74.0,68.0
67,0.0,heterogeneous,4.0,POOL-LBA(=yours),115,6.0,74.0,68.0
67,0.0,heterogeneous,4.0,SLOT-G-DEF,115,88.0,115.0,27.0
67,0.0,heterogeneous,4.0,SLOT-G-LBA,115,6.0,74.0,68.0
67,0.0,heterogeneous,4.0,SLOT-LFT-DEF,109,74.0,108.0,34.0
67,0.0,heterogeneous,4.0,SLOT-LFT-LBA,109,2.0,72.0,70.0
67,0.0,heterogeneous,4.0,SLOT-RAND-DEF,109,74.0,108.0,34.0
67,0.0,heterogeneous,4.0,SLOT-RAND-LBA,110,6.0,74.0,68.0
67,0.0,heterogeneous,16.0,POOL-LBA(=yours),115,6.0,74.0,68.0
67,0.0,heterogeneous,16.0,SLOT-G-DEF,115,88.0,115.0,27.0
67,0.0,heterogeneous,16.0,SLOT-G-LBA,115,6.0,74.0,68.0
67,0.0,heterogeneous,16.0,SLOT-LFT-DEF,109,74.0,108.0,34.0
67,0.0,heterogeneous,16.0,SLOT-LFT-LBA,109,2.0,72.0,70.0
67,0.0,heterogeneous,16.0,SLOT-RAND-DEF,111,60.0,101.0,41.0
67,0.0,heterogeneous,16.0,SLOT-RAND-LBA,114,6.0,74.0,68.0
67,0.0,heterogeneous,64.0,POOL-LBA(=yours),115,6.0,74.0,68.0
67,0.0,heterogeneous,64.0,SLOT-G-DEF,115,88.0,115.0,27.0
67,0.0,heterogeneous,64.0,SLOT-G-LBA,115,6.0,74.0,68.0
67,0.0,heterogeneous,64.0,SLOT-LFT-DEF,109,74.0,108.0,34.0
67,0.0,heterogeneous,64.0,SLOT-LFT-LBA,109,2.0,72.0,70.0
67,0.0,heterogeneous,64.0,SLOT-RAND-DEF,112,82.0,112.0,30.0
67,0.0,heterogeneous,64.0,SLOT-RAND-LBA,112,4.0,73.0,69.0
67,0.1,uniform,,POOL-LBA(=yours),131,6.0,78.0,84.0
67,0.1,uniform,,SLOT-G-DEF,131,100.0,131.0,31.0
67,0.1,uniform,,SLOT-G-LBA,131,6.0,78.0,84.0
67,0.1,uniform,,SLOT-LFT-DEF,124,84.0,123.0,39.0
67,0.1,uniform,,SLOT-LFT-LBA,124,2.0,82.0,80.0
67,0.1,uniform,,SLOT-RAND-DEF,124,86.0,124.0,38.0
67,0.1,uniform,,SLOT-RAND-LBA,124,6.0,78.0,84.0
67,0.1,heterogeneous,4.0,POOL-LBA(=yours),122,3.0,78.0,75.0
67,0.1,heterogeneous,4.0,SLOT-G-DEF,122,65.0,109.0,44.0
67,0.1,heterogeneous,4.0,SLOT-G-LBA,122,5.0,79.0,74.0
67,0.1,heterogeneous,4.0,SLOT-LFT-DEF,117,67.0,110.0,43.0
67,0.1,heterogeneous,4.0,SLOT-LFT-LBA,117,3.0,78.0,75.0
67,0.1,heterogeneous,4.0,SLOT-RAND-DEF,117,65.0,109.0,44.0
67,0.1,heterogeneous,4.0,SLOT-RAND-LBA,119,1.0,76.0,77.0
67,0.1,heterogeneous,16.0,POOL-LBA(=yours),122,5.0,73.0,78.0
67,0.1,heterogeneous,16.0,SLOT-G-DEF,122,93.0,122.0,29.0
67,0.1,heterogeneous,16.0,SLOT-G-LBA,122,5.0,73.0,78.0
67,0.1,heterogeneous,16.0,SLOT-LFT-DEF,117,79.0,115.0,36.0
67,0.1,heterogeneous,16.0,SLOT-LFT-LBA,117,5.0,78.0,73.0
67,0.1,heterogeneous,16.0,SLOT-RAND-DEF,122,71.0,111.0,40.0
67,0.1,heterogeneous,16.0,SLOT-RAND-LBA,122,5.0,78.0,73.0
67,0.1,heterogeneous,64.0,POOL-LBA(=yours),130,7.0,84.0,77.0
67,0.1,heterogeneous,64.0,SLOT-G-DEF,130,99.0,130.0,31.0
67,0.1,heterogeneous,64.0,SLOT-G-LBA,130,7.0,84.0,77.0
67,0.1,heterogeneous,64.0,SLOT-LFT-DEF,123,83.0,122.0,39.0
67,0.1,heterogeneous,64.0,SLOT-LFT-LBA,123,1.0,80.0,81.0
67,0.1,heterogeneous,64.0,SLOT-RAND-DEF,125,89.0,125.0,36.0
67,0.1,heterogeneous,64.0,SLOT-RAND-LBA,127,5.0,78.0,83.0
67,0.2,uniform,,POOL-LBA(=yours),138,7.0,89.0,82.0
67,0.2,uniform,,SLOT-G-DEF,138,105.0,138.0,33.0
67,0.2,uniform,,SLOT-G-LBA,138,7.0,89.0,82.0
67,0.2,uniform,,SLOT-LFT-DEF,131,89.0,130.0,41.0
67,0.2,uniform,,SLOT-LFT-LBA,131,3.0,87.0,84.0
67,0.2,uniform,,SLOT-RAND-DEF,131,91.0,131.0,40.0
67,0.2,uniform,,SLOT-RAND-LBA,132,3.0,84.0,87.0
67,0.2,heterogeneous,4.0,POOL-LBA(=yours),136,2.0,83.0,85.0
67,0.2,heterogeneous,4.0,SLOT-G-DEF,136,104.0,136.0,32.0
67,0.2,heterogeneous,4.0,SLOT-G-LBA,136,4.0,82.0,86.0
67,0.2,heterogeneous,4.0,SLOT-LFT-DEF,128,88.0,128.0,40.0
67,0.2,heterogeneous,4.0,SLOT-LFT-LBA,128,6.0,87.0,81.0
67,0.2,heterogeneous,4.0,SLOT-RAND-DEF,136,84.0,126.0,42.0
67,0.2,heterogeneous,4.0,SLOT-RAND-LBA,133,6.0,87.0,81.0
67,0.2,heterogeneous,16.0,POOL-LBA(=yours),135,6.0,81.0,87.0
67,0.2,heterogeneous,16.0,SLOT-G-DEF,135,102.0,135.0,33.0
67,0.2,heterogeneous,16.0,SLOT-G-LBA,135,6.0,81.0,87.0
67,0.2,heterogeneous,16.0,SLOT-LFT-DEF,129,86.0,127.0,41.0
67,0.2,heterogeneous,16.0,SLOT-LFT-LBA,129,2.0,85.0,83.0
67,0.2,heterogeneous,16.0,SLOT-RAND-DEF,129,76.0,122.0,46.0
67,0.2,heterogeneous,16.0,SLOT-RAND-LBA,130,4.0,82.0,86.0
67,0.2,heterogeneous,64.0,POOL-LBA(=yours),140,7.0,90.0,83.0
67,0.2,heterogeneous,64.0,SLOT-G-DEF,140,107.0,140.0,33.0
67,0.2,heterogeneous,64.0,SLOT-G-LBA,140,5.0,89.0,84.0
67,0.2,heterogeneous,64.0,SLOT-LFT-DEF,133,89.0,131.0,42.0
67,0.2,heterogeneous,64.0,SLOT-LFT-LBA,133,5.0,89.0,84.0
67,0.2,heterogeneous,64.0,SLOT-RAND-DEF,132,83.0,128.0,45.0
67,0.2,heterogeneous,64.0,SLOT-RAND-LBA,139,7.0,90.0,83.0
67,0.3,uniform,,POOL-LBA(=yours),147,8.0,95.0,87.0
67,0.3,uniform,,SLOT-G-DEF,147,94.0,138.0,44.0
67,0.3,uniform,,SLOT-G-LBA,147,8.0,95.0,87.0
67,0.3,uniform,,SLOT-LFT-DEF,140,96.0,139.0,43.0
67,0.3,uniform,,SLOT-LFT-LBA,140,2.0,90.0,92.0
67,0.3,uniform,,SLOT-RAND-DEF,145,98.0,140.0,42.0
67,0.3,uniform,,SLOT-RAND-LBA,145,8.0,95.0,87.0
67,0.3,heterogeneous,4.0,POOL-LBA(=yours),146,3.0,94.0,91.0
67,0.3,heterogeneous,4.0,SLOT-G-DEF,146,93.0,139.0,46.0
67,0.3,heterogeneous,4.0,SLOT-G-LBA,146,3.0,94.0,91.0
67,0.3,heterogeneous,4.0,SLOT-LFT-DEF,139,93.0,139.0,46.0
67,0.3,heterogeneous,4.0,SLOT-LFT-LBA,139,3.0,94.0,91.0
67,0.3,heterogeneous,4.0,SLOT-RAND-DEF,142,99.0,142.0,43.0
67,0.3,heterogeneous,4.0,SLOT-RAND-LBA,139,7.0,96.0,89.0
67,0.3,heterogeneous,16.0,POOL-LBA(=yours),149,7.0,97.0,90.0
67,0.3,heterogeneous,16.0,SLOT-G-DEF,149,111.0,149.0,38.0
67,0.3,heterogeneous,16.0,SLOT-G-LBA,149,7.0,90.0,97.0
67,0.3,heterogeneous,16.0,SLOT-LFT-DEF,140,93.0,140.0,47.0
67,0.3,heterogeneous,16.0,SLOT-LFT-LBA,140,3.0,95.0,92.0
67,0.3,heterogeneous,16.0,SLOT-RAND-DEF,140,83.0,135.0,52.0
67,0.3,heterogeneous,16.0,SLOT-RAND-LBA,141,7.0,97.0,90.0
67,0.3,heterogeneous,64.0,POOL-LBA(=yours),149,6.0,90.0,96.0
67,0.3,heterogeneous,64.0,SLOT-G-DEF,149,94.0,140.0,46.0
67,0.3,heterogeneous,64.0,SLOT-G-LBA,149,2.0,92.0,94.0
67,0.3,heterogeneous,64.0,SLOT-LFT-DEF,142,98.0,142.0,44.0
67,0.3,heterogeneous,64.0,SLOT-LFT-LBA,142,0.0,93.0,93.0
67,0.3,heterogeneous,64.0,SLOT-RAND-DEF,143,80.0,133.0,53.0
67,0.3,heterogeneous,64.0,SLOT-RAND-LBA,141,6.0,90.0,96.0
68,0.0,uniform,,POOL-LBA(=yours),100,7.0,72.0,65.0
68,0.0,uniform,,SLOT-G-DEF,100,55.0,96.0,41.0
68,0.0,uniform,,SLOT-G-LBA,100,7.0,72.0,65.0
68,0.0,uniform,,SLOT-LFT-DEF,100,53.0,95.0,42.0
68,0.0,uniform,,SLOT-LFT-LBA,100,7.0,72.0,65.0
68,0.0,uniform,,SLOT-RAND-DEF,103,69.0,103.0,34.0
68,0.0,uniform,,SLOT-RAND-LBA,100,5.0,66.0,71.0
68,0.0,heterogeneous,4.0,POOL-LBA(=yours),100,7.0,72.0,65.0
68,0.0,heterogeneous,4.0,SLOT-G-DEF,100,55.0,96.0,41.0
68,0.0,heterogeneous,4.0,SLOT-G-LBA,100,7.0,72.0,65.0
68,0.0,heterogeneous,4.0,SLOT-LFT-DEF,100,53.0,95.0,42.0
68,0.0,heterogeneous,4.0,SLOT-LFT-LBA,100,7.0,72.0,65.0
68,0.0,heterogeneous,4.0,SLOT-RAND-DEF,104,59.0,98.0,39.0
68,0.0,heterogeneous,4.0,SLOT-RAND-LBA,102,1.0,68.0,69.0
68,0.0,heterogeneous,16.0,POOL-LBA(=yours),100,7.0,72.0,65.0
68,0.0,heterogeneous,16.0,SLOT-G-DEF,100,55.0,96.0,41.0
68,0.0,heterogeneous,16.0,SLOT-G-LBA,100,7.0,72.0,65.0
68,0.0,heterogeneous,16.0,SLOT-LFT-DEF,100,53.0,95.0,42.0
68,0.0,heterogeneous,16.0,SLOT-LFT-LBA,100,7.0,72.0,65.0
68,0.0,heterogeneous,16.0,SLOT-RAND-DEF,102,49.0,93.0,44.0
68,0.0,heterogeneous,16.0,SLOT-RAND-LBA,102,7.0,65.0,72.0
68,0.0,heterogeneous,64.0,POOL-LBA(=yours),100,7.0,72.0,65.0
68,0.0,heterogeneous,64.0,SLOT-G-DEF,100,55.0,96.0,41.0
68,0.0,heterogeneous,64.0,SLOT-G-LBA,100,7.0,72.0,65.0
68,0.0,heterogeneous,64.0,SLOT-LFT-DEF,100,53.0,95.0,42.0
68,0.0,heterogeneous,64.0,SLOT-LFT-LBA,100,7.0,72.0,65.0
68,0.0,heterogeneous,64.0,SLOT-RAND-DEF,100,55.0,96.0,41.0
68,0.0,heterogeneous,64.0,SLOT-RAND-LBA,101,7.0,65.0,72.0
68,0.1,uniform,,POOL-LBA(=yours),114,7.0,82.0,75.0
68,0.1,uniform,,SLOT-G-DEF,114,61.0,109.0,48.0
68,0.1,uniform,,SLOT-G-LBA,114,7.0,82.0,75.0
68,0.1,uniform,,SLOT-LFT-DEF,114,59.0,108.0,49.0
68,0.1,uniform,,SLOT-LFT-LBA,114,7.0,82.0,75.0
68,0.1,uniform,,SLOT-RAND-DEF,120,71.0,114.0,43.0
68,0.1,uniform,,SLOT-RAND-LBA,118,7.0,75.0,82.0
68,0.1,heterogeneous,4.0,POOL-LBA(=yours),111,4.0,78.0,74.0
68,0.1,heterogeneous,4.0,SLOT-G-DEF,111,58.0,105.0,47.0
68,0.1,heterogeneous,4.0,SLOT-G-LBA,111,0.0,76.0,76.0
68,0.1,heterogeneous,4.0,SLOT-LFT-DEF,111,58.0,105.0,47.0
68,0.1,heterogeneous,4.0,SLOT-LFT-LBA,111,0.0,76.0,76.0
68,0.1,heterogeneous,4.0,SLOT-RAND-DEF,111,62.0,107.0,45.0
68,0.1,heterogeneous,4.0,SLOT-RAND-LBA,117,4.0,74.0,78.0
68,0.1,heterogeneous,16.0,POOL-LBA(=yours),112,6.0,78.0,72.0
68,0.1,heterogeneous,16.0,SLOT-G-DEF,112,64.0,107.0,43.0
68,0.1,heterogeneous,16.0,SLOT-G-LBA,112,6.0,72.0,78.0
68,0.1,heterogeneous,16.0,SLOT-LFT-DEF,112,58.0,104.0,46.0
68,0.1,heterogeneous,16.0,SLOT-LFT-LBA,112,6.0,78.0,72.0
68,0.1,heterogeneous,16.0,SLOT-RAND-DEF,112,74.0,112.0,38.0
68,0.1,heterogeneous,16.0,SLOT-RAND-LBA,114,8.0,71.0,79.0
68,0.1,heterogeneous,64.0,POOL-LBA(=yours),113,4.0,79.0,75.0
68,0.1,heterogeneous,64.0,SLOT-G-DEF,113,58.0,106.0,48.0
68,0.1,heterogeneous,64.0,SLOT-G-LBA,113,4.0,79.0,75.0
68,0.1,heterogeneous,64.0,SLOT-LFT-DEF,114,58.0,106.0,48.0
68,0.1,heterogeneous,64.0,SLOT-LFT-LBA,114,6.0,80.0,74.0
68,0.1,heterogeneous,64.0,SLOT-RAND-DEF,113,58.0,106.0,48.0
68,0.1,heterogeneous,64.0,SLOT-RAND-LBA,113,6.0,80.0,74.0
68,0.2,uniform,,POOL-LBA(=yours),121,8.0,87.0,79.0
68,0.2,uniform,,SLOT-G-DEF,121,68.0,117.0,49.0
68,0.2,uniform,,SLOT-G-LBA,121,8.0,87.0,79.0
68,0.2,uniform,,SLOT-LFT-DEF,121,66.0,116.0,50.0
68,0.2,uniform,,SLOT-LFT-LBA,121,10.0,88.0,78.0
68,0.2,uniform,,SLOT-RAND-DEF,123,70.0,118.0,48.0
68,0.2,uniform,,SLOT-RAND-LBA,121,6.0,86.0,80.0
68,0.2,heterogeneous,4.0,POOL-LBA(=yours),127,6.0,89.0,83.0
68,0.2,heterogeneous,4.0,SLOT-G-DEF,127,66.0,119.0,53.0
68,0.2,heterogeneous,4.0,SLOT-G-LBA,127,16.0,94.0,78.0
68,0.2,heterogeneous,4.0,SLOT-LFT-DEF,125,78.0,125.0,47.0
68,0.2,heterogeneous,4.0,SLOT-LFT-LBA,125,0.0,86.0,86.0
68,0.2,heterogeneous,4.0,SLOT-RAND-DEF,127,58.0,115.0,57.0
68,0.2,heterogeneous,4.0,SLOT-RAND-LBA,127,4.0,84.0,88.0
68,0.2,heterogeneous,16.0,POOL-LBA(=yours),122,5.0,79.0,84.0
68,0.2,heterogeneous,16.0,SLOT-G-DEF,122,79.0,121.0,42.0
68,0.2,heterogeneous,16.0,SLOT-G-LBA,122,7.0,78.0,85.0
68,0.2,heterogeneous,16.0,SLOT-LFT-DEF,122,81.0,122.0,41.0
68,0.2,heterogeneous,16.0,SLOT-LFT-LBA,122,9.0,77.0,86.0
68,0.2,heterogeneous,16.0,SLOT-RAND-DEF,121,77.0,120.0,43.0
68,0.2,heterogeneous,16.0,SLOT-RAND-LBA,122,7.0,85.0,78.0
68,0.2,heterogeneous,64.0,POOL-LBA(=yours),122,8.0,88.0,80.0
68,0.2,heterogeneous,64.0,SLOT-G-DEF,122,68.0,118.0,50.0
68,0.2,heterogeneous,64.0,SLOT-G-LBA,122,8.0,88.0,80.0
68,0.2,heterogeneous,64.0,SLOT-LFT-DEF,122,66.0,117.0,51.0
68,0.2,heterogeneous,64.0,SLOT-LFT-LBA,122,8.0,88.0,80.0
68,0.2,heterogeneous,64.0,SLOT-RAND-DEF,130,82.0,125.0,43.0
68,0.2,heterogeneous,64.0,SLOT-RAND-LBA,128,4.0,86.0,82.0
68,0.3,uniform,,POOL-LBA(=yours),127,9.0,82.0,91.0
68,0.3,uniform,,SLOT-G-DEF,127,71.0,122.0,51.0
68,0.3,uniform,,SLOT-G-LBA,127,9.0,82.0,91.0
68,0.3,uniform,,SLOT-LFT-DEF,127,67.0,120.0,53.0
68,0.3,uniform,,SLOT-LFT-LBA,127,9.0,91.0,82.0
68,0.3,uniform,,SLOT-RAND-DEF,127,77.0,125.0,48.0
68,0.3,uniform,,SLOT-RAND-LBA,127,3.0,88.0,85.0
68,0.3,heterogeneous,4.0,POOL-LBA(=yours),130,8.0,93.0,85.0
68,0.3,heterogeneous,4.0,SLOT-G-DEF,130,52.0,115.0,63.0
68,0.3,heterogeneous,4.0,SLOT-G-LBA,130,18.0,80.0,98.0
68,0.3,heterogeneous,4.0,SLOT-LFT-DEF,130,74.0,126.0,52.0
68,0.3,heterogeneous,4.0,SLOT-LFT-LBA,130,0.0,89.0,89.0
68,0.3,heterogeneous,4.0,SLOT-RAND-DEF,131,84.0,131.0,47.0
68,0.3,heterogeneous,4.0,SLOT-RAND-LBA,130,12.0,83.0,95.0
68,0.3,heterogeneous,16.0,POOL-LBA(=yours),130,4.0,91.0,87.0
68,0.3,heterogeneous,16.0,SLOT-G-DEF,130,66.0,122.0,56.0
68,0.3,heterogeneous,16.0,SLOT-G-LBA,130,2.0,90.0,88.0
68,0.3,heterogeneous,16.0,SLOT-LFT-DEF,131,66.0,122.0,56.0
68,0.3,heterogeneous,16.0,SLOT-LFT-LBA,131,0.0,89.0,89.0
68,0.3,heterogeneous,16.0,SLOT-RAND-DEF,131,84.0,131.0,47.0
68,0.3,heterogeneous,16.0,SLOT-RAND-LBA,131,2.0,88.0,90.0
68,0.3,heterogeneous,64.0,POOL-LBA(=yours),128,7.0,91.0,84.0
68,0.3,heterogeneous,64.0,SLOT-G-DEF,128,69.0,122.0,53.0
68,0.3,heterogeneous,64.0,SLOT-G-LBA,128,7.0,91.0,84.0
68,0.3,heterogeneous,64.0,SLOT-LFT-DEF,128,69.0,122.0,53.0
68,0.3,heterogeneous,64.0,SLOT-LFT-LBA,128,1.0,87.0,88.0
68,0.3,heterogeneous,64.0,SLOT-RAND-DEF,134,83.0,129.0,46.0
68,0.3,heterogeneous,64.0,SLOT-RAND-LBA,131,7.0,84.0,91.0
69,0.0,uniform,,POOL-LBA(=yours),98,3.0,69.0,66.0
69,0.0,uniform,,SLOT-G-DEF,98,49.0,92.0,43.0
69,0.0,uniform,,SLOT-G-LBA,98,1.0,67.0,68.0
69,0.0,uniform,,SLOT-LFT-DEF,98,61.0,98.0,37.0
69,0.0,uniform,,SLOT-LFT-LBA,98,5.0,70.0,65.0
69,0.0,uniform,,SLOT-RAND-DEF,105,75.0,105.0,30.0
69,0.0,uniform,,SLOT-RAND-LBA,104,3.0,66.0,69.0
69,0.0,heterogeneous,4.0,POOL-LBA(=yours),98,3.0,69.0,66.0
69,0.0,heterogeneous,4.0,SLOT-G-DEF,98,49.0,92.0,43.0
69,0.0,heterogeneous,4.0,SLOT-G-LBA,98,1.0,67.0,68.0
69,0.0,heterogeneous,4.0,SLOT-LFT-DEF,98,61.0,98.0,37.0
69,0.0,heterogeneous,4.0,SLOT-LFT-LBA,98,5.0,70.0,65.0
69,0.0,heterogeneous,4.0,SLOT-RAND-DEF,105,65.0,100.0,35.0
69,0.0,heterogeneous,4.0,SLOT-RAND-LBA,108,1.0,68.0,67.0
69,0.0,heterogeneous,16.0,POOL-LBA(=yours),98,3.0,69.0,66.0
69,0.0,heterogeneous,16.0,SLOT-G-DEF,98,49.0,92.0,43.0
69,0.0,heterogeneous,16.0,SLOT-G-LBA,98,1.0,67.0,68.0
69,0.0,heterogeneous,16.0,SLOT-LFT-DEF,98,61.0,98.0,37.0
69,0.0,heterogeneous,16.0,SLOT-LFT-LBA,98,5.0,70.0,65.0
69,0.0,heterogeneous,16.0,SLOT-RAND-DEF,102,61.0,98.0,37.0
69,0.0,heterogeneous,16.0,SLOT-RAND-LBA,103,9.0,63.0,72.0
69,0.0,heterogeneous,64.0,POOL-LBA(=yours),98,3.0,69.0,66.0
69,0.0,heterogeneous,64.0,SLOT-G-DEF,98,49.0,92.0,43.0
69,0.0,heterogeneous,64.0,SLOT-G-LBA,98,1.0,67.0,68.0
69,0.0,heterogeneous,64.0,SLOT-LFT-DEF,98,61.0,98.0,37.0
69,0.0,heterogeneous,64.0,SLOT-LFT-LBA,98,5.0,70.0,65.0
69,0.0,heterogeneous,64.0,SLOT-RAND-DEF,103,57.0,96.0,39.0
69,0.0,heterogeneous,64.0,SLOT-RAND-LBA,99,3.0,66.0,69.0
69,0.1,uniform,,POOL-LBA(=yours),112,3.0,79.0,76.0
69,0.1,uniform,,SLOT-G-DEF,112,55.0,105.0,50.0
69,0.1,uniform,,SLOT-G-LBA,112,1.0,77.0,78.0
69,0.1,uniform,,SLOT-LFT-DEF,112,69.0,112.0,43.0
69,0.1,uniform,,SLOT-LFT-LBA,112,7.0,81.0,74.0
69,0.1,uniform,,SLOT-RAND-DEF,117,65.0,110.0,45.0
69,0.1,uniform,,SLOT-RAND-LBA,119,5.0,80.0,75.0
69,0.1,heterogeneous,4.0,POOL-LBA(=yours),111,4.0,74.0,78.0
69,0.1,heterogeneous,4.0,SLOT-G-DEF,111,40.0,96.0,56.0
69,0.1,heterogeneous,4.0,SLOT-G-LBA,111,6.0,73.0,79.0
69,0.1,heterogeneous,4.0,SLOT-LFT-DEF,113,48.0,100.0,52.0
69,0.1,heterogeneous,4.0,SLOT-LFT-LBA,113,8.0,80.0,72.0
69,0.1,heterogeneous,4.0,SLOT-RAND-DEF,120,88.0,120.0,32.0
69,0.1,heterogeneous,4.0,SLOT-RAND-LBA,109,4.0,74.0,78.0
69,0.1,heterogeneous,16.0,POOL-LBA(=yours),105,3.0,76.0,73.0
69,0.1,heterogeneous,16.0,SLOT-G-DEF,105,41.0,95.0,54.0
69,0.1,heterogeneous,16.0,SLOT-G-LBA,105,9.0,79.0,70.0
69,0.1,heterogeneous,16.0,SLOT-LFT-DEF,105,51.0,100.0,49.0
69,0.1,heterogeneous,16.0,SLOT-LFT-LBA,105,5.0,77.0,72.0
69,0.1,heterogeneous,16.0,SLOT-RAND-DEF,113,57.0,103.0,46.0
69,0.1,heterogeneous,16.0,SLOT-RAND-LBA,112,7.0,78.0,71.0
69,0.1,heterogeneous,64.0,POOL-LBA(=yours),110,1.0,75.0,76.0
69,0.1,heterogeneous,64.0,SLOT-G-DEF,110,57.0,104.0,47.0
69,0.1,heterogeneous,64.0,SLOT-G-LBA,110,1.0,76.0,75.0
69,0.1,heterogeneous,64.0,SLOT-LFT-DEF,110,67.0,109.0,42.0
69,0.1,heterogeneous,64.0,SLOT-LFT-LBA,110,3.0,74.0,77.0
69,0.1,heterogeneous,64.0,SLOT-RAND-DEF,111,71.0,111.0,40.0
69,0.1,heterogeneous,64.0,SLOT-RAND-LBA,116,1.0,76.0,75.0
69,0.2,uniform,,POOL-LBA(=yours),116,2.0,81.0,79.0
69,0.2,uniform,,SLOT-G-DEF,116,58.0,109.0,51.0
69,0.2,uniform,,SLOT-G-LBA,116,2.0,79.0,81.0
69,0.2,uniform,,SLOT-LFT-DEF,116,72.0,116.0,44.0
69,0.2,uniform,,SLOT-LFT-LBA,116,4.0,78.0,82.0
69,0.2,uniform,,SLOT-RAND-DEF,117,74.0,117.0,43.0
69,0.2,uniform,,SLOT-RAND-LBA,122,4.0,78.0,82.0
69,0.2,heterogeneous,4.0,POOL-LBA(=yours),120,4.0,83.0,79.0
69,0.2,heterogeneous,4.0,SLOT-G-DEF,120,62.0,112.0,50.0
69,0.2,heterogeneous,4.0,SLOT-G-LBA,120,2.0,82.0,80.0
69,0.2,heterogeneous,4.0,SLOT-LFT-DEF,120,78.0,120.0,42.0
69,0.2,heterogeneous,4.0,SLOT-LFT-LBA,120,4.0,79.0,83.0
69,0.2,heterogeneous,4.0,SLOT-RAND-DEF,130,80.0,121.0,41.0
69,0.2,heterogeneous,4.0,SLOT-RAND-LBA,120,8.0,77.0,85.0
69,0.2,heterogeneous,16.0,POOL-LBA(=yours),116,3.0,79.0,82.0
69,0.2,heterogeneous,16.0,SLOT-G-DEF,116,57.0,109.0,52.0
69,0.2,heterogeneous,16.0,SLOT-G-LBA,116,1.0,81.0,80.0
69,0.2,heterogeneous,16.0,SLOT-LFT-DEF,116,71.0,116.0,45.0
69,0.2,heterogeneous,16.0,SLOT-LFT-LBA,116,3.0,79.0,82.0
69,0.2,heterogeneous,16.0,SLOT-RAND-DEF,118,61.0,111.0,50.0
69,0.2,heterogeneous,16.0,SLOT-RAND-LBA,118,9.0,76.0,85.0
69,0.2,heterogeneous,64.0,POOL-LBA(=yours),118,2.0,80.0,82.0
69,0.2,heterogeneous,64.0,SLOT-G-DEF,118,58.0,110.0,52.0
69,0.2,heterogeneous,64.0,SLOT-G-LBA,118,0.0,81.0,81.0
69,0.2,heterogeneous,64.0,SLOT-LFT-DEF,118,74.0,118.0,44.0
69,0.2,heterogeneous,64.0,SLOT-LFT-LBA,118,6.0,84.0,78.0
69,0.2,heterogeneous,64.0,SLOT-RAND-DEF,117,62.0,112.0,50.0
69,0.2,heterogeneous,64.0,SLOT-RAND-LBA,125,10.0,86.0,76.0
69,0.3,uniform,,POOL-LBA(=yours),127,4.0,85.0,89.0
69,0.3,uniform,,SLOT-G-DEF,127,66.0,120.0,54.0
69,0.3,uniform,,SLOT-G-LBA,127,0.0,87.0,87.0
69,0.3,uniform,,SLOT-LFT-DEF,127,78.0,126.0,48.0
69,0.3,uniform,,SLOT-LFT-LBA,127,6.0,90.0,84.0
69,0.3,uniform,,SLOT-RAND-DEF,129,84.0,129.0,45.0
69,0.3,uniform,,SLOT-RAND-LBA,136,6.0,90.0,84.0
69,0.3,heterogeneous,4.0,POOL-LBA(=yours),127,4.0,85.0,89.0
69,0.3,heterogeneous,4.0,SLOT-G-DEF,127,50.0,112.0,62.0
69,0.3,heterogeneous,4.0,SLOT-G-LBA,127,14.0,94.0,80.0
69,0.3,heterogeneous,4.0,SLOT-LFT-DEF,129,70.0,122.0,52.0
69,0.3,heterogeneous,4.0,SLOT-LFT-LBA,129,10.0,82.0,92.0
69,0.3,heterogeneous,4.0,SLOT-RAND-DEF,130,80.0,127.0,47.0
69,0.3,heterogeneous,4.0,SLOT-RAND-LBA,129,12.0,81.0,93.0
69,0.3,heterogeneous,16.0,POOL-LBA(=yours),127,1.0,89.0,90.0
69,0.3,heterogeneous,16.0,SLOT-G-DEF,127,51.0,115.0,64.0
69,0.3,heterogeneous,16.0,SLOT-G-LBA,127,13.0,96.0,83.0
69,0.3,heterogeneous,16.0,SLOT-LFT-DEF,127,63.0,121.0,58.0
69,0.3,heterogeneous,16.0,SLOT-LFT-LBA,127,7.0,86.0,93.0
69,0.3,heterogeneous,16.0,SLOT-RAND-DEF,129,79.0,129.0,50.0
69,0.3,heterogeneous,16.0,SLOT-RAND-LBA,137,13.0,96.0,83.0
69,0.3,heterogeneous,64.0,POOL-LBA(=yours),127,3.0,86.0,89.0
69,0.3,heterogeneous,64.0,SLOT-G-DEF,127,45.0,110.0,65.0
69,0.3,heterogeneous,64.0,SLOT-G-LBA,127,15.0,80.0,95.0
69,0.3,heterogeneous,64.0,SLOT-LFT-DEF,126,61.0,118.0,57.0
69,0.3,heterogeneous,64.0,SLOT-LFT-LBA,126,9.0,83.0,92.0
69,0.3,heterogeneous,64.0,SLOT-RAND-DEF,130,85.0,130.0,45.0
69,0.3,heterogeneous,64.0,SLOT-RAND-LBA,135,11.0,82.0,93.0
70,0.0,uniform,,POOL-LBA(=yours),101,2.0,68.0,70.0
70,0.0,uniform,,SLOT-G-DEF,101,64.0,101.0,37.0
70,0.0,uniform,,SLOT-G-LBA,101,4.0,67.0,71.0
70,0.0,uniform,,SLOT-LFT-DEF,97,46.0,92.0,46.0
70,0.0,uniform,,SLOT-LFT-LBA,97,2.0,68.0,70.0
70,0.0,uniform,,SLOT-RAND-DEF,100,62.0,100.0,38.0
70,0.0,uniform,,SLOT-RAND-LBA,101,8.0,73.0,65.0
70,0.0,heterogeneous,4.0,POOL-LBA(=yours),101,2.0,68.0,70.0
70,0.0,heterogeneous,4.0,SLOT-G-DEF,101,64.0,101.0,37.0
70,0.0,heterogeneous,4.0,SLOT-G-LBA,101,4.0,67.0,71.0
70,0.0,heterogeneous,4.0,SLOT-LFT-DEF,97,46.0,92.0,46.0
70,0.0,heterogeneous,4.0,SLOT-LFT-LBA,97,2.0,68.0,70.0
70,0.0,heterogeneous,4.0,SLOT-RAND-DEF,101,54.0,96.0,42.0
70,0.0,heterogeneous,4.0,SLOT-RAND-LBA,96,4.0,71.0,67.0
70,0.0,heterogeneous,16.0,POOL-LBA(=yours),101,2.0,68.0,70.0
70,0.0,heterogeneous,16.0,SLOT-G-DEF,101,64.0,101.0,37.0
70,0.0,heterogeneous,16.0,SLOT-G-LBA,101,4.0,67.0,71.0
70,0.0,heterogeneous,16.0,SLOT-LFT-DEF,97,46.0,92.0,46.0
70,0.0,heterogeneous,16.0,SLOT-LFT-LBA,97,2.0,68.0,70.0
70,0.0,heterogeneous,16.0,SLOT-RAND-DEF,98,50.0,94.0,44.0
70,0.0,heterogeneous,16.0,SLOT-RAND-LBA,97,8.0,65.0,73.0
70,0.0,heterogeneous,64.0,POOL-LBA(=yours),101,2.0,68.0,70.0
70,0.0,heterogeneous,64.0,SLOT-G-DEF,101,64.0,101.0,37.0
70,0.0,heterogeneous,64.0,SLOT-G-LBA,101,4.0,67.0,71.0
70,0.0,heterogeneous,64.0,SLOT-LFT-DEF,97,46.0,92.0,46.0
70,0.0,heterogeneous,64.0,SLOT-LFT-LBA,97,2.0,68.0,70.0
70,0.0,heterogeneous,64.0,SLOT-RAND-DEF,98,54.0,96.0,42.0
70,0.0,heterogeneous,64.0,SLOT-RAND-LBA,99,4.0,71.0,67.0
70,0.1,uniform,,POOL-LBA(=yours),115,2.0,78.0,80.0
70,0.1,uniform,,SLOT-G-DEF,115,72.0,115.0,43.0
70,0.1,uniform,,SLOT-G-LBA,115,4.0,77.0,81.0
70,0.1,uniform,,SLOT-LFT-DEF,111,52.0,105.0,53.0
70,0.1,uniform,,SLOT-LFT-LBA,111,2.0,78.0,80.0
70,0.1,uniform,,SLOT-RAND-DEF,114,70.0,114.0,44.0
70,0.1,uniform,,SLOT-RAND-LBA,117,2.0,80.0,78.0
70,0.1,heterogeneous,4.0,POOL-LBA(=yours),110,1.0,76.0,75.0
70,0.1,heterogeneous,4.0,SLOT-G-DEF,110,69.0,110.0,41.0
70,0.1,heterogeneous,4.0,SLOT-G-LBA,110,7.0,72.0,79.0
70,0.1,heterogeneous,4.0,SLOT-LFT-DEF,104,51.0,101.0,50.0
70,0.1,heterogeneous,4.0,SLOT-LFT-LBA,104,3.0,74.0,77.0
70,0.1,heterogeneous,4.0,SLOT-RAND-DEF,103,53.0,102.0,49.0
70,0.1,heterogeneous,4.0,SLOT-RAND-LBA,108,1.0,76.0,75.0
70,0.1,heterogeneous,16.0,POOL-LBA(=yours),109,3.0,73.0,76.0
70,0.1,heterogeneous,16.0,SLOT-G-DEF,109,69.0,109.0,40.0
70,0.1,heterogeneous,16.0,SLOT-G-LBA,109,5.0,72.0,77.0
70,0.1,heterogeneous,16.0,SLOT-LFT-DEF,105,59.0,104.0,45.0
70,0.1,heterogeneous,16.0,SLOT-LFT-LBA,105,5.0,77.0,72.0
70,0.1,heterogeneous,16.0,SLOT-RAND-DEF,107,65.0,107.0,42.0
70,0.1,heterogeneous,16.0,SLOT-RAND-LBA,105,5.0,72.0,77.0
70,0.1,heterogeneous,64.0,POOL-LBA(=yours),111,2.0,77.0,75.0
70,0.1,heterogeneous,64.0,SLOT-G-DEF,111,70.0,111.0,41.0
70,0.1,heterogeneous,64.0,SLOT-G-LBA,111,6.0,79.0,73.0
70,0.1,heterogeneous,64.0,SLOT-LFT-DEF,107,50.0,101.0,51.0
70,0.1,heterogeneous,64.0,SLOT-LFT-LBA,107,4.0,74.0,78.0
70,0.1,heterogeneous,64.0,SLOT-RAND-DEF,108,44.0,98.0,54.0
70,0.1,heterogeneous,64.0,SLOT-RAND-LBA,108,4.0,78.0,74.0
70,0.2,uniform,,POOL-LBA(=yours),122,4.0,85.0,81.0
70,0.2,uniform,,SLOT-G-DEF,122,78.0,122.0,44.0
70,0.2,uniform,,SLOT-G-LBA,122,6.0,80.0,86.0
70,0.2,uniform,,SLOT-LFT-DEF,117,56.0,111.0,55.0
70,0.2,uniform,,SLOT-LFT-LBA,117,2.0,82.0,84.0
70,0.2,uniform,,SLOT-RAND-DEF,119,72.0,119.0,47.0
70,0.2,uniform,,SLOT-RAND-LBA,117,0.0,83.0,83.0
70,0.2,heterogeneous,4.0,POOL-LBA(=yours),133,4.0,92.0,88.0
70,0.2,heterogeneous,4.0,SLOT-G-DEF,133,68.0,124.0,56.0
70,0.2,heterogeneous,4.0,SLOT-G-LBA,133,8.0,94.0,86.0
70,0.2,heterogeneous,4.0,SLOT-LFT-DEF,130,80.0,130.0,50.0
70,0.2,heterogeneous,4.0,SLOT-LFT-LBA,130,4.0,92.0,88.0
70,0.2,heterogeneous,4.0,SLOT-RAND-DEF,132,58.0,119.0,61.0
70,0.2,heterogeneous,4.0,SLOT-RAND-LBA,133,10.0,85.0,95.0
70,0.2,heterogeneous,16.0,POOL-LBA(=yours),123,3.0,83.0,86.0
70,0.2,heterogeneous,16.0,SLOT-G-DEF,123,75.0,122.0,47.0
70,0.2,heterogeneous,16.0,SLOT-G-LBA,123,1.0,84.0,85.0
70,0.2,heterogeneous,16.0,SLOT-LFT-DEF,121,73.0,121.0,48.0
70,0.2,heterogeneous,16.0,SLOT-LFT-LBA,121,7.0,88.0,81.0
70,0.2,heterogeneous,16.0,SLOT-RAND-DEF,119,55.0,112.0,57.0
70,0.2,heterogeneous,16.0,SLOT-RAND-LBA,119,7.0,81.0,88.0
70,0.2,heterogeneous,64.0,POOL-LBA(=yours),123,2.0,85.0,83.0
70,0.2,heterogeneous,64.0,SLOT-G-DEF,123,74.0,121.0,47.0
70,0.2,heterogeneous,64.0,SLOT-G-LBA,123,6.0,87.0,81.0
70,0.2,heterogeneous,64.0,SLOT-LFT-DEF,118,58.0,113.0,55.0
70,0.2,heterogeneous,64.0,SLOT-LFT-LBA,118,2.0,83.0,85.0
70,0.2,heterogeneous,64.0,SLOT-RAND-DEF,123,74.0,121.0,47.0
70,0.2,heterogeneous,64.0,SLOT-RAND-LBA,125,4.0,86.0,82.0
70,0.3,uniform,,POOL-LBA(=yours),128,2.0,86.0,88.0
70,0.3,uniform,,SLOT-G-DEF,128,82.0,128.0,46.0
70,0.3,uniform,,SLOT-G-LBA,128,4.0,85.0,89.0
70,0.3,uniform,,SLOT-LFT-DEF,123,58.0,116.0,58.0
70,0.3,uniform,,SLOT-LFT-LBA,123,4.0,85.0,89.0
70,0.3,uniform,,SLOT-RAND-DEF,124,64.0,119.0,55.0
70,0.3,uniform,,SLOT-RAND-LBA,130,0.0,87.0,87.0
70,0.3,heterogeneous,4.0,POOL-LBA(=yours),136,1.0,92.0,93.0
70,0.3,heterogeneous,4.0,SLOT-G-DEF,136,87.0,136.0,49.0
70,0.3,heterogeneous,4.0,SLOT-G-LBA,136,3.0,91.0,94.0
70,0.3,heterogeneous,4.0,SLOT-LFT-DEF,130,69.0,127.0,58.0
70,0.3,heterogeneous,4.0,SLOT-LFT-LBA,130,1.0,92.0,93.0
70,0.3,heterogeneous,4.0,SLOT-RAND-DEF,132,63.0,124.0,61.0
70,0.3,heterogeneous,4.0,SLOT-RAND-LBA,135,3.0,94.0,91.0
70,0.3,heterogeneous,16.0,POOL-LBA(=yours),129,5.0,85.0,90.0
70,0.3,heterogeneous,16.0,SLOT-G-DEF,129,73.0,124.0,51.0
70,0.3,heterogeneous,16.0,SLOT-G-LBA,129,7.0,91.0,84.0
70,0.3,heterogeneous,16.0,SLOT-LFT-DEF,123,71.0,123.0,52.0
70,0.3,heterogeneous,16.0,SLOT-LFT-LBA,123,7.0,91.0,84.0
70,0.3,heterogeneous,16.0,SLOT-RAND-DEF,121,65.0,120.0,55.0
70,0.3,heterogeneous,16.0,SLOT-RAND-LBA,123,7.0,91.0,84.0
70,0.3,heterogeneous,64.0,POOL-LBA(=yours),131,4.0,91.0,87.0
70,0.3,heterogeneous,64.0,SLOT-G-DEF,131,84.0,131.0,47.0
70,0.3,heterogeneous,64.0,SLOT-G-LBA,131,4.0,87.0,91.0
70,0.3,heterogeneous,64.0,SLOT-LFT-DEF,126,58.0,118.0,60.0
70,0.3,heterogeneous,64.0,SLOT-LFT-LBA,126,6.0,86.0,92.0
70,0.3,heterogeneous,64.0,SLOT-RAND-DEF,127,76.0,127.0,51.0
70,0.3,heterogeneous,64.0,SLOT-RAND-LBA,127,2.0,90.0,88.0
71,0.0,uniform,,POOL-LBA(=yours),113,4.0,71.0,67.0
71,0.0,uniform,,SLOT-G-DEF,113,78.0,108.0,30.0
71,0.0,uniform,,SLOT-G-LBA,113,12.0,75.0,63.0
71,0.0,uniform,,SLOT-LFT-DEF,107,76.0,107.0,31.0
71,0.0,uniform,,SLOT-LFT-LBA,107,2.0,68.0,70.0
71,0.0,uniform,,SLOT-RAND-DEF,106,58.0,98.0,40.0
71,0.0,uniform,,SLOT-RAND-LBA,113,10.0,74.0,64.0
71,0.0,heterogeneous,4.0,POOL-LBA(=yours),113,4.0,71.0,67.0
71,0.0,heterogeneous,4.0,SLOT-G-DEF,113,78.0,108.0,30.0
71,0.0,heterogeneous,4.0,SLOT-G-LBA,113,12.0,75.0,63.0
71,0.0,heterogeneous,4.0,SLOT-LFT-DEF,107,76.0,107.0,31.0
71,0.0,heterogeneous,4.0,SLOT-LFT-LBA,107,2.0,68.0,70.0
71,0.0,heterogeneous,4.0,SLOT-RAND-DEF,113,78.0,108.0,30.0
71,0.0,heterogeneous,4.0,SLOT-RAND-LBA,104,6.0,66.0,72.0
71,0.0,heterogeneous,16.0,POOL-LBA(=yours),113,4.0,71.0,67.0
71,0.0,heterogeneous,16.0,SLOT-G-DEF,113,78.0,108.0,30.0
71,0.0,heterogeneous,16.0,SLOT-G-LBA,113,12.0,75.0,63.0
71,0.0,heterogeneous,16.0,SLOT-LFT-DEF,107,76.0,107.0,31.0
71,0.0,heterogeneous,16.0,SLOT-LFT-LBA,107,2.0,68.0,70.0
71,0.0,heterogeneous,16.0,SLOT-RAND-DEF,106,74.0,106.0,32.0
71,0.0,heterogeneous,16.0,SLOT-RAND-LBA,108,4.0,71.0,67.0
71,0.0,heterogeneous,64.0,POOL-LBA(=yours),113,4.0,71.0,67.0
71,0.0,heterogeneous,64.0,SLOT-G-DEF,113,78.0,108.0,30.0
71,0.0,heterogeneous,64.0,SLOT-G-LBA,113,12.0,75.0,63.0
71,0.0,heterogeneous,64.0,SLOT-LFT-DEF,107,76.0,107.0,31.0
71,0.0,heterogeneous,64.0,SLOT-LFT-LBA,107,2.0,68.0,70.0
71,0.0,heterogeneous,64.0,SLOT-RAND-DEF,107,62.0,100.0,38.0
71,0.0,heterogeneous,64.0,SLOT-RAND-LBA,111,4.0,71.0,67.0
71,0.1,uniform,,POOL-LBA(=yours),129,4.0,81.0,77.0
71,0.1,uniform,,SLOT-G-DEF,129,88.0,123.0,35.0
71,0.1,uniform,,SLOT-G-LBA,129,14.0,86.0,72.0
71,0.1,uniform,,SLOT-LFT-DEF,122,86.0,122.0,36.0
71,0.1,uniform,,SLOT-LFT-LBA,122,2.0,78.0,80.0
71,0.1,uniform,,SLOT-RAND-DEF,120,74.0,116.0,42.0
71,0.1,uniform,,SLOT-RAND-LBA,127,2.0,80.0,78.0
71,0.1,heterogeneous,4.0,POOL-LBA(=yours),122,2.0,73.0,75.0
71,0.1,heterogeneous,4.0,SLOT-G-DEF,122,86.0,117.0,31.0
71,0.1,heterogeneous,4.0,SLOT-G-LBA,122,14.0,81.0,67.0
71,0.1,heterogeneous,4.0,SLOT-LFT-DEF,116,84.0,116.0,32.0
71,0.1,heterogeneous,4.0,SLOT-LFT-LBA,116,2.0,75.0,73.0
71,0.1,heterogeneous,4.0,SLOT-RAND-DEF,118,64.0,106.0,42.0
71,0.1,heterogeneous,4.0,SLOT-RAND-LBA,114,6.0,71.0,77.0
71,0.1,heterogeneous,16.0,POOL-LBA(=yours),124,4.0,78.0,74.0
71,0.1,heterogeneous,16.0,SLOT-G-DEF,124,84.0,118.0,34.0
71,0.1,heterogeneous,16.0,SLOT-G-LBA,124,14.0,83.0,69.0
71,0.1,heterogeneous,16.0,SLOT-LFT-DEF,118,72.0,112.0,40.0
71,0.1,heterogeneous,16.0,SLOT-LFT-LBA,118,2.0,75.0,77.0
71,0.1,heterogeneous,16.0,SLOT-RAND-DEF,118,64.0,108.0,44.0
71,0.1,heterogeneous,16.0,SLOT-RAND-LBA,117,6.0,79.0,73.0
71,0.1,heterogeneous,64.0,POOL-LBA(=yours),127,6.0,80.0,74.0
71,0.1,heterogeneous,64.0,SLOT-G-DEF,127,90.0,122.0,32.0
71,0.1,heterogeneous,64.0,SLOT-G-LBA,127,12.0,71.0,83.0
71,0.1,heterogeneous,64.0,SLOT-LFT-DEF,120,86.0,120.0,34.0
71,0.1,heterogeneous,64.0,SLOT-LFT-LBA,120,0.0,77.0,77.0
71,0.1,heterogeneous,64.0,SLOT-RAND-DEF,118,82.0,118.0,36.0
71,0.1,heterogeneous,64.0,SLOT-RAND-LBA,118,8.0,81.0,73.0
71,0.2,uniform,,POOL-LBA(=yours),137,4.0,85.0,81.0
71,0.2,uniform,,SLOT-G-DEF,137,96.0,131.0,35.0
71,0.2,uniform,,SLOT-G-LBA,137,14.0,76.0,90.0
71,0.2,uniform,,SLOT-LFT-DEF,130,94.0,130.0,36.0
71,0.2,uniform,,SLOT-LFT-LBA,130,2.0,82.0,84.0
71,0.2,uniform,,SLOT-RAND-DEF,135,82.0,124.0,42.0
71,0.2,uniform,,SLOT-RAND-LBA,127,12.0,77.0,89.0
71,0.2,heterogeneous,4.0,POOL-LBA(=yours),136,5.0,86.0,81.0
71,0.2,heterogeneous,4.0,SLOT-G-DEF,136,79.0,123.0,44.0
71,0.2,heterogeneous,4.0,SLOT-G-LBA,136,11.0,89.0,78.0
71,0.2,heterogeneous,4.0,SLOT-LFT-DEF,128,89.0,128.0,39.0
71,0.2,heterogeneous,4.0,SLOT-LFT-LBA,128,3.0,85.0,82.0
71,0.2,heterogeneous,4.0,SLOT-RAND-DEF,137,81.0,124.0,43.0
71,0.2,heterogeneous,4.0,SLOT-RAND-LBA,126,9.0,88.0,79.0
71,0.2,heterogeneous,16.0,POOL-LBA(=yours),132,4.0,83.0,79.0
71,0.2,heterogeneous,16.0,SLOT-G-DEF,132,76.0,119.0,43.0
71,0.2,heterogeneous,16.0,SLOT-G-LBA,132,12.0,87.0,75.0
71,0.2,heterogeneous,16.0,SLOT-LFT-DEF,126,90.0,126.0,36.0
71,0.2,heterogeneous,16.0,SLOT-LFT-LBA,126,2.0,82.0,80.0
71,0.2,heterogeneous,16.0,SLOT-RAND-DEF,123,66.0,114.0,48.0
71,0.2,heterogeneous,16.0,SLOT-RAND-LBA,124,0.0,81.0,81.0
71,0.2,heterogeneous,64.0,POOL-LBA(=yours),136,8.0,87.0,79.0
71,0.2,heterogeneous,64.0,SLOT-G-DEF,136,96.0,131.0,35.0
71,0.2,heterogeneous,64.0,SLOT-G-LBA,136,10.0,78.0,88.0
71,0.2,heterogeneous,64.0,SLOT-LFT-DEF,129,92.0,129.0,37.0
71,0.2,heterogeneous,64.0,SLOT-LFT-LBA,129,2.0,82.0,84.0
71,0.2,heterogeneous,64.0,SLOT-RAND-DEF,136,98.0,132.0,34.0
71,0.2,heterogeneous,64.0,SLOT-RAND-LBA,132,6.0,80.0,86.0
71,0.3,uniform,,POOL-LBA(=yours),143,5.0,90.0,85.0
71,0.3,uniform,,SLOT-G-DEF,143,99.0,137.0,38.0
71,0.3,uniform,,SLOT-G-LBA,143,15.0,95.0,80.0
71,0.3,uniform,,SLOT-LFT-DEF,135,95.0,135.0,40.0
71,0.3,uniform,,SLOT-LFT-LBA,135,1.0,87.0,88.0
71,0.3,uniform,,SLOT-RAND-DEF,131,69.0,122.0,53.0
71,0.3,uniform,,SLOT-RAND-LBA,136,11.0,82.0,93.0
71,0.3,heterogeneous,4.0,POOL-LBA(=yours),147,12.0,96.0,84.0
71,0.3,heterogeneous,4.0,SLOT-G-DEF,147,82.0,131.0,49.0
71,0.3,heterogeneous,4.0,SLOT-G-LBA,147,16.0,82.0,98.0
71,0.3,heterogeneous,4.0,SLOT-LFT-DEF,140,100.0,140.0,40.0
71,0.3,heterogeneous,4.0,SLOT-LFT-LBA,140,4.0,88.0,92.0
71,0.3,heterogeneous,4.0,SLOT-RAND-DEF,143,74.0,127.0,53.0
71,0.3,heterogeneous,4.0,SLOT-RAND-LBA,147,10.0,95.0,85.0
71,0.3,heterogeneous,16.0,POOL-LBA(=yours),144,5.0,85.0,90.0
71,0.3,heterogeneous,16.0,SLOT-G-DEF,144,97.0,136.0,39.0
71,0.3,heterogeneous,16.0,SLOT-G-LBA,144,17.0,79.0,96.0
71,0.3,heterogeneous,16.0,SLOT-LFT-DEF,136,97.0,136.0,39.0
71,0.3,heterogeneous,16.0,SLOT-LFT-LBA,136,1.0,88.0,87.0
71,0.3,heterogeneous,16.0,SLOT-RAND-DEF,136,71.0,123.0,52.0
71,0.3,heterogeneous,16.0,SLOT-RAND-LBA,137,7.0,84.0,91.0
71,0.3,heterogeneous,64.0,POOL-LBA(=yours),150,7.0,95.0,88.0
71,0.3,heterogeneous,64.0,SLOT-G-DEF,150,105.0,144.0,39.0
71,0.3,heterogeneous,64.0,SLOT-G-LBA,150,13.0,98.0,85.0
71,0.3,heterogeneous,64.0,SLOT-LFT-DEF,142,83.0,133.0,50.0
71,0.3,heterogeneous,64.0,SLOT-LFT-LBA,142,3.0,93.0,90.0
71,0.3,heterogeneous,64.0,SLOT-RAND-DEF,142,83.0,133.0,50.0
71,0.3,heterogeneous,64.0,SLOT-RAND-LBA,149,1.0,91.0,92.0
72,0.0,uniform,,POOL-LBA(=yours),104,7.0,76.0,69.0
72,0.0,uniform,,SLOT-G-DEF,104,45.0,95.0,50.0
72,0.0,uniform,,SLOT-G-LBA,104,9.0,68.0,77.0
72,0.0,uniform,,SLOT-LFT-DEF,104,53.0,99.0,46.0
72,0.0,uniform,,SLOT-LFT-LBA,104,1.0,72.0,73.0
72,0.0,uniform,,SLOT-RAND-DEF,104,53.0,99.0,46.0
72,0.0,uniform,,SLOT-RAND-LBA,103,1.0,73.0,72.0
72,0.0,heterogeneous,4.0,POOL-LBA(=yours),104,7.0,76.0,69.0
72,0.0,heterogeneous,4.0,SLOT-G-DEF,104,45.0,95.0,50.0
72,0.0,heterogeneous,4.0,SLOT-G-LBA,104,9.0,68.0,77.0
72,0.0,heterogeneous,4.0,SLOT-LFT-DEF,104,53.0,99.0,46.0
72,0.0,heterogeneous,4.0,SLOT-LFT-LBA,104,1.0,72.0,73.0
72,0.0,heterogeneous,4.0,SLOT-RAND-DEF,105,47.0,96.0,49.0
72,0.0,heterogeneous,4.0,SLOT-RAND-LBA,108,7.0,69.0,76.0
72,0.0,heterogeneous,16.0,POOL-LBA(=yours),104,7.0,76.0,69.0
72,0.0,heterogeneous,16.0,SLOT-G-DEF,104,45.0,95.0,50.0
72,0.0,heterogeneous,16.0,SLOT-G-LBA,104,9.0,68.0,77.0
72,0.0,heterogeneous,16.0,SLOT-LFT-DEF,104,53.0,99.0,46.0
72,0.0,heterogeneous,16.0,SLOT-LFT-LBA,104,1.0,72.0,73.0
72,0.0,heterogeneous,16.0,SLOT-RAND-DEF,110,75.0,110.0,35.0
72,0.0,heterogeneous,16.0,SLOT-RAND-LBA,106,11.0,67.0,78.0
72,0.0,heterogeneous,64.0,POOL-LBA(=yours),104,7.0,76.0,69.0
72,0.0,heterogeneous,64.0,SLOT-G-DEF,104,45.0,95.0,50.0
72,0.0,heterogeneous,64.0,SLOT-G-LBA,104,9.0,68.0,77.0
72,0.0,heterogeneous,64.0,SLOT-LFT-DEF,104,53.0,99.0,46.0
72,0.0,heterogeneous,64.0,SLOT-LFT-LBA,104,1.0,72.0,73.0
72,0.0,heterogeneous,64.0,SLOT-RAND-DEF,105,65.0,105.0,40.0
72,0.0,heterogeneous,64.0,SLOT-RAND-LBA,105,9.0,68.0,77.0
72,0.1,uniform,,POOL-LBA(=yours),118,7.0,86.0,79.0
72,0.1,uniform,,SLOT-G-DEF,118,49.0,107.0,58.0
72,0.1,uniform,,SLOT-G-LBA,118,11.0,77.0,88.0
72,0.1,uniform,,SLOT-LFT-DEF,118,59.0,112.0,53.0
72,0.1,uniform,,SLOT-LFT-LBA,118,1.0,82.0,83.0
72,0.1,uniform,,SLOT-RAND-DEF,125,85.0,125.0,40.0
72,0.1,uniform,,SLOT-RAND-LBA,120,11.0,88.0,77.0
72,0.1,heterogeneous,4.0,POOL-LBA(=yours),116,9.0,83.0,74.0
72,0.1,heterogeneous,4.0,SLOT-G-DEF,116,55.0,106.0,51.0
72,0.1,heterogeneous,4.0,SLOT-G-LBA,116,13.0,85.0,72.0
72,0.1,heterogeneous,4.0,SLOT-LFT-DEF,115,71.0,114.0,43.0
72,0.1,heterogeneous,4.0,SLOT-LFT-LBA,115,3.0,77.0,80.0
72,0.1,heterogeneous,4.0,SLOT-RAND-DEF,117,57.0,107.0,50.0
72,0.1,heterogeneous,4.0,SLOT-RAND-LBA,116,17.0,87.0,70.0
72,0.1,heterogeneous,16.0,POOL-LBA(=yours),111,5.0,76.0,81.0
72,0.1,heterogeneous,16.0,SLOT-G-DEF,111,47.0,102.0,55.0
72,0.1,heterogeneous,16.0,SLOT-G-LBA,111,11.0,73.0,84.0
72,0.1,heterogeneous,16.0,SLOT-LFT-DEF,112,55.0,106.0,51.0
72,0.1,heterogeneous,16.0,SLOT-LFT-LBA,112,3.0,77.0,80.0
72,0.1,heterogeneous,16.0,SLOT-RAND-DEF,115,73.0,115.0,42.0
72,0.1,heterogeneous,16.0,SLOT-RAND-LBA,115,3.0,77.0,80.0
72,0.1,heterogeneous,64.0,POOL-LBA(=yours),115,8.0,84.0,76.0
72,0.1,heterogeneous,64.0,SLOT-G-DEF,115,52.0,106.0,54.0
72,0.1,heterogeneous,64.0,SLOT-G-LBA,115,8.0,76.0,84.0
72,0.1,heterogeneous,64.0,SLOT-LFT-DEF,115,58.0,109.0,51.0
72,0.1,heterogeneous,64.0,SLOT-LFT-LBA,115,2.0,79.0,81.0
72,0.1,heterogeneous,64.0,SLOT-RAND-DEF,116,50.0,105.0,55.0
72,0.1,heterogeneous,64.0,SLOT-RAND-LBA,115,10.0,75.0,85.0
72,0.2,uniform,,POOL-LBA(=yours),124,8.0,91.0,83.0
72,0.2,uniform,,SLOT-G-DEF,124,56.0,115.0,59.0
72,0.2,uniform,,SLOT-G-LBA,124,10.0,82.0,92.0
72,0.2,uniform,,SLOT-LFT-DEF,124,66.0,120.0,54.0
72,0.2,uniform,,SLOT-LFT-LBA,124,0.0,87.0,87.0
72,0.2,uniform,,SLOT-RAND-DEF,134,78.0,126.0,48.0
72,0.2,uniform,,SLOT-RAND-LBA,128,10.0,92.0,82.0
72,0.2,heterogeneous,4.0,POOL-LBA(=yours),116,2.0,80.0,82.0
72,0.2,heterogeneous,4.0,SLOT-G-DEF,116,50.0,106.0,56.0
72,0.2,heterogeneous,4.0,SLOT-G-LBA,116,14.0,88.0,74.0
72,0.2,heterogeneous,4.0,SLOT-LFT-DEF,116,62.0,112.0,50.0
72,0.2,heterogeneous,4.0,SLOT-LFT-LBA,116,4.0,79.0,83.0
72,0.2,heterogeneous,4.0,SLOT-RAND-DEF,118,68.0,115.0,47.0
72,0.2,heterogeneous,4.0,SLOT-RAND-LBA,123,4.0,83.0,79.0
72,0.2,heterogeneous,16.0,POOL-LBA(=yours),119,7.0,87.0,80.0
72,0.2,heterogeneous,16.0,SLOT-G-DEF,119,61.0,114.0,53.0
72,0.2,heterogeneous,16.0,SLOT-G-LBA,119,11.0,89.0,78.0
72,0.2,heterogeneous,16.0,SLOT-LFT-DEF,119,69.0,118.0,49.0
72,0.2,heterogeneous,16.0,SLOT-LFT-LBA,119,3.0,85.0,82.0
72,0.2,heterogeneous,16.0,SLOT-RAND-DEF,120,51.0,109.0,58.0
72,0.2,heterogeneous,16.0,SLOT-RAND-LBA,119,13.0,77.0,90.0
72,0.2,heterogeneous,64.0,POOL-LBA(=yours),122,8.0,89.0,81.0
72,0.2,heterogeneous,64.0,SLOT-G-DEF,122,52.0,111.0,59.0
72,0.2,heterogeneous,64.0,SLOT-G-LBA,122,8.0,81.0,89.0
72,0.2,heterogeneous,64.0,SLOT-LFT-DEF,121,62.0,116.0,54.0
72,0.2,heterogeneous,64.0,SLOT-LFT-LBA,121,2.0,86.0,84.0
72,0.2,heterogeneous,64.0,SLOT-RAND-DEF,122,70.0,120.0,50.0
72,0.2,heterogeneous,64.0,SLOT-RAND-LBA,129,8.0,89.0,81.0
72,0.3,uniform,,POOL-LBA(=yours),134,7.0,89.0,96.0
72,0.3,uniform,,SLOT-G-DEF,134,59.0,122.0,63.0
72,0.3,uniform,,SLOT-G-LBA,134,11.0,87.0,98.0
72,0.3,uniform,,SLOT-LFT-DEF,134,69.0,127.0,58.0
72,0.3,uniform,,SLOT-LFT-LBA,134,1.0,92.0,93.0
72,0.3,uniform,,SLOT-RAND-DEF,141,87.0,136.0,49.0
72,0.3,uniform,,SLOT-RAND-LBA,135,1.0,92.0,93.0
72,0.3,heterogeneous,4.0,POOL-LBA(=yours),130,5.0,88.0,93.0
72,0.3,heterogeneous,4.0,SLOT-G-DEF,130,71.0,126.0,55.0
72,0.3,heterogeneous,4.0,SLOT-G-LBA,130,5.0,93.0,88.0
72,0.3,heterogeneous,4.0,SLOT-LFT-DEF,130,71.0,126.0,55.0
72,0.3,heterogeneous,4.0,SLOT-LFT-LBA,130,5.0,93.0,88.0
72,0.3,heterogeneous,4.0,SLOT-RAND-DEF,132,71.0,126.0,55.0
72,0.3,heterogeneous,4.0,SLOT-RAND-LBA,131,9.0,95.0,86.0
72,0.3,heterogeneous,16.0,POOL-LBA(=yours),139,4.0,95.0,99.0
72,0.3,heterogeneous,16.0,SLOT-G-DEF,139,68.0,131.0,63.0
72,0.3,heterogeneous,16.0,SLOT-G-LBA,139,14.0,90.0,104.0
72,0.3,heterogeneous,16.0,SLOT-LFT-DEF,139,84.0,139.0,55.0
72,0.3,heterogeneous,16.0,SLOT-LFT-LBA,139,2.0,96.0,98.0
72,0.3,heterogeneous,16.0,SLOT-RAND-DEF,140,86.0,140.0,54.0
72,0.3,heterogeneous,16.0,SLOT-RAND-LBA,140,2.0,96.0,98.0
72,0.3,heterogeneous,64.0,POOL-LBA(=yours),138,6.0,92.0,98.0
72,0.3,heterogeneous,64.0,SLOT-G-DEF,138,58.0,124.0,66.0
72,0.3,heterogeneous,64.0,SLOT-G-LBA,138,14.0,88.0,102.0
72,0.3,heterogeneous,64.0,SLOT-LFT-DEF,138,70.0,130.0,60.0
72,0.3,heterogeneous,64.0,SLOT-LFT-LBA,138,2.0,94.0,96.0
72,0.3,heterogeneous,64.0,SLOT-RAND-DEF,137,72.0,131.0,59.0
72,0.3,heterogeneous,64.0,SLOT-RAND-LBA,140,6.0,92.0,98.0
73,0.0,uniform,,POOL-LBA(=yours),104,4.0,69.0,65.0
73,0.0,uniform,,SLOT-G-DEF,104,60.0,97.0,37.0
73,0.0,uniform,,SLOT-G-LBA,104,2.0,68.0,66.0
73,0.0,uniform,,SLOT-LFT-DEF,100,46.0,90.0,44.0
73,0.0,uniform,,SLOT-LFT-LBA,100,4.0,69.0,65.0
73,0.0,uniform,,SLOT-RAND-DEF,101,68.0,101.0,33.0
73,0.0,uniform,,SLOT-RAND-LBA,99,2.0,68.0,66.0
73,0.0,heterogeneous,4.0,POOL-LBA(=yours),104,4.0,69.0,65.0
73,0.0,heterogeneous,4.0,SLOT-G-DEF,104,60.0,97.0,37.0
73,0.0,heterogeneous,4.0,SLOT-G-LBA,104,2.0,68.0,66.0
73,0.0,heterogeneous,4.0,SLOT-LFT-DEF,100,46.0,90.0,44.0
73,0.0,heterogeneous,4.0,SLOT-LFT-LBA,100,4.0,69.0,65.0
73,0.0,heterogeneous,4.0,SLOT-RAND-DEF,101,56.0,95.0,39.0
73,0.0,heterogeneous,4.0,SLOT-RAND-LBA,98,2.0,66.0,68.0
73,0.0,heterogeneous,16.0,POOL-LBA(=yours),104,4.0,69.0,65.0
73,0.0,heterogeneous,16.0,SLOT-G-DEF,104,60.0,97.0,37.0
73,0.0,heterogeneous,16.0,SLOT-G-LBA,104,2.0,68.0,66.0
73,0.0,heterogeneous,16.0,SLOT-LFT-DEF,100,46.0,90.0,44.0
73,0.0,heterogeneous,16.0,SLOT-LFT-LBA,100,4.0,69.0,65.0
73,0.0,heterogeneous,16.0,SLOT-RAND-DEF,100,64.0,99.0,35.0
73,0.0,heterogeneous,16.0,SLOT-RAND-LBA,102,2.0,68.0,66.0
73,0.0,heterogeneous,64.0,POOL-LBA(=yours),104,4.0,69.0,65.0
73,0.0,heterogeneous,64.0,SLOT-G-DEF,104,60.0,97.0,37.0
73,0.0,heterogeneous,64.0,SLOT-G-LBA,104,2.0,68.0,66.0
73,0.0,heterogeneous,64.0,SLOT-LFT-DEF,100,46.0,90.0,44.0
73,0.0,heterogeneous,64.0,SLOT-LFT-LBA,100,4.0,69.0,65.0
73,0.0,heterogeneous,64.0,SLOT-RAND-DEF,96,54.0,94.0,40.0
73,0.0,heterogeneous,64.0,SLOT-RAND-LBA,98,0.0,67.0,67.0
73,0.1,uniform,,POOL-LBA(=yours),119,4.0,79.0,75.0
73,0.1,uniform,,SLOT-G-DEF,119,68.0,111.0,43.0
73,0.1,uniform,,SLOT-G-LBA,119,2.0,78.0,76.0
73,0.1,uniform,,SLOT-LFT-DEF,114,52.0,103.0,51.0
73,0.1,uniform,,SLOT-LFT-LBA,114,4.0,79.0,75.0
73,0.1,uniform,,SLOT-RAND-DEF,119,68.0,111.0,43.0
73,0.1,uniform,,SLOT-RAND-LBA,113,0.0,77.0,77.0
73,0.1,heterogeneous,4.0,POOL-LBA(=yours),114,4.0,75.0,71.0
73,0.1,heterogeneous,4.0,SLOT-G-DEF,114,78.0,112.0,34.0
73,0.1,heterogeneous,4.0,SLOT-G-LBA,114,0.0,73.0,73.0
73,0.1,heterogeneous,4.0,SLOT-LFT-DEF,110,74.0,110.0,36.0
73,0.1,heterogeneous,4.0,SLOT-LFT-LBA,110,0.0,73.0,73.0
73,0.1,heterogeneous,4.0,SLOT-RAND-DEF,106,64.0,105.0,41.0
73,0.1,heterogeneous,4.0,SLOT-RAND-LBA,105,2.0,72.0,74.0
73,0.1,heterogeneous,16.0,POOL-LBA(=yours),115,1.0,74.0,73.0
73,0.1,heterogeneous,16.0,SLOT-G-DEF,115,67.0,107.0,40.0
73,0.1,heterogeneous,16.0,SLOT-G-LBA,115,5.0,76.0,71.0
73,0.1,heterogeneous,16.0,SLOT-LFT-DEF,109,51.0,99.0,48.0
73,0.1,heterogeneous,16.0,SLOT-LFT-LBA,109,5.0,76.0,71.0
73,0.1,heterogeneous,16.0,SLOT-RAND-DEF,116,83.0,115.0,32.0
73,0.1,heterogeneous,16.0,SLOT-RAND-LBA,111,1.0,73.0,74.0
73,0.1,heterogeneous,64.0,POOL-LBA(=yours),113,2.0,73.0,75.0
73,0.1,heterogeneous,64.0,SLOT-G-DEF,113,58.0,103.0,45.0
73,0.1,heterogeneous,64.0,SLOT-G-LBA,113,2.0,73.0,75.0
73,0.1,heterogeneous,64.0,SLOT-LFT-DEF,109,52.0,100.0,48.0
73,0.1,heterogeneous,64.0,SLOT-LFT-LBA,109,6.0,71.0,77.0
73,0.1,heterogeneous,64.0,SLOT-RAND-DEF,114,66.0,107.0,41.0
73,0.1,heterogeneous,64.0,SLOT-RAND-LBA,110,2.0,73.0,75.0
73,0.2,uniform,,POOL-LBA(=yours),125,4.0,78.0,82.0
73,0.2,uniform,,SLOT-G-DEF,125,72.0,116.0,44.0
73,0.2,uniform,,SLOT-G-LBA,125,2.0,81.0,79.0
73,0.2,uniform,,SLOT-LFT-DEF,120,56.0,108.0,52.0
73,0.2,uniform,,SLOT-LFT-LBA,120,4.0,82.0,78.0
73,0.2,uniform,,SLOT-RAND-DEF,125,84.0,122.0,38.0
73,0.2,uniform,,SLOT-RAND-LBA,125,2.0,79.0,81.0
73,0.2,heterogeneous,4.0,POOL-LBA(=yours),131,0.0,86.0,86.0
73,0.2,heterogeneous,4.0,SLOT-G-DEF,131,78.0,125.0,47.0
73,0.2,heterogeneous,4.0,SLOT-G-LBA,131,0.0,86.0,86.0
73,0.2,heterogeneous,4.0,SLOT-LFT-DEF,124,60.0,116.0,56.0
73,0.2,heterogeneous,4.0,SLOT-LFT-LBA,124,2.0,85.0,87.0
73,0.2,heterogeneous,4.0,SLOT-RAND-DEF,131,90.0,131.0,41.0
73,0.2,heterogeneous,4.0,SLOT-RAND-LBA,131,2.0,85.0,87.0
73,0.2,heterogeneous,16.0,POOL-LBA(=yours),125,6.0,84.0,78.0
73,0.2,heterogeneous,16.0,SLOT-G-DEF,125,70.0,116.0,46.0
73,0.2,heterogeneous,16.0,SLOT-G-LBA,125,16.0,89.0,73.0
73,0.2,heterogeneous,16.0,SLOT-LFT-DEF,121,64.0,113.0,49.0
73,0.2,heterogeneous,16.0,SLOT-LFT-LBA,121,12.0,75.0,87.0
73,0.2,heterogeneous,16.0,SLOT-RAND-DEF,118,66.0,114.0,48.0
73,0.2,heterogeneous,16.0,SLOT-RAND-LBA,122,8.0,77.0,85.0
73,0.2,heterogeneous,64.0,POOL-LBA(=yours),125,6.0,83.0,77.0
73,0.2,heterogeneous,64.0,SLOT-G-DEF,125,72.0,116.0,44.0
73,0.2,heterogeneous,64.0,SLOT-G-LBA,125,4.0,82.0,78.0
73,0.2,heterogeneous,64.0,SLOT-LFT-DEF,119,56.0,108.0,52.0
73,0.2,heterogeneous,64.0,SLOT-LFT-LBA,119,6.0,83.0,77.0
73,0.2,heterogeneous,64.0,SLOT-RAND-DEF,124,86.0,123.0,37.0
73,0.2,heterogeneous,64.0,SLOT-RAND-LBA,117,6.0,83.0,77.0
73,0.3,uniform,,POOL-LBA(=yours),133,5.0,88.0,83.0
73,0.3,uniform,,SLOT-G-DEF,133,77.0,124.0,47.0
73,0.3,uniform,,SLOT-G-LBA,133,3.0,87.0,84.0
73,0.3,uniform,,SLOT-LFT-DEF,128,59.0,115.0,56.0
73,0.3,uniform,,SLOT-LFT-LBA,128,7.0,89.0,82.0
73,0.3,uniform,,SLOT-RAND-DEF,134,93.0,132.0,39.0
73,0.3,uniform,,SLOT-RAND-LBA,129,5.0,88.0,83.0
73,0.3,heterogeneous,4.0,POOL-LBA(=yours),137,9.0,93.0,84.0
73,0.3,heterogeneous,4.0,SLOT-G-DEF,137,77.0,127.0,50.0
73,0.3,heterogeneous,4.0,SLOT-G-LBA,137,7.0,85.0,92.0
73,0.3,heterogeneous,4.0,SLOT-LFT-DEF,131,57.0,117.0,60.0
73,0.3,heterogeneous,4.0,SLOT-LFT-LBA,131,3.0,90.0,87.0
73,0.3,heterogeneous,4.0,SLOT-RAND-DEF,133,71.0,124.0,53.0
73,0.3,heterogeneous,4.0,SLOT-RAND-LBA,138,1.0,89.0,88.0
73,0.3,heterogeneous,16.0,POOL-LBA(=yours),144,3.0,95.0,92.0
73,0.3,heterogeneous,16.0,SLOT-G-DEF,144,83.0,135.0,52.0
73,0.3,heterogeneous,16.0,SLOT-G-LBA,144,3.0,95.0,92.0
73,0.3,heterogeneous,16.0,SLOT-LFT-DEF,139,61.0,124.0,63.0
73,0.3,heterogeneous,16.0,SLOT-LFT-LBA,139,7.0,97.0,90.0
73,0.3,heterogeneous,16.0,SLOT-RAND-DEF,144,83.0,135.0,52.0
73,0.3,heterogeneous,16.0,SLOT-RAND-LBA,140,9.0,98.0,89.0
73,0.3,heterogeneous,64.0,POOL-LBA(=yours),138,6.0,92.0,86.0
73,0.3,heterogeneous,64.0,SLOT-G-DEF,138,66.0,122.0,56.0
73,0.3,heterogeneous,64.0,SLOT-G-LBA,138,14.0,96.0,82.0
73,0.3,heterogeneous,64.0,SLOT-LFT-DEF,133,48.0,113.0,65.0
73,0.3,heterogeneous,64.0,SLOT-LFT-LBA,133,16.0,97.0,81.0
73,0.3,heterogeneous,64.0,SLOT-RAND-DEF,135,60.0,119.0,59.0
73,0.3,heterogeneous,64.0,SLOT-RAND-LBA,135,0.0,89.0,89.0
74,0.0,uniform,,POOL-LBA(=yours),104,1.0,68.0,69.0
74,0.0,uniform,,SLOT-G-DEF,104,69.0,103.0,34.0
74,0.0,uniform,,SLOT-G-LBA,104,5.0,71.0,66.0
74,0.0,uniform,,SLOT-LFT-DEF,98,57.0,97.0,40.0
74,0.0,uniform,,SLOT-LFT-LBA,98,5.0,71.0,66.0
74,0.0,uniform,,SLOT-RAND-DEF,98,51.0,94.0,43.0
74,0.0,uniform,,SLOT-RAND-LBA,99,7.0,65.0,72.0
74,0.0,heterogeneous,4.0,POOL-LBA(=yours),104,1.0,68.0,69.0
74,0.0,heterogeneous,4.0,SLOT-G-DEF,104,69.0,103.0,34.0
74,0.0,heterogeneous,4.0,SLOT-G-LBA,104,5.0,71.0,66.0
74,0.0,heterogeneous,4.0,SLOT-LFT-DEF,98,57.0,97.0,40.0
74,0.0,heterogeneous,4.0,SLOT-LFT-LBA,98,5.0,71.0,66.0
74,0.0,heterogeneous,4.0,SLOT-RAND-DEF,104,69.0,103.0,34.0
74,0.0,heterogeneous,4.0,SLOT-RAND-LBA,109,3.0,67.0,70.0
74,0.0,heterogeneous,16.0,POOL-LBA(=yours),104,1.0,68.0,69.0
74,0.0,heterogeneous,16.0,SLOT-G-DEF,104,69.0,103.0,34.0
74,0.0,heterogeneous,16.0,SLOT-G-LBA,104,5.0,71.0,66.0
74,0.0,heterogeneous,16.0,SLOT-LFT-DEF,98,57.0,97.0,40.0
74,0.0,heterogeneous,16.0,SLOT-LFT-LBA,98,5.0,71.0,66.0
74,0.0,heterogeneous,16.0,SLOT-RAND-DEF,98,51.0,94.0,43.0
74,0.0,heterogeneous,16.0,SLOT-RAND-LBA,104,7.0,72.0,65.0
74,0.0,heterogeneous,64.0,POOL-LBA(=yours),104,1.0,68.0,69.0
74,0.0,heterogeneous,64.0,SLOT-G-DEF,104,69.0,103.0,34.0
74,0.0,heterogeneous,64.0,SLOT-G-LBA,104,5.0,71.0,66.0
74,0.0,heterogeneous,64.0,SLOT-LFT-DEF,98,57.0,97.0,40.0
74,0.0,heterogeneous,64.0,SLOT-LFT-LBA,98,5.0,71.0,66.0
74,0.0,heterogeneous,64.0,SLOT-RAND-DEF,98,49.0,93.0,44.0
74,0.0,heterogeneous,64.0,SLOT-RAND-LBA,104,1.0,69.0,68.0
74,0.1,uniform,,POOL-LBA(=yours),119,1.0,78.0,79.0
74,0.1,uniform,,SLOT-G-DEF,119,79.0,118.0,39.0
74,0.1,uniform,,SLOT-G-LBA,119,5.0,81.0,76.0
74,0.1,uniform,,SLOT-LFT-DEF,112,65.0,111.0,46.0
74,0.1,uniform,,SLOT-LFT-LBA,112,5.0,81.0,76.0
74,0.1,uniform,,SLOT-RAND-DEF,119,73.0,115.0,42.0
74,0.1,uniform,,SLOT-RAND-LBA,119,1.0,79.0,78.0
74,0.1,heterogeneous,4.0,POOL-LBA(=yours),113,1.0,74.0,75.0
74,0.1,heterogeneous,4.0,SLOT-G-DEF,113,73.0,111.0,38.0
74,0.1,heterogeneous,4.0,SLOT-G-LBA,113,3.0,73.0,76.0
74,0.1,heterogeneous,4.0,SLOT-LFT-DEF,107,61.0,105.0,44.0
74,0.1,heterogeneous,4.0,SLOT-LFT-LBA,107,3.0,76.0,73.0
74,0.1,heterogeneous,4.0,SLOT-RAND-DEF,107,65.0,107.0,42.0
74,0.1,heterogeneous,4.0,SLOT-RAND-LBA,112,7.0,71.0,78.0
74,0.1,heterogeneous,16.0,POOL-LBA(=yours),112,1.0,75.0,74.0
74,0.1,heterogeneous,16.0,SLOT-G-DEF,112,73.0,111.0,38.0
74,0.1,heterogeneous,16.0,SLOT-G-LBA,112,5.0,77.0,72.0
74,0.1,heterogeneous,16.0,SLOT-LFT-DEF,106,61.0,105.0,44.0
74,0.1,heterogeneous,16.0,SLOT-LFT-LBA,106,3.0,73.0,76.0
74,0.1,heterogeneous,16.0,SLOT-RAND-DEF,118,57.0,103.0,46.0
74,0.1,heterogeneous,16.0,SLOT-RAND-LBA,112,3.0,73.0,76.0
74,0.1,heterogeneous,64.0,POOL-LBA(=yours),114,3.0,74.0,77.0
74,0.1,heterogeneous,64.0,SLOT-G-DEF,114,77.0,114.0,37.0
74,0.1,heterogeneous,64.0,SLOT-G-LBA,114,5.0,73.0,78.0
74,0.1,heterogeneous,64.0,SLOT-LFT-DEF,108,65.0,108.0,43.0
74,0.1,heterogeneous,64.0,SLOT-LFT-LBA,108,3.0,74.0,77.0
74,0.1,heterogeneous,64.0,SLOT-RAND-DEF,110,63.0,107.0,44.0
74,0.1,heterogeneous,64.0,SLOT-RAND-LBA,115,3.0,77.0,74.0
74,0.2,uniform,,POOL-LBA(=yours),125,0.0,82.0,82.0
74,0.2,uniform,,SLOT-G-DEF,125,82.0,123.0,41.0
74,0.2,uniform,,SLOT-G-LBA,125,6.0,85.0,79.0
74,0.2,uniform,,SLOT-LFT-DEF,118,68.0,116.0,48.0
74,0.2,uniform,,SLOT-LFT-LBA,118,4.0,80.0,84.0
74,0.2,uniform,,SLOT-RAND-DEF,124,84.0,124.0,40.0
74,0.2,uniform,,SLOT-RAND-LBA,118,4.0,84.0,80.0
74,0.2,heterogeneous,4.0,POOL-LBA(=yours),117,3.0,81.0,78.0
74,0.2,heterogeneous,4.0,SLOT-G-DEF,117,75.0,117.0,42.0
74,0.2,heterogeneous,4.0,SLOT-G-LBA,117,3.0,81.0,78.0
74,0.2,heterogeneous,4.0,SLOT-LFT-DEF,111,63.0,111.0,48.0
74,0.2,heterogeneous,4.0,SLOT-LFT-LBA,111,3.0,78.0,81.0
74,0.2,heterogeneous,4.0,SLOT-RAND-DEF,118,69.0,114.0,45.0
74,0.2,heterogeneous,4.0,SLOT-RAND-LBA,118,11.0,74.0,85.0
74,0.2,heterogeneous,16.0,POOL-LBA(=yours),123,2.0,83.0,81.0
74,0.2,heterogeneous,16.0,SLOT-G-DEF,123,80.0,122.0,42.0
74,0.2,heterogeneous,16.0,SLOT-G-LBA,123,4.0,84.0,80.0
74,0.2,heterogeneous,16.0,SLOT-LFT-DEF,115,64.0,114.0,50.0
74,0.2,heterogeneous,16.0,SLOT-LFT-LBA,115,4.0,80.0,84.0
74,0.2,heterogeneous,16.0,SLOT-RAND-DEF,115,60.0,112.0,52.0
74,0.2,heterogeneous,16.0,SLOT-RAND-LBA,123,4.0,80.0,84.0
74,0.2,heterogeneous,64.0,POOL-LBA(=yours),124,1.0,82.0,81.0
74,0.2,heterogeneous,64.0,SLOT-G-DEF,124,81.0,122.0,41.0
74,0.2,heterogeneous,64.0,SLOT-G-LBA,124,5.0,84.0,79.0
74,0.2,heterogeneous,64.0,SLOT-LFT-DEF,117,67.0,115.0,48.0
74,0.2,heterogeneous,64.0,SLOT-LFT-LBA,117,3.0,80.0,83.0
74,0.2,heterogeneous,64.0,SLOT-RAND-DEF,117,61.0,112.0,51.0
74,0.2,heterogeneous,64.0,SLOT-RAND-LBA,117,3.0,80.0,83.0
74,0.3,uniform,,POOL-LBA(=yours),132,3.0,86.0,89.0
74,0.3,uniform,,SLOT-G-DEF,132,89.0,132.0,43.0
74,0.3,uniform,,SLOT-G-LBA,132,7.0,91.0,84.0
74,0.3,uniform,,SLOT-LFT-DEF,124,73.0,124.0,51.0
74,0.3,uniform,,SLOT-LFT-LBA,124,5.0,85.0,90.0
74,0.3,uniform,,SLOT-RAND-DEF,124,69.0,122.0,53.0
74,0.3,uniform,,SLOT-RAND-LBA,134,7.0,84.0,91.0
74,0.3,heterogeneous,4.0,POOL-LBA(=yours),134,1.0,87.0,88.0
74,0.3,heterogeneous,4.0,SLOT-G-DEF,134,89.0,132.0,43.0
74,0.3,heterogeneous,4.0,SLOT-G-LBA,134,7.0,91.0,84.0
74,0.3,heterogeneous,4.0,SLOT-LFT-DEF,127,75.0,125.0,50.0
74,0.3,heterogeneous,4.0,SLOT-LFT-LBA,127,5.0,90.0,85.0
74,0.3,heterogeneous,4.0,SLOT-RAND-DEF,134,81.0,128.0,47.0
74,0.3,heterogeneous,4.0,SLOT-RAND-LBA,133,3.0,89.0,86.0
74,0.3,heterogeneous,16.0,POOL-LBA(=yours),134,4.0,90.0,86.0
74,0.3,heterogeneous,16.0,SLOT-G-DEF,134,70.0,123.0,53.0
74,0.3,heterogeneous,16.0,SLOT-G-LBA,134,6.0,91.0,85.0
74,0.3,heterogeneous,16.0,SLOT-LFT-DEF,127,72.0,124.0,52.0
74,0.3,heterogeneous,16.0,SLOT-LFT-LBA,127,6.0,91.0,85.0
74,0.3,heterogeneous,16.0,SLOT-RAND-DEF,126,68.0,122.0,54.0
74,0.3,heterogeneous,16.0,SLOT-RAND-LBA,128,2.0,89.0,87.0
74,0.3,heterogeneous,64.0,POOL-LBA(=yours),138,2.0,92.0,90.0
74,0.3,heterogeneous,64.0,SLOT-G-DEF,138,92.0,137.0,45.0
74,0.3,heterogeneous,64.0,SLOT-G-LBA,138,4.0,93.0,89.0
74,0.3,heterogeneous,64.0,SLOT-LFT-DEF,130,76.0,129.0,53.0
74,0.3,heterogeneous,64.0,SLOT-LFT-LBA,130,6.0,88.0,94.0
74,0.3,heterogeneous,64.0,SLOT-RAND-DEF,130,70.0,126.0,56.0
74,0.3,heterogeneous,64.0,SLOT-RAND-LBA,130,8.0,95.0,87.0
75,0.0,uniform,,POOL-LBA(=yours),105,3.0,70.0,73.0
75,0.0,uniform,,SLOT-G-DEF,105,67.0,105.0,38.0
75,0.0,uniform,,SLOT-G-LBA,105,1.0,71.0,72.0
75,0.0,uniform,,SLOT-LFT-DEF,103,63.0,103.0,40.0
75,0.0,uniform,,SLOT-LFT-LBA,103,3.0,70.0,73.0
75,0.0,uniform,,SLOT-RAND-DEF,103,63.0,103.0,40.0
75,0.0,uniform,,SLOT-RAND-LBA,104,1.0,72.0,71.0
75,0.0,heterogeneous,4.0,POOL-LBA(=yours),105,3.0,70.0,73.0
75,0.0,heterogeneous,4.0,SLOT-G-DEF,105,67.0,105.0,38.0
75,0.0,heterogeneous,4.0,SLOT-G-LBA,105,1.0,71.0,72.0
75,0.0,heterogeneous,4.0,SLOT-LFT-DEF,103,63.0,103.0,40.0
75,0.0,heterogeneous,4.0,SLOT-LFT-LBA,103,3.0,70.0,73.0
75,0.0,heterogeneous,4.0,SLOT-RAND-DEF,102,55.0,99.0,44.0
75,0.0,heterogeneous,4.0,SLOT-RAND-LBA,103,3.0,70.0,73.0
75,0.0,heterogeneous,16.0,POOL-LBA(=yours),105,3.0,70.0,73.0
75,0.0,heterogeneous,16.0,SLOT-G-DEF,105,67.0,105.0,38.0
75,0.0,heterogeneous,16.0,SLOT-G-LBA,105,1.0,71.0,72.0
75,0.0,heterogeneous,16.0,SLOT-LFT-DEF,103,63.0,103.0,40.0
75,0.0,heterogeneous,16.0,SLOT-LFT-LBA,103,3.0,70.0,73.0
75,0.0,heterogeneous,16.0,SLOT-RAND-DEF,103,63.0,103.0,40.0
75,0.0,heterogeneous,16.0,SLOT-RAND-LBA,105,3.0,73.0,70.0
75,0.0,heterogeneous,64.0,POOL-LBA(=yours),105,3.0,70.0,73.0
75,0.0,heterogeneous,64.0,SLOT-G-DEF,105,67.0,105.0,38.0
75,0.0,heterogeneous,64.0,SLOT-G-LBA,105,1.0,71.0,72.0
75,0.0,heterogeneous,64.0,SLOT-LFT-DEF,103,63.0,103.0,40.0
75,0.0,heterogeneous,64.0,SLOT-LFT-LBA,103,3.0,70.0,73.0
75,0.0,heterogeneous,64.0,SLOT-RAND-DEF,105,67.0,105.0,38.0
75,0.0,heterogeneous,64.0,SLOT-RAND-LBA,104,3.0,70.0,73.0
75,0.1,uniform,,POOL-LBA(=yours),119,3.0,80.0,83.0
75,0.1,uniform,,SLOT-G-DEF,119,75.0,119.0,44.0
75,0.1,uniform,,SLOT-G-LBA,119,1.0,81.0,82.0
75,0.1,uniform,,SLOT-LFT-DEF,117,71.0,117.0,46.0
75,0.1,uniform,,SLOT-LFT-LBA,117,3.0,80.0,83.0
75,0.1,uniform,,SLOT-RAND-DEF,118,73.0,118.0,45.0
75,0.1,uniform,,SLOT-RAND-LBA,119,1.0,82.0,81.0
75,0.1,heterogeneous,4.0,POOL-LBA(=yours),116,1.0,77.0,78.0
75,0.1,heterogeneous,4.0,SLOT-G-DEF,116,73.0,114.0,41.0
75,0.1,heterogeneous,4.0,SLOT-G-LBA,116,1.0,77.0,78.0
75,0.1,heterogeneous,4.0,SLOT-LFT-DEF,113,59.0,107.0,48.0
75,0.1,heterogeneous,4.0,SLOT-LFT-LBA,113,1.0,78.0,77.0
75,0.1,heterogeneous,4.0,SLOT-RAND-DEF,114,61.0,108.0,47.0
75,0.1,heterogeneous,4.0,SLOT-RAND-LBA,117,3.0,76.0,79.0
75,0.1,heterogeneous,16.0,POOL-LBA(=yours),120,3.0,79.0,82.0
75,0.1,heterogeneous,16.0,SLOT-G-DEF,120,79.0,120.0,41.0
75,0.1,heterogeneous,16.0,SLOT-G-LBA,120,1.0,81.0,80.0
75,0.1,heterogeneous,16.0,SLOT-LFT-DEF,117,65.0,113.0,48.0
75,0.1,heterogeneous,16.0,SLOT-LFT-LBA,117,3.0,82.0,79.0
75,0.1,heterogeneous,16.0,SLOT-RAND-DEF,123,85.0,123.0,38.0
75,0.1,heterogeneous,16.0,SLOT-RAND-LBA,117,3.0,82.0,79.0
75,0.1,heterogeneous,64.0,POOL-LBA(=yours),115,3.0,76.0,79.0
75,0.1,heterogeneous,64.0,SLOT-G-DEF,115,71.0,113.0,42.0
75,0.1,heterogeneous,64.0,SLOT-G-LBA,115,3.0,79.0,76.0
75,0.1,heterogeneous,64.0,SLOT-LFT-DEF,112,57.0,106.0,49.0
75,0.1,heterogeneous,64.0,SLOT-LFT-LBA,112,3.0,79.0,76.0
75,0.1,heterogeneous,64.0,SLOT-RAND-DEF,114,73.0,114.0,41.0
75,0.1,heterogeneous,64.0,SLOT-RAND-LBA,115,1.0,78.0,77.0
75,0.2,uniform,,POOL-LBA(=yours),126,4.0,84.0,88.0
75,0.2,uniform,,SLOT-G-DEF,126,80.0,126.0,46.0
75,0.2,uniform,,SLOT-G-LBA,126,2.0,87.0,85.0
75,0.2,uniform,,SLOT-LFT-DEF,124,76.0,124.0,48.0
75,0.2,uniform,,SLOT-LFT-LBA,124,4.0,84.0,88.0
75,0.2,uniform,,SLOT-RAND-DEF,128,84.0,128.0,44.0
75,0.2,uniform,,SLOT-RAND-LBA,129,2.0,87.0,85.0
75,0.2,heterogeneous,4.0,POOL-LBA(=yours),129,1.0,87.0,86.0
75,0.2,heterogeneous,4.0,SLOT-G-DEF,129,85.0,129.0,44.0
75,0.2,heterogeneous,4.0,SLOT-G-LBA,129,1.0,86.0,87.0
75,0.2,heterogeneous,4.0,SLOT-LFT-DEF,126,79.0,126.0,47.0
75,0.2,heterogeneous,4.0,SLOT-LFT-LBA,126,7.0,83.0,90.0
75,0.2,heterogeneous,4.0,SLOT-RAND-DEF,128,73.0,123.0,50.0
75,0.2,heterogeneous,4.0,SLOT-RAND-LBA,129,9.0,82.0,91.0
75,0.2,heterogeneous,16.0,POOL-LBA(=yours),126,2.0,87.0,85.0
75,0.2,heterogeneous,16.0,SLOT-G-DEF,126,80.0,126.0,46.0
75,0.2,heterogeneous,16.0,SLOT-G-LBA,126,4.0,84.0,88.0
75,0.2,heterogeneous,16.0,SLOT-LFT-DEF,124,76.0,124.0,48.0
75,0.2,heterogeneous,16.0,SLOT-LFT-LBA,124,0.0,86.0,86.0
75,0.2,heterogeneous,16.0,SLOT-RAND-DEF,125,60.0,116.0,56.0
75,0.2,heterogeneous,16.0,SLOT-RAND-LBA,123,4.0,88.0,84.0
75,0.2,heterogeneous,64.0,POOL-LBA(=yours),124,2.0,85.0,83.0
75,0.2,heterogeneous,64.0,SLOT-G-DEF,124,80.0,124.0,44.0
75,0.2,heterogeneous,64.0,SLOT-G-LBA,124,2.0,85.0,83.0
75,0.2,heterogeneous,64.0,SLOT-LFT-DEF,120,64.0,116.0,52.0
75,0.2,heterogeneous,64.0,SLOT-LFT-LBA,120,0.0,84.0,84.0
75,0.2,heterogeneous,64.0,SLOT-RAND-DEF,122,76.0,122.0,46.0
75,0.2,heterogeneous,64.0,SLOT-RAND-LBA,127,6.0,87.0,81.0
75,0.3,uniform,,POOL-LBA(=yours),135,3.0,90.0,93.0
75,0.3,uniform,,SLOT-G-DEF,135,87.0,135.0,48.0
75,0.3,uniform,,SLOT-G-LBA,135,3.0,93.0,90.0
75,0.3,uniform,,SLOT-LFT-DEF,132,81.0,132.0,51.0
75,0.3,uniform,,SLOT-LFT-LBA,132,3.0,90.0,93.0
75,0.3,uniform,,SLOT-RAND-DEF,132,69.0,126.0,57.0
75,0.3,uniform,,SLOT-RAND-LBA,138,3.0,93.0,90.0
75,0.3,heterogeneous,4.0,POOL-LBA(=yours),140,4.0,92.0,96.0
75,0.3,heterogeneous,4.0,SLOT-G-DEF,140,92.0,140.0,48.0
75,0.3,heterogeneous,4.0,SLOT-G-LBA,140,8.0,98.0,90.0
75,0.3,heterogeneous,4.0,SLOT-LFT-DEF,137,70.0,129.0,59.0
75,0.3,heterogeneous,4.0,SLOT-LFT-LBA,137,4.0,92.0,96.0
75,0.3,heterogeneous,4.0,SLOT-RAND-DEF,140,66.0,127.0,61.0
75,0.3,heterogeneous,4.0,SLOT-RAND-LBA,140,0.0,94.0,94.0
75,0.3,heterogeneous,16.0,POOL-LBA(=yours),139,5.0,95.0,90.0
75,0.3,heterogeneous,16.0,SLOT-G-DEF,139,89.0,137.0,48.0
75,0.3,heterogeneous,16.0,SLOT-G-LBA,139,7.0,89.0,96.0
75,0.3,heterogeneous,16.0,SLOT-LFT-DEF,136,83.0,134.0,51.0
75,0.3,heterogeneous,16.0,SLOT-LFT-LBA,136,1.0,93.0,92.0
75,0.3,heterogeneous,16.0,SLOT-RAND-DEF,139,85.0,135.0,50.0
75,0.3,heterogeneous,16.0,SLOT-RAND-LBA,137,3.0,91.0,94.0
75,0.3,heterogeneous,64.0,POOL-LBA(=yours),136,4.0,91.0,95.0
75,0.3,heterogeneous,64.0,SLOT-G-DEF,136,86.0,136.0,50.0
75,0.3,heterogeneous,64.0,SLOT-G-LBA,136,4.0,91.0,95.0
75,0.3,heterogeneous,64.0,SLOT-LFT-DEF,134,72.0,129.0,57.0
75,0.3,heterogeneous,64.0,SLOT-LFT-LBA,134,2.0,92.0,94.0
75,0.3,heterogeneous,64.0,SLOT-RAND-DEF,136,72.0,129.0,57.0
75,0.3,heterogeneous,64.0,SLOT-RAND-LBA,137,12.0,87.0,99.0
76,0.0,uniform,,POOL-LBA(=yours),98,2.0,67.0,69.0
76,0.0,uniform,,SLOT-G-DEF,98,52.0,94.0,42.0
76,0.0,uniform,,SLOT-G-LBA,98,0.0,68.0,68.0
76,0.0,uniform,,SLOT-LFT-DEF,98,60.0,98.0,38.0
76,0.0,uniform,,SLOT-LFT-LBA,98,2.0,69.0,67.0
76,0.0,uniform,,SLOT-RAND-DEF,103,68.0,102.0,34.0
76,0.0,uniform,,SLOT-RAND-LBA,104,6.0,65.0,71.0
76,0.0,heterogeneous,4.0,POOL-LBA(=yours),98,2.0,67.0,69.0
76,0.0,heterogeneous,4.0,SLOT-G-DEF,98,52.0,94.0,42.0
76,0.0,heterogeneous,4.0,SLOT-G-LBA,98,0.0,68.0,68.0
76,0.0,heterogeneous,4.0,SLOT-LFT-DEF,98,60.0,98.0,38.0
76,0.0,heterogeneous,4.0,SLOT-LFT-LBA,98,2.0,69.0,67.0
76,0.0,heterogeneous,4.0,SLOT-RAND-DEF,98,60.0,98.0,38.0
76,0.0,heterogeneous,4.0,SLOT-RAND-LBA,103,2.0,67.0,69.0
76,0.0,heterogeneous,16.0,POOL-LBA(=yours),98,2.0,67.0,69.0
76,0.0,heterogeneous,16.0,SLOT-G-DEF,98,52.0,94.0,42.0
76,0.0,heterogeneous,16.0,SLOT-G-LBA,98,0.0,68.0,68.0
76,0.0,heterogeneous,16.0,SLOT-LFT-DEF,98,60.0,98.0,38.0
76,0.0,heterogeneous,16.0,SLOT-LFT-LBA,98,2.0,69.0,67.0
76,0.0,heterogeneous,16.0,SLOT-RAND-DEF,101,54.0,95.0,41.0
76,0.0,heterogeneous,16.0,SLOT-RAND-LBA,100,6.0,71.0,65.0
76,0.0,heterogeneous,64.0,POOL-LBA(=yours),98,2.0,67.0,69.0
76,0.0,heterogeneous,64.0,SLOT-G-DEF,98,52.0,94.0,42.0
76,0.0,heterogeneous,64.0,SLOT-G-LBA,98,0.0,68.0,68.0
76,0.0,heterogeneous,64.0,SLOT-LFT-DEF,98,60.0,98.0,38.0
76,0.0,heterogeneous,64.0,SLOT-LFT-LBA,98,2.0,69.0,67.0
76,0.0,heterogeneous,64.0,SLOT-RAND-DEF,101,44.0,90.0,46.0
76,0.0,heterogeneous,64.0,SLOT-RAND-LBA,101,12.0,74.0,62.0
76,0.1,uniform,,POOL-LBA(=yours),112,2.0,77.0,79.0
76,0.1,uniform,,SLOT-G-DEF,112,60.0,108.0,48.0
76,0.1,uniform,,SLOT-G-LBA,112,0.0,78.0,78.0
76,0.1,uniform,,SLOT-LFT-DEF,112,68.0,112.0,44.0
76,0.1,uniform,,SLOT-LFT-LBA,112,2.0,79.0,77.0
76,0.1,uniform,,SLOT-RAND-DEF,112,60.0,108.0,48.0
76,0.1,uniform,,SLOT-RAND-LBA,118,4.0,80.0,76.0
76,0.1,heterogeneous,4.0,POOL-LBA(=yours),102,4.0,73.0,77.0
76,0.1,heterogeneous,4.0,SLOT-G-DEF,102,40.0,95.0,55.0
76,0.1,heterogeneous,4.0,SLOT-G-LBA,102,4.0,73.0,77.0
76,0.1,heterogeneous,4.0,SLOT-LFT-DEF,102,48.0,99.0,51.0
76,0.1,heterogeneous,4.0,SLOT-LFT-LBA,102,6.0,72.0,78.0
76,0.1,heterogeneous,4.0,SLOT-RAND-DEF,107,56.0,103.0,47.0
76,0.1,heterogeneous,4.0,SLOT-RAND-LBA,110,6.0,78.0,72.0
76,0.1,heterogeneous,16.0,POOL-LBA(=yours),105,4.0,72.0,76.0
76,0.1,heterogeneous,16.0,SLOT-G-DEF,105,58.0,103.0,45.0
76,0.1,heterogeneous,16.0,SLOT-G-LBA,105,2.0,73.0,75.0
76,0.1,heterogeneous,16.0,SLOT-LFT-DEF,105,62.0,105.0,43.0
76,0.1,heterogeneous,16.0,SLOT-LFT-LBA,105,4.0,72.0,76.0
76,0.1,heterogeneous,16.0,SLOT-RAND-DEF,109,70.0,109.0,39.0
76,0.1,heterogeneous,16.0,SLOT-RAND-LBA,107,8.0,78.0,70.0
76,0.1,heterogeneous,64.0,POOL-LBA(=yours),107,4.0,72.0,76.0
76,0.1,heterogeneous,64.0,SLOT-G-DEF,107,42.0,95.0,53.0
76,0.1,heterogeneous,64.0,SLOT-G-LBA,107,12.0,80.0,68.0
76,0.1,heterogeneous,64.0,SLOT-LFT-DEF,107,54.0,101.0,47.0
76,0.1,heterogeneous,64.0,SLOT-LFT-LBA,107,8.0,70.0,78.0
76,0.1,heterogeneous,64.0,SLOT-RAND-DEF,114,54.0,101.0,47.0
76,0.1,heterogeneous,64.0,SLOT-RAND-LBA,108,14.0,67.0,81.0
76,0.2,uniform,,POOL-LBA(=yours),117,3.0,83.0,80.0
76,0.2,uniform,,SLOT-G-DEF,117,61.0,112.0,51.0
76,0.2,uniform,,SLOT-G-LBA,117,1.0,82.0,81.0
76,0.2,uniform,,SLOT-LFT-DEF,117,71.0,117.0,46.0
76,0.2,uniform,,SLOT-LFT-LBA,117,1.0,82.0,81.0
76,0.2,uniform,,SLOT-RAND-DEF,120,61.0,112.0,51.0
76,0.2,uniform,,SLOT-RAND-LBA,124,3.0,83.0,80.0
76,0.2,heterogeneous,4.0,POOL-LBA(=yours),111,1.0,77.0,78.0
76,0.2,heterogeneous,4.0,SLOT-G-DEF,111,57.0,106.0,49.0
76,0.2,heterogeneous,4.0,SLOT-G-LBA,111,1.0,77.0,78.0
76,0.2,heterogeneous,4.0,SLOT-LFT-DEF,110,65.0,110.0,45.0
76,0.2,heterogeneous,4.0,SLOT-LFT-LBA,110,3.0,79.0,76.0
76,0.2,heterogeneous,4.0,SLOT-RAND-DEF,115,63.0,109.0,46.0
76,0.2,heterogeneous,4.0,SLOT-RAND-LBA,115,3.0,79.0,76.0
76,0.2,heterogeneous,16.0,POOL-LBA(=yours),114,2.0,81.0,79.0
76,0.2,heterogeneous,16.0,SLOT-G-DEF,114,60.0,110.0,50.0
76,0.2,heterogeneous,16.0,SLOT-G-LBA,114,0.0,80.0,80.0
76,0.2,heterogeneous,16.0,SLOT-LFT-DEF,114,68.0,114.0,46.0
76,0.2,heterogeneous,16.0,SLOT-LFT-LBA,114,0.0,80.0,80.0
76,0.2,heterogeneous,16.0,SLOT-RAND-DEF,114,58.0,109.0,51.0
76,0.2,heterogeneous,16.0,SLOT-RAND-LBA,124,4.0,78.0,82.0
76,0.2,heterogeneous,64.0,POOL-LBA(=yours),116,5.0,79.0,84.0
76,0.2,heterogeneous,64.0,SLOT-G-DEF,116,39.0,101.0,62.0
76,0.2,heterogeneous,64.0,SLOT-G-LBA,116,13.0,75.0,88.0
76,0.2,heterogeneous,64.0,SLOT-LFT-DEF,116,55.0,109.0,54.0
76,0.2,heterogeneous,64.0,SLOT-LFT-LBA,116,13.0,88.0,75.0
76,0.2,heterogeneous,64.0,SLOT-RAND-DEF,123,79.0,121.0,42.0
76,0.2,heterogeneous,64.0,SLOT-RAND-LBA,119,13.0,75.0,88.0
76,0.3,uniform,,POOL-LBA(=yours),125,5.0,84.0,89.0
76,0.3,uniform,,SLOT-G-DEF,125,67.0,120.0,53.0
76,0.3,uniform,,SLOT-G-LBA,125,1.0,86.0,87.0
76,0.3,uniform,,SLOT-LFT-DEF,125,77.0,125.0,48.0
76,0.3,uniform,,SLOT-LFT-LBA,125,3.0,88.0,85.0
76,0.3,uniform,,SLOT-RAND-DEF,127,79.0,126.0,47.0
76,0.3,uniform,,SLOT-RAND-LBA,127,7.0,90.0,83.0
76,0.3,heterogeneous,4.0,POOL-LBA(=yours),120,6.0,83.0,89.0
76,0.3,heterogeneous,4.0,SLOT-G-DEF,120,64.0,118.0,54.0
76,0.3,heterogeneous,4.0,SLOT-G-LBA,120,6.0,83.0,89.0
76,0.3,heterogeneous,4.0,SLOT-LFT-DEF,120,68.0,120.0,52.0
76,0.3,heterogeneous,4.0,SLOT-LFT-LBA,120,6.0,89.0,83.0
76,0.3,heterogeneous,4.0,SLOT-RAND-DEF,126,64.0,118.0,54.0
76,0.3,heterogeneous,4.0,SLOT-RAND-LBA,125,6.0,83.0,89.0
76,0.3,heterogeneous,16.0,POOL-LBA(=yours),125,5.0,85.0,90.0
76,0.3,heterogeneous,16.0,SLOT-G-DEF,125,41.0,108.0,67.0
76,0.3,heterogeneous,16.0,SLOT-G-LBA,125,15.0,80.0,95.0
76,0.3,heterogeneous,16.0,SLOT-LFT-DEF,125,61.0,118.0,57.0
76,0.3,heterogeneous,16.0,SLOT-LFT-LBA,125,17.0,96.0,79.0
76,0.3,heterogeneous,16.0,SLOT-RAND-DEF,128,67.0,121.0,54.0
76,0.3,heterogeneous,16.0,SLOT-RAND-LBA,126,7.0,84.0,91.0
76,0.3,heterogeneous,64.0,POOL-LBA(=yours),127,4.0,86.0,90.0
76,0.3,heterogeneous,64.0,SLOT-G-DEF,127,52.0,114.0,62.0
76,0.3,heterogeneous,64.0,SLOT-G-LBA,127,16.0,96.0,80.0
76,0.3,heterogeneous,64.0,SLOT-LFT-DEF,127,64.0,120.0,56.0
76,0.3,heterogeneous,64.0,SLOT-LFT-LBA,127,10.0,83.0,93.0
76,0.3,heterogeneous,64.0,SLOT-RAND-DEF,128,52.0,114.0,62.0
76,0.3,heterogeneous,64.0,SLOT-RAND-LBA,135,6.0,91.0,85.0
77,0.0,uniform,,POOL-LBA(=yours),103,3.0,69.0,66.0
77,0.0,uniform,,SLOT-G-DEF,103,71.0,103.0,32.0
77,0.0,uniform,,SLOT-G-LBA,103,3.0,69.0,66.0
77,0.0,uniform,,SLOT-LFT-DEF,99,63.0,99.0,36.0
77,0.0,uniform,,SLOT-LFT-LBA,99,5.0,65.0,70.0
77,0.0,uniform,,SLOT-RAND-DEF,101,53.0,94.0,41.0
77,0.0,uniform,,SLOT-RAND-LBA,104,3.0,69.0,66.0
77,0.0,heterogeneous,4.0,POOL-LBA(=yours),103,3.0,69.0,66.0
77,0.0,heterogeneous,4.0,SLOT-G-DEF,103,71.0,103.0,32.0
77,0.0,heterogeneous,4.0,SLOT-G-LBA,103,3.0,69.0,66.0
77,0.0,heterogeneous,4.0,SLOT-LFT-DEF,99,63.0,99.0,36.0
77,0.0,heterogeneous,4.0,SLOT-LFT-LBA,99,5.0,65.0,70.0
77,0.0,heterogeneous,4.0,SLOT-RAND-DEF,101,63.0,99.0,36.0
77,0.0,heterogeneous,4.0,SLOT-RAND-LBA,99,7.0,71.0,64.0
77,0.0,heterogeneous,16.0,POOL-LBA(=yours),103,3.0,69.0,66.0
77,0.0,heterogeneous,16.0,SLOT-G-DEF,103,71.0,103.0,32.0
77,0.0,heterogeneous,16.0,SLOT-G-LBA,103,3.0,69.0,66.0
77,0.0,heterogeneous,16.0,SLOT-LFT-DEF,99,63.0,99.0,36.0
77,0.0,heterogeneous,16.0,SLOT-LFT-LBA,99,5.0,65.0,70.0
77,0.0,heterogeneous,16.0,SLOT-RAND-DEF,105,61.0,98.0,37.0
77,0.0,heterogeneous,16.0,SLOT-RAND-LBA,104,3.0,69.0,66.0
77,0.0,heterogeneous,64.0,POOL-LBA(=yours),103,3.0,69.0,66.0
77,0.0,heterogeneous,64.0,SLOT-G-DEF,103,71.0,103.0,32.0
77,0.0,heterogeneous,64.0,SLOT-G-LBA,103,3.0,69.0,66.0
77,0.0,heterogeneous,64.0,SLOT-LFT-DEF,99,63.0,99.0,36.0
77,0.0,heterogeneous,64.0,SLOT-LFT-LBA,99,5.0,65.0,70.0
77,0.0,heterogeneous,64.0,SLOT-RAND-DEF,100,55.0,95.0,40.0
77,0.0,heterogeneous,64.0,SLOT-RAND-LBA,101,5.0,65.0,70.0
77,0.1,uniform,,POOL-LBA(=yours),118,3.0,79.0,76.0
77,0.1,uniform,,SLOT-G-DEF,118,81.0,118.0,37.0
77,0.1,uniform,,SLOT-G-LBA,118,3.0,79.0,76.0
77,0.1,uniform,,SLOT-LFT-DEF,113,71.0,113.0,42.0
77,0.1,uniform,,SLOT-LFT-LBA,113,5.0,75.0,80.0
77,0.1,uniform,,SLOT-RAND-DEF,113,67.0,111.0,44.0
77,0.1,uniform,,SLOT-RAND-LBA,114,1.0,78.0,77.0
77,0.1,heterogeneous,4.0,POOL-LBA(=yours),114,4.0,75.0,79.0
77,0.1,heterogeneous,4.0,SLOT-G-DEF,114,74.0,114.0,40.0
77,0.1,heterogeneous,4.0,SLOT-G-LBA,114,8.0,81.0,73.0
77,0.1,heterogeneous,4.0,SLOT-LFT-DEF,113,72.0,113.0,41.0
77,0.1,heterogeneous,4.0,SLOT-LFT-LBA,113,8.0,81.0,73.0
77,0.1,heterogeneous,4.0,SLOT-RAND-DEF,119,64.0,109.0,45.0
77,0.1,heterogeneous,4.0,SLOT-RAND-LBA,119,8.0,81.0,73.0
77,0.1,heterogeneous,16.0,POOL-LBA(=yours),113,3.0,72.0,75.0
77,0.1,heterogeneous,16.0,SLOT-G-DEF,113,75.0,111.0,36.0
77,0.1,heterogeneous,16.0,SLOT-G-LBA,113,3.0,72.0,75.0
77,0.1,heterogeneous,16.0,SLOT-LFT-DEF,108,69.0,108.0,39.0
77,0.1,heterogeneous,16.0,SLOT-LFT-LBA,108,7.0,70.0,77.0
77,0.1,heterogeneous,16.0,SLOT-RAND-DEF,113,73.0,110.0,37.0
77,0.1,heterogeneous,16.0,SLOT-RAND-LBA,110,3.0,75.0,72.0
77,0.1,heterogeneous,64.0,POOL-LBA(=yours),116,3.0,77.0,74.0
77,0.1,heterogeneous,64.0,SLOT-G-DEF,116,79.0,115.0,36.0
77,0.1,heterogeneous,64.0,SLOT-G-LBA,116,1.0,75.0,76.0
77,0.1,heterogeneous,64.0,SLOT-LFT-DEF,111,71.0,111.0,40.0
77,0.1,heterogeneous,64.0,SLOT-LFT-LBA,111,7.0,79.0,72.0
77,0.1,heterogeneous,64.0,SLOT-RAND-DEF,111,71.0,111.0,40.0
77,0.1,heterogeneous,64.0,SLOT-RAND-LBA,118,1.0,76.0,75.0
77,0.2,uniform,,POOL-LBA(=yours),120,3.0,81.0,78.0
77,0.2,uniform,,SLOT-G-DEF,120,67.0,113.0,46.0
77,0.2,uniform,,SLOT-G-LBA,120,3.0,78.0,81.0
77,0.2,uniform,,SLOT-LFT-DEF,116,73.0,116.0,43.0
77,0.2,uniform,,SLOT-LFT-LBA,116,7.0,83.0,76.0
77,0.2,uniform,,SLOT-RAND-DEF,121,73.0,116.0,43.0
77,0.2,uniform,,SLOT-RAND-LBA,123,7.0,76.0,83.0
77,0.2,heterogeneous,4.0,POOL-LBA(=yours),126,1.0,83.0,84.0
77,0.2,heterogeneous,4.0,SLOT-G-DEF,126,75.0,121.0,46.0
77,0.2,heterogeneous,4.0,SLOT-G-LBA,126,1.0,84.0,83.0
77,0.2,heterogeneous,4.0,SLOT-LFT-DEF,122,73.0,120.0,47.0
77,0.2,heterogeneous,4.0,SLOT-LFT-LBA,122,5.0,86.0,81.0
77,0.2,heterogeneous,4.0,SLOT-RAND-DEF,122,63.0,115.0,52.0
77,0.2,heterogeneous,4.0,SLOT-RAND-LBA,128,7.0,87.0,80.0
77,0.2,heterogeneous,16.0,POOL-LBA(=yours),122,2.0,80.0,82.0
77,0.2,heterogeneous,16.0,SLOT-G-DEF,122,70.0,116.0,46.0
77,0.2,heterogeneous,16.0,SLOT-G-LBA,122,2.0,80.0,82.0
77,0.2,heterogeneous,16.0,SLOT-LFT-DEF,116,70.0,116.0,46.0
77,0.2,heterogeneous,16.0,SLOT-LFT-LBA,116,8.0,77.0,85.0
77,0.2,heterogeneous,16.0,SLOT-RAND-DEF,124,78.0,120.0,42.0
77,0.2,heterogeneous,16.0,SLOT-RAND-LBA,125,8.0,85.0,77.0
77,0.2,heterogeneous,64.0,POOL-LBA(=yours),120,2.0,78.0,80.0
77,0.2,heterogeneous,64.0,SLOT-G-DEF,120,68.0,113.0,45.0
77,0.2,heterogeneous,64.0,SLOT-G-LBA,120,2.0,78.0,80.0
77,0.2,heterogeneous,64.0,SLOT-LFT-DEF,115,72.0,115.0,43.0
77,0.2,heterogeneous,64.0,SLOT-LFT-LBA,115,6.0,76.0,82.0
77,0.2,heterogeneous,64.0,SLOT-RAND-DEF,115,56.0,107.0,51.0
77,0.2,heterogeneous,64.0,SLOT-RAND-LBA,114,4.0,81.0,77.0
77,0.3,uniform,,POOL-LBA(=yours),133,3.0,85.0,88.0
77,0.3,uniform,,SLOT-G-DEF,133,91.0,132.0,41.0
77,0.3,uniform,,SLOT-G-LBA,133,3.0,88.0,85.0
77,0.3,uniform,,SLOT-LFT-DEF,127,81.0,127.0,46.0
77,0.3,uniform,,SLOT-LFT-LBA,127,7.0,90.0,83.0
77,0.3,uniform,,SLOT-RAND-DEF,134,91.0,132.0,41.0
77,0.3,uniform,,SLOT-RAND-LBA,134,3.0,85.0,88.0
77,0.3,heterogeneous,4.0,POOL-LBA(=yours),125,2.0,84.0,86.0
77,0.3,heterogeneous,4.0,SLOT-G-DEF,125,76.0,123.0,47.0
77,0.3,heterogeneous,4.0,SLOT-G-LBA,125,2.0,84.0,86.0
77,0.3,heterogeneous,4.0,SLOT-LFT-DEF,119,68.0,119.0,51.0
77,0.3,heterogeneous,4.0,SLOT-LFT-LBA,119,4.0,87.0,83.0
77,0.3,heterogeneous,4.0,SLOT-RAND-DEF,119,68.0,119.0,51.0
77,0.3,heterogeneous,4.0,SLOT-RAND-LBA,131,6.0,82.0,88.0
77,0.3,heterogeneous,16.0,POOL-LBA(=yours),136,2.0,86.0,88.0
77,0.3,heterogeneous,16.0,SLOT-G-DEF,136,96.0,135.0,39.0
77,0.3,heterogeneous,16.0,SLOT-G-LBA,136,4.0,89.0,85.0
77,0.3,heterogeneous,16.0,SLOT-LFT-DEF,128,82.0,128.0,46.0
77,0.3,heterogeneous,16.0,SLOT-LFT-LBA,128,6.0,84.0,90.0
77,0.3,heterogeneous,16.0,SLOT-RAND-DEF,130,68.0,121.0,53.0
77,0.3,heterogeneous,16.0,SLOT-RAND-LBA,128,8.0,91.0,83.0
77,0.3,heterogeneous,64.0,POOL-LBA(=yours),134,2.0,87.0,89.0
77,0.3,heterogeneous,64.0,SLOT-G-DEF,134,92.0,134.0,42.0
77,0.3,heterogeneous,64.0,SLOT-G-LBA,134,2.0,89.0,87.0
77,0.3,heterogeneous,64.0,SLOT-LFT-DEF,127,78.0,127.0,49.0
77,0.3,heterogeneous,64.0,SLOT-LFT-LBA,127,4.0,86.0,90.0
77,0.3,heterogeneous,64.0,SLOT-RAND-DEF,141,82.0,129.0,47.0
77,0.3,heterogeneous,64.0,SLOT-RAND-LBA,141,8.0,84.0,92.0
78,0.0,uniform,,POOL-LBA(=yours),104,2.0,71.0,73.0
78,0.0,uniform,,SLOT-G-DEF,104,48.0,96.0,48.0
78,0.0,uniform,,SLOT-G-LBA,104,14.0,65.0,79.0
78,0.0,uniform,,SLOT-LFT-DEF,104,52.0,98.0,46.0
78,0.0,uniform,,SLOT-LFT-LBA,104,4.0,74.0,70.0
78,0.0,uniform,,SLOT-RAND-DEF,104,38.0,91.0,53.0
78,0.0,uniform,,SLOT-RAND-LBA,110,16.0,80.0,64.0
78,0.0,heterogeneous,4.0,POOL-LBA(=yours),104,2.0,71.0,73.0
78,0.0,heterogeneous,4.0,SLOT-G-DEF,104,48.0,96.0,48.0
78,0.0,heterogeneous,4.0,SLOT-G-LBA,104,14.0,65.0,79.0
78,0.0,heterogeneous,4.0,SLOT-LFT-DEF,104,52.0,98.0,46.0
78,0.0,heterogeneous,4.0,SLOT-LFT-LBA,104,4.0,74.0,70.0
78,0.0,heterogeneous,4.0,SLOT-RAND-DEF,106,48.0,96.0,48.0
78,0.0,heterogeneous,4.0,SLOT-RAND-LBA,109,12.0,66.0,78.0
78,0.0,heterogeneous,16.0,POOL-LBA(=yours),104,2.0,71.0,73.0
78,0.0,heterogeneous,16.0,SLOT-G-DEF,104,48.0,96.0,48.0
78,0.0,heterogeneous,16.0,SLOT-G-LBA,104,14.0,65.0,79.0
78,0.0,heterogeneous,16.0,SLOT-LFT-DEF,104,52.0,98.0,46.0
78,0.0,heterogeneous,16.0,SLOT-LFT-LBA,104,4.0,74.0,70.0
78,0.0,heterogeneous,16.0,SLOT-RAND-DEF,110,64.0,104.0,40.0
78,0.0,heterogeneous,16.0,SLOT-RAND-LBA,104,2.0,71.0,73.0
78,0.0,heterogeneous,64.0,POOL-LBA(=yours),104,2.0,71.0,73.0
78,0.0,heterogeneous,64.0,SLOT-G-DEF,104,48.0,96.0,48.0
78,0.0,heterogeneous,64.0,SLOT-G-LBA,104,14.0,65.0,79.0
78,0.0,heterogeneous,64.0,SLOT-LFT-DEF,104,52.0,98.0,46.0
78,0.0,heterogeneous,64.0,SLOT-LFT-LBA,104,4.0,74.0,70.0
78,0.0,heterogeneous,64.0,SLOT-RAND-DEF,104,50.0,97.0,47.0
78,0.0,heterogeneous,64.0,SLOT-RAND-LBA,110,10.0,77.0,67.0
78,0.1,uniform,,POOL-LBA(=yours),118,2.0,81.0,83.0
78,0.1,uniform,,SLOT-G-DEF,118,54.0,109.0,55.0
78,0.1,uniform,,SLOT-G-LBA,118,16.0,74.0,90.0
78,0.1,uniform,,SLOT-LFT-DEF,118,58.0,111.0,53.0
78,0.1,uniform,,SLOT-LFT-LBA,118,4.0,84.0,80.0
78,0.1,uniform,,SLOT-RAND-DEF,118,40.0,102.0,62.0
78,0.1,uniform,,SLOT-RAND-LBA,119,14.0,75.0,89.0
78,0.1,heterogeneous,4.0,POOL-LBA(=yours),112,3.0,77.0,80.0
78,0.1,heterogeneous,4.0,SLOT-G-DEF,112,53.0,105.0,52.0
78,0.1,heterogeneous,4.0,SLOT-G-LBA,112,13.0,72.0,85.0
78,0.1,heterogeneous,4.0,SLOT-LFT-DEF,112,57.0,107.0,50.0
78,0.1,heterogeneous,4.0,SLOT-LFT-LBA,112,1.0,79.0,78.0
78,0.1,heterogeneous,4.0,SLOT-RAND-DEF,117,61.0,109.0,48.0
78,0.1,heterogeneous,4.0,SLOT-RAND-LBA,116,11.0,84.0,73.0
78,0.1,heterogeneous,16.0,POOL-LBA(=yours),116,5.0,82.0,77.0
78,0.1,heterogeneous,16.0,SLOT-G-DEF,116,41.0,100.0,59.0
78,0.1,heterogeneous,16.0,SLOT-G-LBA,116,15.0,87.0,72.0
78,0.1,heterogeneous,16.0,SLOT-LFT-DEF,116,57.0,108.0,51.0
78,0.1,heterogeneous,16.0,SLOT-LFT-LBA,116,1.0,79.0,80.0
78,0.1,heterogeneous,16.0,SLOT-RAND-DEF,122,69.0,114.0,45.0
78,0.1,heterogeneous,16.0,SLOT-RAND-LBA,120,1.0,80.0,79.0
78,0.1,heterogeneous,64.0,POOL-LBA(=yours),112,2.0,79.0,77.0
78,0.1,heterogeneous,64.0,SLOT-G-DEF,112,52.0,104.0,52.0
78,0.1,heterogeneous,64.0,SLOT-G-LBA,112,16.0,86.0,70.0
78,0.1,heterogeneous,64.0,SLOT-LFT-DEF,112,58.0,107.0,49.0
78,0.1,heterogeneous,64.0,SLOT-LFT-LBA,112,0.0,78.0,78.0
78,0.1,heterogeneous,64.0,SLOT-RAND-DEF,112,44.0,100.0,56.0
78,0.1,heterogeneous,64.0,SLOT-RAND-LBA,121,0.0,78.0,78.0
78,0.2,uniform,,POOL-LBA(=yours),125,4.0,88.0,84.0
78,0.2,uniform,,SLOT-G-DEF,125,58.0,115.0,57.0
78,0.2,uniform,,SLOT-G-LBA,125,18.0,77.0,95.0
78,0.2,uniform,,SLOT-LFT-DEF,125,64.0,118.0,54.0
78,0.2,uniform,,SLOT-LFT-LBA,125,4.0,88.0,84.0
78,0.2,uniform,,SLOT-RAND-DEF,125,60.0,116.0,56.0
78,0.2,uniform,,SLOT-RAND-LBA,128,2.0,85.0,87.0
78,0.2,heterogeneous,4.0,POOL-LBA(=yours),127,6.0,91.0,85.0
78,0.2,heterogeneous,4.0,SLOT-G-DEF,127,58.0,117.0,59.0
78,0.2,heterogeneous,4.0,SLOT-G-LBA,127,16.0,80.0,96.0
78,0.2,heterogeneous,4.0,SLOT-LFT-DEF,127,60.0,118.0,58.0
78,0.2,heterogeneous,4.0,SLOT-LFT-LBA,127,4.0,86.0,90.0
78,0.2,heterogeneous,4.0,SLOT-RAND-DEF,127,78.0,127.0,49.0
78,0.2,heterogeneous,4.0,SLOT-RAND-LBA,126,6.0,91.0,85.0
78,0.2,heterogeneous,16.0,POOL-LBA(=yours),126,4.0,89.0,85.0
78,0.2,heterogeneous,16.0,SLOT-G-DEF,126,58.0,116.0,58.0
78,0.2,heterogeneous,16.0,SLOT-G-LBA,126,18.0,78.0,96.0
78,0.2,heterogeneous,16.0,SLOT-LFT-DEF,126,62.0,118.0,56.0
78,0.2,heterogeneous,16.0,SLOT-LFT-LBA,126,2.0,88.0,86.0
78,0.2,heterogeneous,16.0,SLOT-RAND-DEF,133,76.0,125.0,49.0
78,0.2,heterogeneous,16.0,SLOT-RAND-LBA,127,4.0,85.0,89.0
78,0.2,heterogeneous,64.0,POOL-LBA(=yours),125,3.0,85.0,88.0
78,0.2,heterogeneous,64.0,SLOT-G-DEF,125,59.0,116.0,57.0
78,0.2,heterogeneous,64.0,SLOT-G-LBA,125,17.0,95.0,78.0
78,0.2,heterogeneous,64.0,SLOT-LFT-DEF,125,65.0,119.0,54.0
78,0.2,heterogeneous,64.0,SLOT-LFT-LBA,125,7.0,90.0,83.0
78,0.2,heterogeneous,64.0,SLOT-RAND-DEF,124,57.0,115.0,58.0
78,0.2,heterogeneous,64.0,SLOT-RAND-LBA,127,3.0,88.0,85.0
78,0.3,uniform,,POOL-LBA(=yours),133,3.0,91.0,94.0
78,0.3,uniform,,SLOT-G-DEF,133,63.0,124.0,61.0
78,0.3,uniform,,SLOT-G-LBA,133,19.0,102.0,83.0
78,0.3,uniform,,SLOT-LFT-DEF,133,65.0,125.0,60.0
78,0.3,uniform,,SLOT-LFT-LBA,133,5.0,95.0,90.0
78,0.3,uniform,,SLOT-RAND-DEF,141,77.0,131.0,54.0
78,0.3,uniform,,SLOT-RAND-LBA,133,15.0,85.0,100.0
78,0.3,heterogeneous,4.0,POOL-LBA(=yours),136,7.0,95.0,88.0
78,0.3,heterogeneous,4.0,SLOT-G-DEF,136,79.0,131.0,52.0
78,0.3,heterogeneous,4.0,SLOT-G-LBA,136,3.0,93.0,90.0
78,0.3,heterogeneous,4.0,SLOT-LFT-DEF,136,79.0,131.0,52.0
78,0.3,heterogeneous,4.0,SLOT-LFT-LBA,136,1.0,92.0,91.0
78,0.3,heterogeneous,4.0,SLOT-RAND-DEF,137,91.0,137.0,46.0
78,0.3,heterogeneous,4.0,SLOT-RAND-LBA,139,1.0,91.0,92.0
78,0.3,heterogeneous,16.0,POOL-LBA(=yours),139,3.0,94.0,97.0
78,0.3,heterogeneous,16.0,SLOT-G-DEF,139,47.0,119.0,72.0
78,0.3,heterogeneous,16.0,SLOT-G-LBA,139,17.0,104.0,87.0
78,0.3,heterogeneous,16.0,SLOT-LFT-DEF,139,65.0,128.0,63.0
78,0.3,heterogeneous,16.0,SLOT-LFT-LBA,139,1.0,96.0,95.0
78,0.3,heterogeneous,16.0,SLOT-RAND-DEF,140,69.0,130.0,61.0
78,0.3,heterogeneous,16.0,SLOT-RAND-LBA,146,7.0,92.0,99.0
78,0.3,heterogeneous,64.0,POOL-LBA(=yours),137,3.0,96.0,93.0
78,0.3,heterogeneous,64.0,SLOT-G-DEF,137,61.0,125.0,64.0
78,0.3,heterogeneous,64.0,SLOT-G-LBA,137,19.0,104.0,85.0
78,0.3,heterogeneous,64.0,SLOT-LFT-DEF,137,69.0,129.0,60.0
78,0.3,heterogeneous,64.0,SLOT-LFT-LBA,137,5.0,97.0,92.0
78,0.3,heterogeneous,64.0,SLOT-RAND-DEF,145,83.0,136.0,53.0
78,0.3,heterogeneous,64.0,SLOT-RAND-LBA,142,9.0,90.0,99.0
79,0.0,uniform,,POOL-LBA(=yours),124,1.0,71.0,72.0
79,0.0,uniform,,SLOT-G-DEF,124,95.0,119.0,24.0
79,0.0,uniform,,SLOT-G-LBA,124,11.0,77.0,66.0
79,0.0,uniform,,SLOT-LFT-DEF,124,105.0,124.0,19.0
79,0.0,uniform,,SLOT-LFT-LBA,124,3.0,70.0,73.0
79,0.0,uniform,,SLOT-RAND-DEF,129,107.0,125.0,18.0
79,0.0,uniform,,SLOT-RAND-LBA,129,7.0,75.0,68.0
79,0.0,heterogeneous,4.0,POOL-LBA(=yours),124,1.0,71.0,72.0
79,0.0,heterogeneous,4.0,SLOT-G-DEF,124,95.0,119.0,24.0
79,0.0,heterogeneous,4.0,SLOT-G-LBA,124,11.0,77.0,66.0
79,0.0,heterogeneous,4.0,SLOT-LFT-DEF,124,105.0,124.0,19.0
79,0.0,heterogeneous,4.0,SLOT-LFT-LBA,124,3.0,70.0,73.0
79,0.0,heterogeneous,4.0,SLOT-RAND-DEF,124,95.0,119.0,24.0
79,0.0,heterogeneous,4.0,SLOT-RAND-LBA,129,7.0,75.0,68.0
79,0.0,heterogeneous,16.0,POOL-LBA(=yours),124,1.0,71.0,72.0
79,0.0,heterogeneous,16.0,SLOT-G-DEF,124,95.0,119.0,24.0
79,0.0,heterogeneous,16.0,SLOT-G-LBA,124,11.0,77.0,66.0
79,0.0,heterogeneous,16.0,SLOT-LFT-DEF,124,105.0,124.0,19.0
79,0.0,heterogeneous,16.0,SLOT-LFT-LBA,124,3.0,70.0,73.0
79,0.0,heterogeneous,16.0,SLOT-RAND-DEF,129,105.0,124.0,19.0
79,0.0,heterogeneous,16.0,SLOT-RAND-LBA,129,5.0,69.0,74.0
79,0.0,heterogeneous,64.0,POOL-LBA(=yours),124,1.0,71.0,72.0
79,0.0,heterogeneous,64.0,SLOT-G-DEF,124,95.0,119.0,24.0
79,0.0,heterogeneous,64.0,SLOT-G-LBA,124,11.0,77.0,66.0
79,0.0,heterogeneous,64.0,SLOT-LFT-DEF,124,105.0,124.0,19.0
79,0.0,heterogeneous,64.0,SLOT-LFT-LBA,124,3.0,70.0,73.0
79,0.0,heterogeneous,64.0,SLOT-RAND-DEF,125,99.0,121.0,22.0
79,0.0,heterogeneous,64.0,SLOT-RAND-LBA,129,11.0,77.0,66.0
79,0.1,uniform,,POOL-LBA(=yours),141,1.0,81.0,82.0
79,0.1,uniform,,SLOT-G-DEF,141,107.0,135.0,28.0
79,0.1,uniform,,SLOT-G-LBA,141,13.0,88.0,75.0
79,0.1,uniform,,SLOT-LFT-DEF,141,119.0,141.0,22.0
79,0.1,uniform,,SLOT-LFT-LBA,141,3.0,80.0,83.0
79,0.1,uniform,,SLOT-RAND-DEF,141,107.0,135.0,28.0
79,0.1,uniform,,SLOT-RAND-LBA,141,3.0,83.0,80.0
79,0.1,heterogeneous,4.0,POOL-LBA(=yours),140,4.0,80.0,84.0
79,0.1,heterogeneous,4.0,SLOT-G-DEF,140,108.0,136.0,28.0
79,0.1,heterogeneous,4.0,SLOT-G-LBA,140,10.0,87.0,77.0
79,0.1,heterogeneous,4.0,SLOT-LFT-DEF,140,116.0,140.0,24.0
79,0.1,heterogeneous,4.0,SLOT-LFT-LBA,140,2.0,83.0,81.0
79,0.1,heterogeneous,4.0,SLOT-RAND-DEF,140,108.0,136.0,28.0
79,0.1,heterogeneous,4.0,SLOT-RAND-LBA,140,14.0,89.0,75.0
79,0.1,heterogeneous,16.0,POOL-LBA(=yours),137,4.0,81.0,77.0
79,0.1,heterogeneous,16.0,SLOT-G-DEF,137,102.0,130.0,28.0
79,0.1,heterogeneous,16.0,SLOT-G-LBA,137,8.0,75.0,83.0
79,0.1,heterogeneous,16.0,SLOT-LFT-DEF,137,116.0,137.0,21.0
79,0.1,heterogeneous,16.0,SLOT-LFT-LBA,137,4.0,81.0,77.0
79,0.1,heterogeneous,16.0,SLOT-RAND-DEF,142,118.0,138.0,20.0
79,0.1,heterogeneous,16.0,SLOT-RAND-LBA,137,4.0,81.0,77.0
79,0.1,heterogeneous,64.0,POOL-LBA(=yours),137,3.0,77.0,80.0
79,0.1,heterogeneous,64.0,SLOT-G-DEF,137,105.0,131.0,26.0
79,0.1,heterogeneous,64.0,SLOT-G-LBA,137,11.0,84.0,73.0
79,0.1,heterogeneous,64.0,SLOT-LFT-DEF,137,117.0,137.0,20.0
79,0.1,heterogeneous,64.0,SLOT-LFT-LBA,137,5.0,81.0,76.0
79,0.1,heterogeneous,64.0,SLOT-RAND-DEF,138,107.0,132.0,25.0
79,0.1,heterogeneous,64.0,SLOT-RAND-LBA,142,7.0,75.0,82.0
79,0.2,uniform,,POOL-LBA(=yours),150,3.0,85.0,88.0
79,0.2,uniform,,SLOT-G-DEF,150,117.0,145.0,28.0
79,0.2,uniform,,SLOT-G-LBA,150,11.0,92.0,81.0
79,0.2,uniform,,SLOT-LFT-DEF,150,127.0,150.0,23.0
79,0.2,uniform,,SLOT-LFT-LBA,150,3.0,85.0,88.0
79,0.2,uniform,,SLOT-RAND-DEF,150,117.0,145.0,28.0
79,0.2,uniform,,SLOT-RAND-LBA,150,5.0,84.0,89.0
79,0.2,heterogeneous,4.0,POOL-LBA(=yours),145,2.0,84.0,82.0
79,0.2,heterogeneous,4.0,SLOT-G-DEF,145,118.0,142.0,24.0
79,0.2,heterogeneous,4.0,SLOT-G-LBA,145,2.0,84.0,82.0
79,0.2,heterogeneous,4.0,SLOT-LFT-DEF,145,124.0,145.0,21.0
79,0.2,heterogeneous,4.0,SLOT-LFT-LBA,145,2.0,82.0,84.0
79,0.2,heterogeneous,4.0,SLOT-RAND-DEF,145,118.0,142.0,24.0
79,0.2,heterogeneous,4.0,SLOT-RAND-LBA,145,2.0,84.0,82.0
79,0.2,heterogeneous,16.0,POOL-LBA(=yours),149,1.0,86.0,85.0
79,0.2,heterogeneous,16.0,SLOT-G-DEF,149,109.0,140.0,31.0
79,0.2,heterogeneous,16.0,SLOT-G-LBA,149,11.0,80.0,91.0
79,0.2,heterogeneous,16.0,SLOT-LFT-DEF,149,127.0,149.0,22.0
79,0.2,heterogeneous,16.0,SLOT-LFT-LBA,149,3.0,87.0,84.0
79,0.2,heterogeneous,16.0,SLOT-RAND-DEF,149,117.0,144.0,27.0
79,0.2,heterogeneous,16.0,SLOT-RAND-LBA,154,3.0,84.0,87.0
79,0.2,heterogeneous,64.0,POOL-LBA(=yours),149,1.0,85.0,86.0
79,0.2,heterogeneous,64.0,SLOT-G-DEF,149,127.0,149.0,22.0
79,0.2,heterogeneous,64.0,SLOT-G-LBA,149,3.0,87.0,84.0
79,0.2,heterogeneous,64.0,SLOT-LFT-DEF,149,127.0,149.0,22.0
79,0.2,heterogeneous,64.0,SLOT-LFT-LBA,149,1.0,86.0,85.0
79,0.2,heterogeneous,64.0,SLOT-RAND-DEF,149,127.0,149.0,22.0
79,0.2,heterogeneous,64.0,SLOT-RAND-LBA,149,7.0,89.0,82.0
79,0.3,uniform,,POOL-LBA(=yours),158,0.0,91.0,91.0
79,0.3,uniform,,SLOT-G-DEF,158,120.0,151.0,31.0
79,0.3,uniform,,SLOT-G-LBA,158,16.0,99.0,83.0
79,0.3,uniform,,SLOT-LFT-DEF,158,134.0,158.0,24.0
79,0.3,uniform,,SLOT-LFT-LBA,158,4.0,89.0,93.0
79,0.3,uniform,,SLOT-RAND-DEF,164,146.0,164.0,18.0
79,0.3,uniform,,SLOT-RAND-LBA,158,10.0,86.0,96.0
79,0.3,heterogeneous,4.0,POOL-LBA(=yours),168,3.0,99.0,96.0
79,0.3,heterogeneous,4.0,SLOT-G-DEF,168,131.0,163.0,32.0
79,0.3,heterogeneous,4.0,SLOT-G-LBA,168,9.0,93.0,102.0
79,0.3,heterogeneous,4.0,SLOT-LFT-DEF,168,141.0,168.0,27.0
79,0.3,heterogeneous,4.0,SLOT-LFT-LBA,168,3.0,99.0,96.0
79,0.3,heterogeneous,4.0,SLOT-RAND-DEF,174,147.0,171.0,24.0
79,0.3,heterogeneous,4.0,SLOT-RAND-LBA,170,5.0,95.0,100.0
79,0.3,heterogeneous,16.0,POOL-LBA(=yours),159,6.0,90.0,96.0
79,0.3,heterogeneous,16.0,SLOT-G-DEF,159,126.0,156.0,30.0
79,0.3,heterogeneous,16.0,SLOT-G-LBA,159,8.0,97.0,89.0
79,0.3,heterogeneous,16.0,SLOT-LFT-DEF,159,132.0,159.0,27.0
79,0.3,heterogeneous,16.0,SLOT-LFT-LBA,159,0.0,93.0,93.0
79,0.3,heterogeneous,16.0,SLOT-RAND-DEF,165,144.0,165.0,21.0
79,0.3,heterogeneous,16.0,SLOT-RAND-LBA,165,4.0,95.0,91.0
79,0.3,heterogeneous,64.0,POOL-LBA(=yours),161,5.0,95.0,90.0
79,0.3,heterogeneous,64.0,SLOT-G-DEF,161,115.0,150.0,35.0
79,0.3,heterogeneous,64.0,SLOT-G-LBA,161,17.0,84.0,101.0
79,0.3,heterogeneous,64.0,SLOT-LFT-DEF,161,137.0,161.0,24.0
79,0.3,heterogeneous,64.0,SLOT-LFT-LBA,161,1.0,93.0,92.0
79,0.3,heterogeneous,64.0,SLOT-RAND-DEF,161,131.0,158.0,27.0
79,0.3,heterogeneous,64.0,SLOT-RAND-LBA,162,3.0,94.0,91.0
80,0.0,uniform,,POOL-LBA(=yours),98,0.0,69.0,69.0
80,0.0,uniform,,SLOT-G-DEF,98,50.0,94.0,44.0
80,0.0,uniform,,SLOT-G-LBA,98,2.0,70.0,68.0
80,0.0,uniform,,SLOT-LFT-DEF,97,48.0,93.0,45.0
80,0.0,uniform,,SLOT-LFT-LBA,97,0.0,69.0,69.0
80,0.0,uniform,,SLOT-RAND-DEF,103,60.0,99.0,39.0
80,0.0,uniform,,SLOT-RAND-LBA,100,0.0,69.0,69.0
80,0.0,heterogeneous,4.0,POOL-LBA(=yours),98,0.0,69.0,69.0
80,0.0,heterogeneous,4.0,SLOT-G-DEF,98,50.0,94.0,44.0
80,0.0,heterogeneous,4.0,SLOT-G-LBA,98,2.0,70.0,68.0
80,0.0,heterogeneous,4.0,SLOT-LFT-DEF,97,48.0,93.0,45.0
80,0.0,heterogeneous,4.0,SLOT-LFT-LBA,97,0.0,69.0,69.0
80,0.0,heterogeneous,4.0,SLOT-RAND-DEF,100,62.0,100.0,38.0
80,0.0,heterogeneous,4.0,SLOT-RAND-LBA,99,0.0,69.0,69.0
80,0.0,heterogeneous,16.0,POOL-LBA(=yours),98,0.0,69.0,69.0
80,0.0,heterogeneous,16.0,SLOT-G-DEF,98,50.0,94.0,44.0
80,0.0,heterogeneous,16.0,SLOT-G-LBA,98,2.0,70.0,68.0
80,0.0,heterogeneous,16.0,SLOT-LFT-DEF,97,48.0,93.0,45.0
80,0.0,heterogeneous,16.0,SLOT-LFT-LBA,97,0.0,69.0,69.0
80,0.0,heterogeneous,16.0,SLOT-RAND-DEF,99,60.0,99.0,39.0
80,0.0,heterogeneous,16.0,SLOT-RAND-LBA,99,2.0,70.0,68.0
80,0.0,heterogeneous,64.0,POOL-LBA(=yours),98,0.0,69.0,69.0
80,0.0,heterogeneous,64.0,SLOT-G-DEF,98,50.0,94.0,44.0
80,0.0,heterogeneous,64.0,SLOT-G-LBA,98,2.0,70.0,68.0
80,0.0,heterogeneous,64.0,SLOT-LFT-DEF,97,48.0,93.0,45.0
80,0.0,heterogeneous,64.0,SLOT-LFT-LBA,97,0.0,69.0,69.0
80,0.0,heterogeneous,64.0,SLOT-RAND-DEF,100,58.0,98.0,40.0
80,0.0,heterogeneous,64.0,SLOT-RAND-LBA,98,6.0,72.0,66.0
80,0.1,uniform,,POOL-LBA(=yours),112,0.0,79.0,79.0
80,0.1,uniform,,SLOT-G-DEF,112,56.0,107.0,51.0
80,0.1,uniform,,SLOT-G-LBA,112,2.0,80.0,78.0
80,0.1,uniform,,SLOT-LFT-DEF,111,54.0,106.0,52.0
80,0.1,uniform,,SLOT-LFT-LBA,111,0.0,79.0,79.0
80,0.1,uniform,,SLOT-RAND-DEF,114,70.0,114.0,44.0
80,0.1,uniform,,SLOT-RAND-LBA,113,0.0,79.0,79.0
80,0.1,heterogeneous,4.0,POOL-LBA(=yours),102,3.0,75.0,72.0
80,0.1,heterogeneous,4.0,SLOT-G-DEF,102,49.0,98.0,49.0
80,0.1,heterogeneous,4.0,SLOT-G-LBA,102,1.0,74.0,73.0
80,0.1,heterogeneous,4.0,SLOT-LFT-DEF,103,47.0,97.0,50.0
80,0.1,heterogeneous,4.0,SLOT-LFT-LBA,103,1.0,74.0,73.0
80,0.1,heterogeneous,4.0,SLOT-RAND-DEF,105,63.0,105.0,42.0
80,0.1,heterogeneous,4.0,SLOT-RAND-LBA,102,13.0,80.0,67.0
80,0.1,heterogeneous,16.0,POOL-LBA(=yours),107,1.0,76.0,75.0
80,0.1,heterogeneous,16.0,SLOT-G-DEF,107,57.0,104.0,47.0
80,0.1,heterogeneous,16.0,SLOT-G-LBA,107,1.0,76.0,75.0
80,0.1,heterogeneous,16.0,SLOT-LFT-DEF,106,53.0,102.0,49.0
80,0.1,heterogeneous,16.0,SLOT-LFT-LBA,106,3.0,77.0,74.0
80,0.1,heterogeneous,16.0,SLOT-RAND-DEF,106,49.0,100.0,51.0
80,0.1,heterogeneous,16.0,SLOT-RAND-LBA,111,1.0,76.0,75.0
80,0.1,heterogeneous,64.0,POOL-LBA(=yours),109,1.0,77.0,76.0
80,0.1,heterogeneous,64.0,SLOT-G-DEF,109,57.0,105.0,48.0
80,0.1,heterogeneous,64.0,SLOT-G-LBA,109,3.0,78.0,75.0
80,0.1,heterogeneous,64.0,SLOT-LFT-DEF,108,53.0,103.0,50.0
80,0.1,heterogeneous,64.0,SLOT-LFT-LBA,108,1.0,77.0,76.0
80,0.1,heterogeneous,64.0,SLOT-RAND-DEF,118,81.0,117.0,36.0
80,0.1,heterogeneous,64.0,SLOT-RAND-LBA,112,1.0,77.0,76.0
80,0.2,uniform,,POOL-LBA(=yours),114,1.0,80.0,81.0
80,0.2,uniform,,SLOT-G-DEF,114,59.0,110.0,51.0
80,0.2,uniform,,SLOT-G-LBA,114,1.0,81.0,80.0
80,0.2,uniform,,SLOT-LFT-DEF,113,57.0,109.0,52.0
80,0.2,uniform,,SLOT-LFT-LBA,113,1.0,80.0,81.0
80,0.2,uniform,,SLOT-RAND-DEF,114,63.0,112.0,49.0
80,0.2,uniform,,SLOT-RAND-LBA,114,5.0,83.0,78.0
80,0.2,heterogeneous,4.0,POOL-LBA(=yours),117,4.0,80.0,84.0
80,0.2,heterogeneous,4.0,SLOT-G-DEF,117,56.0,110.0,54.0
80,0.2,heterogeneous,4.0,SLOT-G-LBA,117,2.0,81.0,83.0
80,0.2,heterogeneous,4.0,SLOT-LFT-DEF,117,70.0,117.0,47.0
80,0.2,heterogeneous,4.0,SLOT-LFT-LBA,117,4.0,84.0,80.0
80,0.2,heterogeneous,4.0,SLOT-RAND-DEF,116,58.0,111.0,53.0
80,0.2,heterogeneous,4.0,SLOT-RAND-LBA,113,10.0,77.0,87.0
80,0.2,heterogeneous,16.0,POOL-LBA(=yours),123,0.0,85.0,85.0
80,0.2,heterogeneous,16.0,SLOT-G-DEF,123,64.0,117.0,53.0
80,0.2,heterogeneous,16.0,SLOT-G-LBA,123,4.0,87.0,83.0
80,0.2,heterogeneous,16.0,SLOT-LFT-DEF,121,60.0,115.0,55.0
80,0.2,heterogeneous,16.0,SLOT-LFT-LBA,121,2.0,86.0,84.0
80,0.2,heterogeneous,16.0,SLOT-RAND-DEF,127,72.0,121.0,49.0
80,0.2,heterogeneous,16.0,SLOT-RAND-LBA,122,2.0,86.0,84.0
80,0.2,heterogeneous,64.0,POOL-LBA(=yours),117,0.0,83.0,83.0
80,0.2,heterogeneous,64.0,SLOT-G-DEF,117,60.0,113.0,53.0
80,0.2,heterogeneous,64.0,SLOT-G-LBA,117,0.0,83.0,83.0
80,0.2,heterogeneous,64.0,SLOT-LFT-DEF,116,56.0,111.0,55.0
80,0.2,heterogeneous,64.0,SLOT-LFT-LBA,116,2.0,82.0,84.0
80,0.2,heterogeneous,64.0,SLOT-RAND-DEF,120,54.0,110.0,56.0
80,0.2,heterogeneous,64.0,SLOT-RAND-LBA,119,14.0,90.0,76.0
80,0.3,uniform,,POOL-LBA(=yours),127,1.0,90.0,89.0
80,0.3,uniform,,SLOT-G-DEF,127,63.0,121.0,58.0
80,0.3,uniform,,SLOT-G-LBA,127,1.0,90.0,89.0
80,0.3,uniform,,SLOT-LFT-DEF,126,61.0,120.0,59.0
80,0.3,uniform,,SLOT-LFT-LBA,126,1.0,90.0,89.0
80,0.3,uniform,,SLOT-RAND-DEF,129,75.0,127.0,52.0
80,0.3,uniform,,SLOT-RAND-LBA,127,3.0,88.0,91.0
80,0.3,heterogeneous,4.0,POOL-LBA(=yours),124,3.0,89.0,86.0
80,0.3,heterogeneous,4.0,SLOT-G-DEF,124,57.0,116.0,59.0
80,0.3,heterogeneous,4.0,SLOT-G-LBA,124,13.0,81.0,94.0
80,0.3,heterogeneous,4.0,SLOT-LFT-DEF,122,53.0,114.0,61.0
80,0.3,heterogeneous,4.0,SLOT-LFT-LBA,122,13.0,94.0,81.0
80,0.3,heterogeneous,4.0,SLOT-RAND-DEF,124,61.0,118.0,57.0
80,0.3,heterogeneous,4.0,SLOT-RAND-LBA,125,3.0,86.0,89.0
80,0.3,heterogeneous,16.0,POOL-LBA(=yours),127,3.0,86.0,89.0
80,0.3,heterogeneous,16.0,SLOT-G-DEF,127,69.0,122.0,53.0
80,0.3,heterogeneous,16.0,SLOT-G-LBA,127,3.0,86.0,89.0
80,0.3,heterogeneous,16.0,SLOT-LFT-DEF,124,63.0,119.0,56.0
80,0.3,heterogeneous,16.0,SLOT-LFT-LBA,124,1.0,88.0,87.0
80,0.3,heterogeneous,16.0,SLOT-RAND-DEF,126,61.0,118.0,57.0
80,0.3,heterogeneous,16.0,SLOT-RAND-LBA,134,1.0,87.0,88.0
80,0.3,heterogeneous,64.0,POOL-LBA(=yours),128,2.0,91.0,89.0
80,0.3,heterogeneous,64.0,SLOT-G-DEF,128,66.0,123.0,57.0
80,0.3,heterogeneous,64.0,SLOT-G-LBA,128,4.0,92.0,88.0
80,0.3,heterogeneous,64.0,SLOT-LFT-DEF,127,64.0,122.0,58.0
80,0.3,heterogeneous,64.0,SLOT-LFT-LBA,127,2.0,91.0,89.0
80,0.3,heterogeneous,64.0,SLOT-RAND-DEF,131,82.0,131.0,49.0
80,0.3,heterogeneous,64.0,SLOT-RAND-LBA,137,6.0,93.0,87.0
81,0.0,uniform,,POOL-LBA(=yours),106,2.0,72.0,74.0
81,0.0,uniform,,SLOT-G-DEF,106,60.0,103.0,43.0
81,0.0,uniform,,SLOT-G-LBA,106,2.0,72.0,74.0
81,0.0,uniform,,SLOT-LFT-DEF,105,64.0,105.0,41.0
81,0.0,uniform,,SLOT-LFT-LBA,105,2.0,72.0,74.0
81,0.0,uniform,,SLOT-RAND-DEF,106,54.0,100.0,46.0
81,0.0,uniform,,SLOT-RAND-LBA,111,6.0,70.0,76.0
81,0.0,heterogeneous,4.0,POOL-LBA(=yours),106,2.0,72.0,74.0
81,0.0,heterogeneous,4.0,SLOT-G-DEF,106,60.0,103.0,43.0
81,0.0,heterogeneous,4.0,SLOT-G-LBA,106,2.0,72.0,74.0
81,0.0,heterogeneous,4.0,SLOT-LFT-DEF,105,64.0,105.0,41.0
81,0.0,heterogeneous,4.0,SLOT-LFT-LBA,105,2.0,72.0,74.0
81,0.0,heterogeneous,4.0,SLOT-RAND-DEF,106,60.0,103.0,43.0
81,0.0,heterogeneous,4.0,SLOT-RAND-LBA,110,8.0,77.0,69.0
81,0.0,heterogeneous,16.0,POOL-LBA(=yours),106,2.0,72.0,74.0
81,0.0,heterogeneous,16.0,SLOT-G-DEF,106,60.0,103.0,43.0
81,0.0,heterogeneous,16.0,SLOT-G-LBA,106,2.0,72.0,74.0
81,0.0,heterogeneous,16.0,SLOT-LFT-DEF,105,64.0,105.0,41.0
81,0.0,heterogeneous,16.0,SLOT-LFT-LBA,105,2.0,72.0,74.0
81,0.0,heterogeneous,16.0,SLOT-RAND-DEF,103,60.0,103.0,43.0
81,0.0,heterogeneous,16.0,SLOT-RAND-LBA,110,6.0,76.0,70.0
81,0.0,heterogeneous,64.0,POOL-LBA(=yours),106,2.0,72.0,74.0
81,0.0,heterogeneous,64.0,SLOT-G-DEF,106,60.0,103.0,43.0
81,0.0,heterogeneous,64.0,SLOT-G-LBA,106,2.0,72.0,74.0
81,0.0,heterogeneous,64.0,SLOT-LFT-DEF,105,64.0,105.0,41.0
81,0.0,heterogeneous,64.0,SLOT-LFT-LBA,105,2.0,72.0,74.0
81,0.0,heterogeneous,64.0,SLOT-RAND-DEF,105,56.0,101.0,45.0
81,0.0,heterogeneous,64.0,SLOT-RAND-LBA,105,4.0,71.0,75.0
81,0.1,uniform,,POOL-LBA(=yours),120,2.0,82.0,84.0
81,0.1,uniform,,SLOT-G-DEF,120,68.0,117.0,49.0
81,0.1,uniform,,SLOT-G-LBA,120,2.0,82.0,84.0
81,0.1,uniform,,SLOT-LFT-DEF,119,72.0,119.0,47.0
81,0.1,uniform,,SLOT-LFT-LBA,119,2.0,82.0,84.0
81,0.1,uniform,,SLOT-RAND-DEF,118,70.0,118.0,48.0
81,0.1,uniform,,SLOT-RAND-LBA,119,12.0,89.0,77.0
81,0.1,heterogeneous,4.0,POOL-LBA(=yours),113,1.0,77.0,78.0
81,0.1,heterogeneous,4.0,SLOT-G-DEF,113,41.0,98.0,57.0
81,0.1,heterogeneous,4.0,SLOT-G-LBA,113,1.0,78.0,77.0
81,0.1,heterogeneous,4.0,SLOT-LFT-DEF,112,69.0,112.0,43.0
81,0.1,heterogeneous,4.0,SLOT-LFT-LBA,112,5.0,80.0,75.0
81,0.1,heterogeneous,4.0,SLOT-RAND-DEF,113,59.0,107.0,48.0
81,0.1,heterogeneous,4.0,SLOT-RAND-LBA,107,1.0,78.0,77.0
81,0.1,heterogeneous,16.0,POOL-LBA(=yours),118,1.0,81.0,80.0
81,0.1,heterogeneous,16.0,SLOT-G-DEF,118,65.0,113.0,48.0
81,0.1,heterogeneous,16.0,SLOT-G-LBA,118,1.0,80.0,81.0
81,0.1,heterogeneous,16.0,SLOT-LFT-DEF,118,75.0,118.0,43.0
81,0.1,heterogeneous,16.0,SLOT-LFT-LBA,118,5.0,83.0,78.0
81,0.1,heterogeneous,16.0,SLOT-RAND-DEF,114,57.0,109.0,52.0
81,0.1,heterogeneous,16.0,SLOT-RAND-LBA,115,13.0,87.0,74.0
81,0.1,heterogeneous,64.0,POOL-LBA(=yours),116,2.0,79.0,81.0
81,0.1,heterogeneous,64.0,SLOT-G-DEF,116,48.0,104.0,56.0
81,0.1,heterogeneous,64.0,SLOT-G-LBA,116,2.0,81.0,79.0
81,0.1,heterogeneous,64.0,SLOT-LFT-DEF,116,72.0,116.0,44.0
81,0.1,heterogeneous,64.0,SLOT-LFT-LBA,116,2.0,79.0,81.0
81,0.1,heterogeneous,64.0,SLOT-RAND-DEF,116,58.0,109.0,51.0
81,0.1,heterogeneous,64.0,SLOT-RAND-LBA,121,6.0,83.0,77.0
81,0.2,uniform,,POOL-LBA(=yours),128,2.0,87.0,89.0
81,0.2,uniform,,SLOT-G-DEF,128,72.0,124.0,52.0
81,0.2,uniform,,SLOT-G-LBA,128,2.0,87.0,89.0
81,0.2,uniform,,SLOT-LFT-DEF,127,78.0,127.0,49.0
81,0.2,uniform,,SLOT-LFT-LBA,127,2.0,87.0,89.0
81,0.2,uniform,,SLOT-RAND-DEF,128,80.0,128.0,48.0
81,0.2,uniform,,SLOT-RAND-LBA,126,4.0,90.0,86.0
81,0.2,heterogeneous,4.0,POOL-LBA(=yours),122,1.0,82.0,81.0
81,0.2,heterogeneous,4.0,SLOT-G-DEF,122,71.0,117.0,46.0
81,0.2,heterogeneous,4.0,SLOT-G-LBA,122,1.0,82.0,81.0
81,0.2,heterogeneous,4.0,SLOT-LFT-DEF,118,73.0,118.0,45.0
81,0.2,heterogeneous,4.0,SLOT-LFT-LBA,118,1.0,82.0,81.0
81,0.2,heterogeneous,4.0,SLOT-RAND-DEF,117,61.0,112.0,51.0
81,0.2,heterogeneous,4.0,SLOT-RAND-LBA,119,5.0,84.0,79.0
81,0.2,heterogeneous,16.0,POOL-LBA(=yours),126,3.0,85.0,88.0
81,0.2,heterogeneous,16.0,SLOT-G-DEF,126,79.0,126.0,47.0
81,0.2,heterogeneous,16.0,SLOT-G-LBA,126,1.0,87.0,86.0
81,0.2,heterogeneous,16.0,SLOT-LFT-DEF,124,75.0,124.0,49.0
81,0.2,heterogeneous,16.0,SLOT-LFT-LBA,124,1.0,86.0,87.0
81,0.2,heterogeneous,16.0,SLOT-RAND-DEF,124,71.0,122.0,51.0
81,0.2,heterogeneous,16.0,SLOT-RAND-LBA,122,1.0,86.0,87.0
81,0.2,heterogeneous,64.0,POOL-LBA(=yours),132,3.0,88.0,91.0
81,0.2,heterogeneous,64.0,SLOT-G-DEF,132,73.0,126.0,53.0
81,0.2,heterogeneous,64.0,SLOT-G-LBA,132,3.0,91.0,88.0
81,0.2,heterogeneous,64.0,SLOT-LFT-DEF,128,73.0,126.0,53.0
81,0.2,heterogeneous,64.0,SLOT-LFT-LBA,128,1.0,90.0,89.0
81,0.2,heterogeneous,64.0,SLOT-RAND-DEF,130,73.0,126.0,53.0
81,0.2,heterogeneous,64.0,SLOT-RAND-LBA,135,5.0,92.0,87.0
81,0.3,uniform,,POOL-LBA(=yours),138,3.0,96.0,93.0
81,0.3,uniform,,SLOT-G-DEF,138,79.0,134.0,55.0
81,0.3,uniform,,SLOT-G-LBA,138,3.0,93.0,96.0
81,0.3,uniform,,SLOT-LFT-DEF,137,85.0,137.0,52.0
81,0.3,uniform,,SLOT-LFT-LBA,137,3.0,93.0,96.0
81,0.3,uniform,,SLOT-RAND-DEF,135,65.0,127.0,62.0
81,0.3,uniform,,SLOT-RAND-LBA,144,7.0,91.0,98.0
81,0.3,heterogeneous,4.0,POOL-LBA(=yours),149,3.0,98.0,101.0
81,0.3,heterogeneous,4.0,SLOT-G-DEF,149,91.0,145.0,54.0
81,0.3,heterogeneous,4.0,SLOT-G-LBA,149,3.0,101.0,98.0
81,0.3,heterogeneous,4.0,SLOT-LFT-DEF,147,95.0,147.0,52.0
81,0.3,heterogeneous,4.0,SLOT-LFT-LBA,147,5.0,102.0,97.0
81,0.3,heterogeneous,4.0,SLOT-RAND-DEF,146,63.0,131.0,68.0
81,0.3,heterogeneous,4.0,SLOT-RAND-LBA,148,5.0,97.0,102.0
81,0.3,heterogeneous,16.0,POOL-LBA(=yours),142,1.0,97.0,96.0
81,0.3,heterogeneous,16.0,SLOT-G-DEF,142,91.0,142.0,51.0
81,0.3,heterogeneous,16.0,SLOT-G-LBA,142,1.0,96.0,97.0
81,0.3,heterogeneous,16.0,SLOT-LFT-DEF,141,89.0,141.0,52.0
81,0.3,heterogeneous,16.0,SLOT-LFT-LBA,141,3.0,95.0,98.0
81,0.3,heterogeneous,16.0,SLOT-RAND-DEF,140,63.0,128.0,65.0
81,0.3,heterogeneous,16.0,SLOT-RAND-LBA,143,9.0,92.0,101.0
81,0.3,heterogeneous,64.0,POOL-LBA(=yours),136,4.0,95.0,91.0
81,0.3,heterogeneous,64.0,SLOT-G-DEF,136,86.0,136.0,50.0
81,0.3,heterogeneous,64.0,SLOT-G-LBA,136,0.0,93.0,93.0
81,0.3,heterogeneous,64.0,SLOT-LFT-DEF,134,82.0,134.0,52.0
81,0.3,heterogeneous,64.0,SLOT-LFT-LBA,134,2.0,92.0,94.0
81,0.3,heterogeneous,64.0,SLOT-RAND-DEF,135,78.0,132.0,54.0
81,0.3,heterogeneous,64.0,SLOT-RAND-LBA,135,2.0,94.0,92.0
82,0.0,uniform,,POOL-LBA(=yours),118,4.0,76.0,72.0
82,0.0,uniform,,SLOT-G-DEF,118,74.0,111.0,37.0
82,0.0,uniform,,SLOT-G-LBA,118,4.0,76.0,72.0
82,0.0,uniform,,SLOT-LFT-DEF,118,74.0,111.0,37.0
82,0.0,uniform,,SLOT-LFT-LBA,118,4.0,76.0,72.0
82,0.0,uniform,,SLOT-RAND-DEF,115,76.0,112.0,36.0
82,0.0,uniform,,SLOT-RAND-LBA,118,6.0,71.0,77.0
82,0.0,heterogeneous,4.0,POOL-LBA(=yours),118,4.0,76.0,72.0
82,0.0,heterogeneous,4.0,SLOT-G-DEF,118,74.0,111.0,37.0
82,0.0,heterogeneous,4.0,SLOT-G-LBA,118,4.0,76.0,72.0
82,0.0,heterogeneous,4.0,SLOT-LFT-DEF,118,74.0,111.0,37.0
82,0.0,heterogeneous,4.0,SLOT-LFT-LBA,118,4.0,76.0,72.0
82,0.0,heterogeneous,4.0,SLOT-RAND-DEF,116,78.0,113.0,35.0
82,0.0,heterogeneous,4.0,SLOT-RAND-LBA,117,2.0,73.0,75.0
82,0.0,heterogeneous,16.0,POOL-LBA(=yours),118,4.0,76.0,72.0
82,0.0,heterogeneous,16.0,SLOT-G-DEF,118,74.0,111.0,37.0
82,0.0,heterogeneous,16.0,SLOT-G-LBA,118,4.0,76.0,72.0
82,0.0,heterogeneous,16.0,SLOT-LFT-DEF,118,74.0,111.0,37.0
82,0.0,heterogeneous,16.0,SLOT-LFT-LBA,118,4.0,76.0,72.0
82,0.0,heterogeneous,16.0,SLOT-RAND-DEF,120,76.0,112.0,36.0
82,0.0,heterogeneous,16.0,SLOT-RAND-LBA,118,6.0,77.0,71.0
82,0.0,heterogeneous,64.0,POOL-LBA(=yours),118,4.0,76.0,72.0
82,0.0,heterogeneous,64.0,SLOT-G-DEF,118,74.0,111.0,37.0
82,0.0,heterogeneous,64.0,SLOT-G-LBA,118,4.0,76.0,72.0
82,0.0,heterogeneous,64.0,SLOT-LFT-DEF,118,74.0,111.0,37.0
82,0.0,heterogeneous,64.0,SLOT-LFT-LBA,118,4.0,76.0,72.0
82,0.0,heterogeneous,64.0,SLOT-RAND-DEF,123,94.0,121.0,27.0
82,0.0,heterogeneous,64.0,SLOT-RAND-LBA,117,4.0,76.0,72.0
82,0.1,uniform,,POOL-LBA(=yours),133,4.0,86.0,82.0
82,0.1,uniform,,SLOT-G-DEF,133,82.0,125.0,43.0
82,0.1,uniform,,SLOT-G-LBA,133,4.0,86.0,82.0
82,0.1,uniform,,SLOT-LFT-DEF,133,82.0,125.0,43.0
82,0.1,uniform,,SLOT-LFT-LBA,133,4.0,86.0,82.0
82,0.1,uniform,,SLOT-RAND-DEF,130,92.0,130.0,38.0
82,0.1,uniform,,SLOT-RAND-LBA,130,4.0,86.0,82.0
82,0.1,heterogeneous,4.0,POOL-LBA(=yours),131,2.0,83.0,81.0
82,0.1,heterogeneous,4.0,SLOT-G-DEF,131,98.0,131.0,33.0
82,0.1,heterogeneous,4.0,SLOT-G-LBA,131,6.0,79.0,85.0
82,0.1,heterogeneous,4.0,SLOT-LFT-DEF,131,98.0,131.0,33.0
82,0.1,heterogeneous,4.0,SLOT-LFT-LBA,131,6.0,79.0,85.0
82,0.1,heterogeneous,4.0,SLOT-RAND-DEF,134,84.0,124.0,40.0
82,0.1,heterogeneous,4.0,SLOT-RAND-LBA,130,4.0,80.0,84.0
82,0.1,heterogeneous,16.0,POOL-LBA(=yours),129,5.0,79.0,84.0
82,0.1,heterogeneous,16.0,SLOT-G-DEF,129,79.0,121.0,42.0
82,0.1,heterogeneous,16.0,SLOT-G-LBA,129,5.0,84.0,79.0
82,0.1,heterogeneous,16.0,SLOT-LFT-DEF,130,81.0,122.0,41.0
82,0.1,heterogeneous,16.0,SLOT-LFT-LBA,130,7.0,85.0,78.0
82,0.1,heterogeneous,16.0,SLOT-RAND-DEF,128,87.0,125.0,38.0
82,0.1,heterogeneous,16.0,SLOT-RAND-LBA,128,3.0,83.0,80.0
82,0.1,heterogeneous,64.0,POOL-LBA(=yours),131,4.0,80.0,84.0
82,0.1,heterogeneous,64.0,SLOT-G-DEF,131,84.0,124.0,40.0
82,0.1,heterogeneous,64.0,SLOT-G-LBA,131,8.0,86.0,78.0
82,0.1,heterogeneous,64.0,SLOT-LFT-DEF,130,82.0,123.0,41.0
82,0.1,heterogeneous,64.0,SLOT-LFT-LBA,130,6.0,85.0,79.0
82,0.1,heterogeneous,64.0,SLOT-RAND-DEF,127,80.0,122.0,42.0
82,0.1,heterogeneous,64.0,SLOT-RAND-LBA,129,6.0,85.0,79.0
82,0.2,uniform,,POOL-LBA(=yours),141,2.0,87.0,89.0
82,0.2,uniform,,SLOT-G-DEF,141,106.0,141.0,35.0
82,0.2,uniform,,SLOT-G-LBA,141,2.0,87.0,89.0
82,0.2,uniform,,SLOT-LFT-DEF,141,106.0,141.0,35.0
82,0.2,uniform,,SLOT-LFT-LBA,141,2.0,87.0,89.0
82,0.2,uniform,,SLOT-RAND-DEF,140,104.0,140.0,36.0
82,0.2,uniform,,SLOT-RAND-LBA,138,6.0,85.0,91.0
82,0.2,heterogeneous,4.0,POOL-LBA(=yours),141,9.0,91.0,82.0
82,0.2,heterogeneous,4.0,SLOT-G-DEF,141,109.0,141.0,32.0
82,0.2,heterogeneous,4.0,SLOT-G-LBA,141,9.0,91.0,82.0
82,0.2,heterogeneous,4.0,SLOT-LFT-DEF,140,107.0,140.0,33.0
82,0.2,heterogeneous,4.0,SLOT-LFT-LBA,140,7.0,83.0,90.0
82,0.2,heterogeneous,4.0,SLOT-RAND-DEF,137,93.0,133.0,40.0
82,0.2,heterogeneous,4.0,SLOT-RAND-LBA,144,7.0,90.0,83.0
82,0.2,heterogeneous,16.0,POOL-LBA(=yours),139,7.0,93.0,86.0
82,0.2,heterogeneous,16.0,SLOT-G-DEF,139,81.0,130.0,49.0
82,0.2,heterogeneous,16.0,SLOT-G-LBA,139,7.0,93.0,86.0
82,0.2,heterogeneous,16.0,SLOT-LFT-DEF,140,93.0,136.0,43.0
82,0.2,heterogeneous,16.0,SLOT-LFT-LBA,140,3.0,91.0,88.0
82,0.2,heterogeneous,16.0,SLOT-RAND-DEF,145,101.0,140.0,39.0
82,0.2,heterogeneous,16.0,SLOT-RAND-LBA,146,7.0,93.0,86.0
82,0.2,heterogeneous,64.0,POOL-LBA(=yours),144,4.0,88.0,92.0
82,0.2,heterogeneous,64.0,SLOT-G-DEF,144,92.0,136.0,44.0
82,0.2,heterogeneous,64.0,SLOT-G-LBA,144,6.0,93.0,87.0
82,0.2,heterogeneous,64.0,SLOT-LFT-DEF,143,90.0,135.0,45.0
82,0.2,heterogeneous,64.0,SLOT-LFT-LBA,143,4.0,92.0,88.0
82,0.2,heterogeneous,64.0,SLOT-RAND-DEF,143,82.0,131.0,49.0
82,0.2,heterogeneous,64.0,SLOT-RAND-LBA,146,8.0,94.0,86.0
82,0.3,uniform,,POOL-LBA(=yours),152,4.0,93.0,97.0
82,0.3,uniform,,SLOT-G-DEF,152,98.0,144.0,46.0
82,0.3,uniform,,SLOT-G-LBA,152,8.0,99.0,91.0
82,0.3,uniform,,SLOT-LFT-DEF,152,98.0,144.0,46.0
82,0.3,uniform,,SLOT-LFT-LBA,152,8.0,99.0,91.0
82,0.3,uniform,,SLOT-RAND-DEF,155,98.0,144.0,46.0
82,0.3,uniform,,SLOT-RAND-LBA,160,6.0,98.0,92.0
82,0.3,heterogeneous,4.0,POOL-LBA(=yours),142,6.0,87.0,93.0
82,0.3,heterogeneous,4.0,SLOT-G-DEF,142,92.0,136.0,44.0
82,0.3,heterogeneous,4.0,SLOT-G-LBA,142,8.0,94.0,86.0
82,0.3,heterogeneous,4.0,SLOT-LFT-DEF,141,84.0,132.0,48.0
82,0.3,heterogeneous,4.0,SLOT-LFT-LBA,141,4.0,92.0,88.0
82,0.3,heterogeneous,4.0,SLOT-RAND-DEF,144,94.0,137.0,43.0
82,0.3,heterogeneous,4.0,SLOT-RAND-LBA,141,6.0,93.0,87.0
82,0.3,heterogeneous,16.0,POOL-LBA(=yours),153,5.0,94.0,99.0
82,0.3,heterogeneous,16.0,SLOT-G-DEF,153,99.0,146.0,47.0
82,0.3,heterogeneous,16.0,SLOT-G-LBA,153,5.0,99.0,94.0
82,0.3,heterogeneous,16.0,SLOT-LFT-DEF,154,101.0,147.0,46.0
82,0.3,heterogeneous,16.0,SLOT-LFT-LBA,154,7.0,100.0,93.0
82,0.3,heterogeneous,16.0,SLOT-RAND-DEF,152,93.0,143.0,50.0
82,0.3,heterogeneous,16.0,SLOT-RAND-LBA,153,3.0,98.0,95.0
82,0.3,heterogeneous,64.0,POOL-LBA(=yours),155,4.0,99.0,95.0
82,0.3,heterogeneous,64.0,SLOT-G-DEF,155,116.0,155.0,39.0
82,0.3,heterogeneous,64.0,SLOT-G-LBA,155,4.0,99.0,95.0
82,0.3,heterogeneous,64.0,SLOT-LFT-DEF,156,118.0,156.0,38.0
82,0.3,heterogeneous,64.0,SLOT-LFT-LBA,156,4.0,95.0,99.0
82,0.3,heterogeneous,64.0,SLOT-RAND-DEF,162,130.0,162.0,32.0
82,0.3,heterogeneous,64.0,SLOT-RAND-LBA,159,6.0,94.0,100.0
83,0.0,uniform,,POOL-LBA(=yours),110,2.0,72.0,74.0
83,0.0,uniform,,SLOT-G-DEF,110,64.0,105.0,41.0
83,0.0,uniform,,SLOT-G-LBA,110,10.0,78.0,68.0
83,0.0,uniform,,SLOT-LFT-DEF,104,54.0,100.0,46.0
83,0.0,uniform,,SLOT-LFT-LBA,104,6.0,76.0,70.0
83,0.0,uniform,,SLOT-RAND-DEF,111,74.0,110.0,36.0
83,0.0,uniform,,SLOT-RAND-LBA,104,0.0,73.0,73.0
83,0.0,heterogeneous,4.0,POOL-LBA(=yours),110,2.0,72.0,74.0
83,0.0,heterogeneous,4.0,SLOT-G-DEF,110,64.0,105.0,41.0
83,0.0,heterogeneous,4.0,SLOT-G-LBA,110,10.0,78.0,68.0
83,0.0,heterogeneous,4.0,SLOT-LFT-DEF,104,54.0,100.0,46.0
83,0.0,heterogeneous,4.0,SLOT-LFT-LBA,104,6.0,76.0,70.0
83,0.0,heterogeneous,4.0,SLOT-RAND-DEF,110,58.0,102.0,44.0
83,0.0,heterogeneous,4.0,SLOT-RAND-LBA,111,2.0,74.0,72.0
83,0.0,heterogeneous,16.0,POOL-LBA(=yours),110,2.0,72.0,74.0
83,0.0,heterogeneous,16.0,SLOT-G-DEF,110,64.0,105.0,41.0
83,0.0,heterogeneous,16.0,SLOT-G-LBA,110,10.0,78.0,68.0
83,0.0,heterogeneous,16.0,SLOT-LFT-DEF,104,54.0,100.0,46.0
83,0.0,heterogeneous,16.0,SLOT-LFT-LBA,104,6.0,76.0,70.0
83,0.0,heterogeneous,16.0,SLOT-RAND-DEF,112,78.0,112.0,34.0
83,0.0,heterogeneous,16.0,SLOT-RAND-LBA,110,10.0,68.0,78.0
83,0.0,heterogeneous,64.0,POOL-LBA(=yours),110,2.0,72.0,74.0
83,0.0,heterogeneous,64.0,SLOT-G-DEF,110,64.0,105.0,41.0
83,0.0,heterogeneous,64.0,SLOT-G-LBA,110,10.0,78.0,68.0
83,0.0,heterogeneous,64.0,SLOT-LFT-DEF,104,54.0,100.0,46.0
83,0.0,heterogeneous,64.0,SLOT-LFT-LBA,104,6.0,76.0,70.0
83,0.0,heterogeneous,64.0,SLOT-RAND-DEF,111,76.0,111.0,35.0
83,0.0,heterogeneous,64.0,SLOT-RAND-LBA,111,2.0,72.0,74.0
83,0.1,uniform,,POOL-LBA(=yours),125,2.0,82.0,84.0
83,0.1,uniform,,SLOT-G-DEF,125,72.0,119.0,47.0
83,0.1,uniform,,SLOT-G-LBA,125,12.0,89.0,77.0
83,0.1,uniform,,SLOT-LFT-DEF,118,60.0,113.0,53.0
83,0.1,uniform,,SLOT-LFT-LBA,118,8.0,87.0,79.0
83,0.1,uniform,,SLOT-RAND-DEF,128,82.0,124.0,42.0
83,0.1,uniform,,SLOT-RAND-LBA,131,12.0,77.0,89.0
83,0.1,heterogeneous,4.0,POOL-LBA(=yours),117,6.0,81.0,75.0
83,0.1,heterogeneous,4.0,SLOT-G-DEF,117,68.0,112.0,44.0
83,0.1,heterogeneous,4.0,SLOT-G-LBA,117,6.0,81.0,75.0
83,0.1,heterogeneous,4.0,SLOT-LFT-DEF,111,56.0,106.0,50.0
83,0.1,heterogeneous,4.0,SLOT-LFT-LBA,111,4.0,80.0,76.0
83,0.1,heterogeneous,4.0,SLOT-RAND-DEF,123,90.0,123.0,33.0
83,0.1,heterogeneous,4.0,SLOT-RAND-LBA,119,8.0,74.0,82.0
83,0.1,heterogeneous,16.0,POOL-LBA(=yours),120,4.0,79.0,83.0
83,0.1,heterogeneous,16.0,SLOT-G-DEF,120,72.0,117.0,45.0
83,0.1,heterogeneous,16.0,SLOT-G-LBA,120,8.0,85.0,77.0
83,0.1,heterogeneous,16.0,SLOT-LFT-DEF,113,58.0,110.0,52.0
83,0.1,heterogeneous,16.0,SLOT-LFT-LBA,113,6.0,84.0,78.0
83,0.1,heterogeneous,16.0,SLOT-RAND-DEF,113,64.0,113.0,49.0
83,0.1,heterogeneous,16.0,SLOT-RAND-LBA,123,4.0,83.0,79.0
83,0.1,heterogeneous,64.0,POOL-LBA(=yours),120,4.0,78.0,82.0
83,0.1,heterogeneous,64.0,SLOT-G-DEF,120,72.0,116.0,44.0
83,0.1,heterogeneous,64.0,SLOT-G-LBA,120,8.0,84.0,76.0
83,0.1,heterogeneous,64.0,SLOT-LFT-DEF,114,60.0,110.0,50.0
83,0.1,heterogeneous,64.0,SLOT-LFT-LBA,114,8.0,84.0,76.0
83,0.1,heterogeneous,64.0,SLOT-RAND-DEF,122,84.0,122.0,38.0
83,0.1,heterogeneous,64.0,SLOT-RAND-LBA,128,10.0,75.0,85.0
83,0.2,uniform,,POOL-LBA(=yours),132,4.0,86.0,90.0
83,0.2,uniform,,SLOT-G-DEF,132,78.0,127.0,49.0
83,0.2,uniform,,SLOT-G-LBA,132,10.0,93.0,83.0
83,0.2,uniform,,SLOT-LFT-DEF,125,66.0,121.0,55.0
83,0.2,uniform,,SLOT-LFT-LBA,125,6.0,91.0,85.0
83,0.2,uniform,,SLOT-RAND-DEF,138,80.0,128.0,48.0
83,0.2,uniform,,SLOT-RAND-LBA,136,2.0,87.0,89.0
83,0.2,heterogeneous,4.0,POOL-LBA(=yours),129,4.0,88.0,84.0
83,0.2,heterogeneous,4.0,SLOT-G-DEF,129,78.0,125.0,47.0
83,0.2,heterogeneous,4.0,SLOT-G-LBA,129,12.0,92.0,80.0
83,0.2,heterogeneous,4.0,SLOT-LFT-DEF,121,62.0,117.0,55.0
83,0.2,heterogeneous,4.0,SLOT-LFT-LBA,121,8.0,90.0,82.0
83,0.2,heterogeneous,4.0,SLOT-RAND-DEF,123,66.0,119.0,53.0
83,0.2,heterogeneous,4.0,SLOT-RAND-LBA,121,8.0,82.0,90.0
83,0.2,heterogeneous,16.0,POOL-LBA(=yours),133,2.0,89.0,87.0
83,0.2,heterogeneous,16.0,SLOT-G-DEF,133,78.0,127.0,49.0
83,0.2,heterogeneous,16.0,SLOT-G-LBA,133,12.0,82.0,94.0
83,0.2,heterogeneous,16.0,SLOT-LFT-DEF,127,72.0,124.0,52.0
83,0.2,heterogeneous,16.0,SLOT-LFT-LBA,127,10.0,93.0,83.0
83,0.2,heterogeneous,16.0,SLOT-RAND-DEF,141,98.0,137.0,39.0
83,0.2,heterogeneous,16.0,SLOT-RAND-LBA,135,6.0,91.0,85.0
83,0.2,heterogeneous,64.0,POOL-LBA(=yours),132,0.0,87.0,87.0
83,0.2,heterogeneous,64.0,SLOT-G-DEF,132,76.0,125.0,49.0
83,0.2,heterogeneous,64.0,SLOT-G-LBA,132,14.0,80.0,94.0
83,0.2,heterogeneous,64.0,SLOT-LFT-DEF,125,66.0,120.0,54.0
83,0.2,heterogeneous,64.0,SLOT-LFT-LBA,125,10.0,92.0,82.0
83,0.2,heterogeneous,64.0,SLOT-RAND-DEF,132,86.0,130.0,44.0
83,0.2,heterogeneous,64.0,SLOT-RAND-LBA,130,2.0,88.0,86.0
83,0.3,uniform,,POOL-LBA(=yours),142,1.0,93.0,94.0
83,0.3,uniform,,SLOT-G-DEF,142,81.0,134.0,53.0
83,0.3,uniform,,SLOT-G-LBA,142,15.0,101.0,86.0
83,0.3,uniform,,SLOT-LFT-DEF,134,69.0,128.0,59.0
83,0.3,uniform,,SLOT-LFT-LBA,134,7.0,90.0,97.0
83,0.3,uniform,,SLOT-RAND-DEF,149,111.0,149.0,38.0
83,0.3,uniform,,SLOT-RAND-LBA,150,1.0,93.0,94.0
83,0.3,heterogeneous,4.0,POOL-LBA(=yours),146,0.0,96.0,96.0
83,0.3,heterogeneous,4.0,SLOT-G-DEF,146,70.0,131.0,61.0
83,0.3,heterogeneous,4.0,SLOT-G-LBA,146,14.0,103.0,89.0
83,0.3,heterogeneous,4.0,SLOT-LFT-DEF,138,78.0,135.0,57.0
83,0.3,heterogeneous,4.0,SLOT-LFT-LBA,138,14.0,103.0,89.0
83,0.3,heterogeneous,4.0,SLOT-RAND-DEF,155,66.0,129.0,63.0
83,0.3,heterogeneous,4.0,SLOT-RAND-LBA,143,6.0,93.0,99.0
83,0.3,heterogeneous,16.0,POOL-LBA(=yours),140,4.0,95.0,91.0
83,0.3,heterogeneous,16.0,SLOT-G-DEF,140,78.0,132.0,54.0
83,0.3,heterogeneous,16.0,SLOT-G-LBA,140,16.0,101.0,85.0
83,0.3,heterogeneous,16.0,SLOT-LFT-DEF,132,64.0,125.0,61.0
83,0.3,heterogeneous,16.0,SLOT-LFT-LBA,132,10.0,98.0,88.0
83,0.3,heterogeneous,16.0,SLOT-RAND-DEF,142,82.0,134.0,52.0
83,0.3,heterogeneous,16.0,SLOT-RAND-LBA,138,2.0,92.0,94.0
83,0.3,heterogeneous,64.0,POOL-LBA(=yours),144,4.0,94.0,98.0
83,0.3,heterogeneous,64.0,SLOT-G-DEF,144,82.0,137.0,55.0
83,0.3,heterogeneous,64.0,SLOT-G-LBA,144,12.0,102.0,90.0
83,0.3,heterogeneous,64.0,SLOT-LFT-DEF,135,68.0,130.0,62.0
83,0.3,heterogeneous,64.0,SLOT-LFT-LBA,135,6.0,99.0,93.0
83,0.3,heterogeneous,64.0,SLOT-RAND-DEF,144,84.0,138.0,54.0
83,0.3,heterogeneous,64.0,SLOT-RAND-LBA,135,6.0,93.0,99.0
84,0.0,uniform,,POOL-LBA(=yours),104,1.0,67.0,68.0
84,0.0,uniform,,SLOT-G-DEF,104,59.0,97.0,38.0
84,0.0,uniform,,SLOT-G-LBA,104,5.0,65.0,70.0
84,0.0,uniform,,SLOT-LFT-DEF,99,55.0,95.0,40.0
84,0.0,uniform,,SLOT-LFT-LBA,99,3.0,69.0,66.0
84,0.0,uniform,,SLOT-RAND-DEF,104,59.0,97.0,38.0
84,0.0,uniform,,SLOT-RAND-LBA,107,1.0,67.0,68.0
84,0.0,heterogeneous,4.0,POOL-LBA(=yours),104,1.0,67.0,68.0
84,0.0,heterogeneous,4.0,SLOT-G-DEF,104,59.0,97.0,38.0
84,0.0,heterogeneous,4.0,SLOT-G-LBA,104,5.0,65.0,70.0
84,0.0,heterogeneous,4.0,SLOT-LFT-DEF,99,55.0,95.0,40.0
84,0.0,heterogeneous,4.0,SLOT-LFT-LBA,99,3.0,69.0,66.0
84,0.0,heterogeneous,4.0,SLOT-RAND-DEF,104,67.0,101.0,34.0
84,0.0,heterogeneous,4.0,SLOT-RAND-LBA,103,3.0,69.0,66.0
84,0.0,heterogeneous,16.0,POOL-LBA(=yours),104,1.0,67.0,68.0
84,0.0,heterogeneous,16.0,SLOT-G-DEF,104,59.0,97.0,38.0
84,0.0,heterogeneous,16.0,SLOT-G-LBA,104,5.0,65.0,70.0
84,0.0,heterogeneous,16.0,SLOT-LFT-DEF,99,55.0,95.0,40.0
84,0.0,heterogeneous,16.0,SLOT-LFT-LBA,99,3.0,69.0,66.0
84,0.0,heterogeneous,16.0,SLOT-RAND-DEF,105,73.0,104.0,31.0
84,0.0,heterogeneous,16.0,SLOT-RAND-LBA,101,1.0,68.0,67.0
84,0.0,heterogeneous,64.0,POOL-LBA(=yours),104,1.0,67.0,68.0
84,0.0,heterogeneous,64.0,SLOT-G-DEF,104,59.0,97.0,38.0
84,0.0,heterogeneous,64.0,SLOT-G-LBA,104,5.0,65.0,70.0
84,0.0,heterogeneous,64.0,SLOT-LFT-DEF,99,55.0,95.0,40.0
84,0.0,heterogeneous,64.0,SLOT-LFT-LBA,99,3.0,69.0,66.0
84,0.0,heterogeneous,64.0,SLOT-RAND-DEF,105,75.0,105.0,30.0
84,0.0,heterogeneous,64.0,SLOT-RAND-LBA,104,1.0,68.0,67.0
84,0.1,uniform,,POOL-LBA(=yours),119,1.0,78.0,77.0
84,0.1,uniform,,SLOT-G-DEF,119,67.0,111.0,44.0
84,0.1,uniform,,SLOT-G-LBA,119,5.0,75.0,80.0
84,0.1,uniform,,SLOT-LFT-DEF,113,63.0,109.0,46.0
84,0.1,uniform,,SLOT-LFT-LBA,113,3.0,79.0,76.0
84,0.1,uniform,,SLOT-RAND-DEF,121,73.0,114.0,41.0
84,0.1,uniform,,SLOT-RAND-LBA,120,7.0,81.0,74.0
84,0.1,heterogeneous,4.0,POOL-LBA(=yours),118,1.0,79.0,80.0
84,0.1,heterogeneous,4.0,SLOT-G-DEF,118,77.0,118.0,41.0
84,0.1,heterogeneous,4.0,SLOT-G-LBA,118,7.0,76.0,83.0
84,0.1,heterogeneous,4.0,SLOT-LFT-DEF,114,61.0,110.0,49.0
84,0.1,heterogeneous,4.0,SLOT-LFT-LBA,114,1.0,80.0,79.0
84,0.1,heterogeneous,4.0,SLOT-RAND-DEF,113,55.0,107.0,52.0
84,0.1,heterogeneous,4.0,SLOT-RAND-LBA,113,5.0,82.0,77.0
84,0.1,heterogeneous,16.0,POOL-LBA(=yours),116,1.0,75.0,74.0
84,0.1,heterogeneous,16.0,SLOT-G-DEF,116,83.0,116.0,33.0
84,0.1,heterogeneous,16.0,SLOT-G-LBA,116,1.0,75.0,74.0
84,0.1,heterogeneous,16.0,SLOT-LFT-DEF,110,63.0,106.0,43.0
84,0.1,heterogeneous,16.0,SLOT-LFT-LBA,110,1.0,75.0,74.0
84,0.1,heterogeneous,16.0,SLOT-RAND-DEF,110,65.0,107.0,42.0
84,0.1,heterogeneous,16.0,SLOT-RAND-LBA,115,9.0,79.0,70.0
84,0.1,heterogeneous,64.0,POOL-LBA(=yours),115,2.0,74.0,76.0
84,0.1,heterogeneous,64.0,SLOT-G-DEF,115,70.0,110.0,40.0
84,0.1,heterogeneous,64.0,SLOT-G-LBA,115,2.0,74.0,76.0
84,0.1,heterogeneous,64.0,SLOT-LFT-DEF,111,62.0,106.0,44.0
84,0.1,heterogeneous,64.0,SLOT-LFT-LBA,111,4.0,73.0,77.0
84,0.1,heterogeneous,64.0,SLOT-RAND-DEF,114,72.0,111.0,39.0
84,0.1,heterogeneous,64.0,SLOT-RAND-LBA,115,6.0,78.0,72.0
84,0.2,uniform,,POOL-LBA(=yours),126,0.0,81.0,81.0
84,0.2,uniform,,SLOT-G-DEF,126,72.0,117.0,45.0
84,0.2,uniform,,SLOT-G-LBA,126,6.0,78.0,84.0
84,0.2,uniform,,SLOT-LFT-DEF,120,68.0,115.0,47.0
84,0.2,uniform,,SLOT-LFT-LBA,120,2.0,80.0,82.0
84,0.2,uniform,,SLOT-RAND-DEF,131,74.0,118.0,44.0
84,0.2,uniform,,SLOT-RAND-LBA,134,2.0,80.0,82.0
84,0.2,heterogeneous,4.0,POOL-LBA(=yours),129,4.0,79.0,83.0
84,0.2,heterogeneous,4.0,SLOT-G-DEF,129,90.0,126.0,36.0
84,0.2,heterogeneous,4.0,SLOT-G-LBA,129,4.0,83.0,79.0
84,0.2,heterogeneous,4.0,SLOT-LFT-DEF,122,76.0,119.0,43.0
84,0.2,heterogeneous,4.0,SLOT-LFT-LBA,122,4.0,83.0,79.0
84,0.2,heterogeneous,4.0,SLOT-RAND-DEF,122,70.0,116.0,46.0
84,0.2,heterogeneous,4.0,SLOT-RAND-LBA,129,6.0,84.0,78.0
84,0.2,heterogeneous,16.0,POOL-LBA(=yours),123,2.0,82.0,80.0
84,0.2,heterogeneous,16.0,SLOT-G-DEF,123,80.0,121.0,41.0
84,0.2,heterogeneous,16.0,SLOT-G-LBA,123,6.0,84.0,78.0
84,0.2,heterogeneous,16.0,SLOT-LFT-DEF,116,62.0,112.0,50.0
84,0.2,heterogeneous,16.0,SLOT-LFT-LBA,116,4.0,79.0,83.0
84,0.2,heterogeneous,16.0,SLOT-RAND-DEF,121,70.0,116.0,46.0
84,0.2,heterogeneous,16.0,SLOT-RAND-LBA,125,2.0,82.0,80.0
84,0.2,heterogeneous,64.0,POOL-LBA(=yours),124,2.0,81.0,79.0
84,0.2,heterogeneous,64.0,SLOT-G-DEF,124,74.0,117.0,43.0
84,0.2,heterogeneous,64.0,SLOT-G-LBA,124,2.0,81.0,79.0
84,0.2,heterogeneous,64.0,SLOT-LFT-DEF,117,66.0,113.0,47.0
84,0.2,heterogeneous,64.0,SLOT-LFT-LBA,117,0.0,80.0,80.0
84,0.2,heterogeneous,64.0,SLOT-RAND-DEF,125,84.0,122.0,38.0
84,0.2,heterogeneous,64.0,SLOT-RAND-LBA,123,2.0,79.0,81.0
84,0.3,uniform,,POOL-LBA(=yours),132,1.0,85.0,86.0
84,0.3,uniform,,SLOT-G-DEF,132,73.0,122.0,49.0
84,0.3,uniform,,SLOT-G-LBA,132,9.0,90.0,81.0
84,0.3,uniform,,SLOT-LFT-DEF,125,69.0,120.0,51.0
84,0.3,uniform,,SLOT-LFT-LBA,125,5.0,88.0,83.0
84,0.3,uniform,,SLOT-RAND-DEF,134,97.0,134.0,37.0
84,0.3,uniform,,SLOT-RAND-LBA,124,11.0,80.0,91.0
84,0.3,heterogeneous,4.0,POOL-LBA(=yours),130,4.0,89.0,85.0
84,0.3,heterogeneous,4.0,SLOT-G-DEF,130,78.0,126.0,48.0
84,0.3,heterogeneous,4.0,SLOT-G-LBA,130,10.0,92.0,82.0
84,0.3,heterogeneous,4.0,SLOT-LFT-DEF,123,66.0,120.0,54.0
84,0.3,heterogeneous,4.0,SLOT-LFT-LBA,123,6.0,84.0,90.0
84,0.3,heterogeneous,4.0,SLOT-RAND-DEF,137,94.0,134.0,40.0
84,0.3,heterogeneous,4.0,SLOT-RAND-LBA,134,2.0,88.0,86.0
84,0.3,heterogeneous,16.0,POOL-LBA(=yours),136,3.0,90.0,87.0
84,0.3,heterogeneous,16.0,SLOT-G-DEF,136,71.0,124.0,53.0
84,0.3,heterogeneous,16.0,SLOT-G-LBA,136,5.0,86.0,91.0
84,0.3,heterogeneous,16.0,SLOT-LFT-DEF,127,69.0,123.0,54.0
84,0.3,heterogeneous,16.0,SLOT-LFT-LBA,127,3.0,87.0,90.0
84,0.3,heterogeneous,16.0,SLOT-RAND-DEF,128,71.0,124.0,53.0
84,0.3,heterogeneous,16.0,SLOT-RAND-LBA,146,3.0,87.0,90.0
84,0.3,heterogeneous,64.0,POOL-LBA(=yours),135,2.0,88.0,86.0
84,0.3,heterogeneous,64.0,SLOT-G-DEF,135,74.0,124.0,50.0
84,0.3,heterogeneous,64.0,SLOT-G-LBA,135,6.0,90.0,84.0
84,0.3,heterogeneous,64.0,SLOT-LFT-DEF,127,72.0,123.0,51.0
84,0.3,heterogeneous,64.0,SLOT-LFT-LBA,127,0.0,87.0,87.0
84,0.3,heterogeneous,64.0,SLOT-RAND-DEF,133,80.0,127.0,47.0
84,0.3,heterogeneous,64.0,SLOT-RAND-LBA,145,0.0,87.0,87.0
85,0.0,uniform,,POOL-LBA(=yours),102,1.0,70.0,71.0
85,0.0,uniform,,SLOT-G-DEF,102,53.0,97.0,44.0
85,0.0,uniform,,SLOT-G-LBA,102,1.0,70.0,71.0
85,0.0,uniform,,SLOT-LFT-DEF,102,53.0,97.0,44.0
85,0.0,uniform,,SLOT-LFT-LBA,102,5.0,73.0,68.0
85,0.0,uniform,,SLOT-RAND-DEF,108,75.0,108.0,33.0
85,0.0,uniform,,SLOT-RAND-LBA,105,7.0,67.0,74.0
85,0.0,heterogeneous,4.0,POOL-LBA(=yours),102,1.0,70.0,71.0
85,0.0,heterogeneous,4.0,SLOT-G-DEF,102,53.0,97.0,44.0
85,0.0,heterogeneous,4.0,SLOT-G-LBA,102,1.0,70.0,71.0
85,0.0,heterogeneous,4.0,SLOT-LFT-DEF,102,53.0,97.0,44.0
85,0.0,heterogeneous,4.0,SLOT-LFT-LBA,102,5.0,73.0,68.0
85,0.0,heterogeneous,4.0,SLOT-RAND-DEF,108,53.0,97.0,44.0
85,0.0,heterogeneous,4.0,SLOT-RAND-LBA,107,9.0,75.0,66.0
85,0.0,heterogeneous,16.0,POOL-LBA(=yours),102,1.0,70.0,71.0
85,0.0,heterogeneous,16.0,SLOT-G-DEF,102,53.0,97.0,44.0
85,0.0,heterogeneous,16.0,SLOT-G-LBA,102,1.0,70.0,71.0
85,0.0,heterogeneous,16.0,SLOT-LFT-DEF,102,53.0,97.0,44.0
85,0.0,heterogeneous,16.0,SLOT-LFT-LBA,102,5.0,73.0,68.0
85,0.0,heterogeneous,16.0,SLOT-RAND-DEF,102,63.0,102.0,39.0
85,0.0,heterogeneous,16.0,SLOT-RAND-LBA,102,1.0,71.0,70.0
85,0.0,heterogeneous,64.0,POOL-LBA(=yours),102,1.0,70.0,71.0
85,0.0,heterogeneous,64.0,SLOT-G-DEF,102,53.0,97.0,44.0
85,0.0,heterogeneous,64.0,SLOT-G-LBA,102,1.0,70.0,71.0
85,0.0,heterogeneous,64.0,SLOT-LFT-DEF,102,53.0,97.0,44.0
85,0.0,heterogeneous,64.0,SLOT-LFT-LBA,102,5.0,73.0,68.0
85,0.0,heterogeneous,64.0,SLOT-RAND-DEF,106,59.0,100.0,41.0
85,0.0,heterogeneous,64.0,SLOT-RAND-LBA,104,5.0,73.0,68.0
85,0.1,uniform,,POOL-LBA(=yours),116,3.0,82.0,79.0
85,0.1,uniform,,SLOT-G-DEF,116,59.0,110.0,51.0
85,0.1,uniform,,SLOT-G-LBA,116,3.0,82.0,79.0
85,0.1,uniform,,SLOT-LFT-DEF,116,59.0,110.0,51.0
85,0.1,uniform,,SLOT-LFT-LBA,116,5.0,83.0,78.0
85,0.1,uniform,,SLOT-RAND-DEF,116,71.0,116.0,45.0
85,0.1,uniform,,SLOT-RAND-LBA,119,7.0,84.0,77.0
85,0.1,heterogeneous,4.0,POOL-LBA(=yours),111,1.0,78.0,77.0
85,0.1,heterogeneous,4.0,SLOT-G-DEF,111,45.0,100.0,55.0
85,0.1,heterogeneous,4.0,SLOT-G-LBA,111,11.0,72.0,83.0
85,0.1,heterogeneous,4.0,SLOT-LFT-DEF,111,45.0,100.0,55.0
85,0.1,heterogeneous,4.0,SLOT-LFT-LBA,111,15.0,85.0,70.0
85,0.1,heterogeneous,4.0,SLOT-RAND-DEF,110,53.0,104.0,51.0
85,0.1,heterogeneous,4.0,SLOT-RAND-LBA,112,11.0,83.0,72.0
85,0.1,heterogeneous,16.0,POOL-LBA(=yours),108,0.0,76.0,76.0
85,0.1,heterogeneous,16.0,SLOT-G-DEF,108,60.0,106.0,46.0
85,0.1,heterogeneous,16.0,SLOT-G-LBA,108,2.0,77.0,75.0
85,0.1,heterogeneous,16.0,SLOT-LFT-DEF,107,58.0,105.0,47.0
85,0.1,heterogeneous,16.0,SLOT-LFT-LBA,107,4.0,78.0,74.0
85,0.1,heterogeneous,16.0,SLOT-RAND-DEF,108,60.0,106.0,46.0
85,0.1,heterogeneous,16.0,SLOT-RAND-LBA,114,0.0,76.0,76.0
85,0.1,heterogeneous,64.0,POOL-LBA(=yours),112,0.0,78.0,78.0
85,0.1,heterogeneous,64.0,SLOT-G-DEF,112,60.0,108.0,48.0
85,0.1,heterogeneous,64.0,SLOT-G-LBA,112,2.0,79.0,77.0
85,0.1,heterogeneous,64.0,SLOT-LFT-DEF,112,60.0,108.0,48.0
85,0.1,heterogeneous,64.0,SLOT-LFT-LBA,112,4.0,76.0,80.0
85,0.1,heterogeneous,64.0,SLOT-RAND-DEF,113,60.0,108.0,48.0
85,0.1,heterogeneous,64.0,SLOT-RAND-LBA,125,2.0,77.0,79.0
85,0.2,uniform,,POOL-LBA(=yours),123,2.0,86.0,84.0
85,0.2,uniform,,SLOT-G-DEF,123,64.0,117.0,53.0
85,0.2,uniform,,SLOT-G-LBA,123,2.0,86.0,84.0
85,0.2,uniform,,SLOT-LFT-DEF,123,64.0,117.0,53.0
85,0.2,uniform,,SLOT-LFT-LBA,123,6.0,88.0,82.0
85,0.2,uniform,,SLOT-RAND-DEF,130,76.0,123.0,47.0
85,0.2,uniform,,SLOT-RAND-LBA,130,2.0,84.0,86.0
85,0.2,heterogeneous,4.0,POOL-LBA(=yours),125,1.0,86.0,85.0
85,0.2,heterogeneous,4.0,SLOT-G-DEF,125,59.0,115.0,56.0
85,0.2,heterogeneous,4.0,SLOT-G-LBA,125,7.0,82.0,89.0
85,0.2,heterogeneous,4.0,SLOT-LFT-DEF,124,77.0,124.0,47.0
85,0.2,heterogeneous,4.0,SLOT-LFT-LBA,124,11.0,91.0,80.0
85,0.2,heterogeneous,4.0,SLOT-RAND-DEF,125,67.0,119.0,52.0
85,0.2,heterogeneous,4.0,SLOT-RAND-LBA,130,3.0,84.0,87.0
85,0.2,heterogeneous,16.0,POOL-LBA(=yours),127,1.0,86.0,87.0
85,0.2,heterogeneous,16.0,SLOT-G-DEF,127,63.0,118.0,55.0
85,0.2,heterogeneous,16.0,SLOT-G-LBA,127,1.0,87.0,86.0
85,0.2,heterogeneous,16.0,SLOT-LFT-DEF,126,61.0,117.0,56.0
85,0.2,heterogeneous,16.0,SLOT-LFT-LBA,126,5.0,84.0,89.0
85,0.2,heterogeneous,16.0,SLOT-RAND-DEF,126,61.0,117.0,56.0
85,0.2,heterogeneous,16.0,SLOT-RAND-LBA,125,9.0,91.0,82.0
85,0.2,heterogeneous,64.0,POOL-LBA(=yours),122,1.0,84.0,85.0
85,0.2,heterogeneous,64.0,SLOT-G-DEF,122,61.0,115.0,54.0
85,0.2,heterogeneous,64.0,SLOT-G-LBA,122,1.0,85.0,84.0
85,0.2,heterogeneous,64.0,SLOT-LFT-DEF,122,61.0,115.0,54.0
85,0.2,heterogeneous,64.0,SLOT-LFT-LBA,122,3.0,83.0,86.0
85,0.2,heterogeneous,64.0,SLOT-RAND-DEF,120,51.0,110.0,59.0
85,0.2,heterogeneous,64.0,SLOT-RAND-LBA,133,5.0,82.0,87.0
85,0.3,uniform,,POOL-LBA(=yours),130,0.0,90.0,90.0
85,0.3,uniform,,SLOT-G-DEF,130,68.0,124.0,56.0
85,0.3,uniform,,SLOT-G-LBA,130,0.0,90.0,90.0
85,0.3,uniform,,SLOT-LFT-DEF,130,68.0,124.0,56.0
85,0.3,uniform,,SLOT-LFT-LBA,130,6.0,93.0,87.0
85,0.3,uniform,,SLOT-RAND-DEF,138,96.0,138.0,42.0
85,0.3,uniform,,SLOT-RAND-LBA,130,6.0,93.0,87.0
85,0.3,heterogeneous,4.0,POOL-LBA(=yours),131,3.0,92.0,89.0
85,0.3,heterogeneous,4.0,SLOT-G-DEF,131,51.0,116.0,65.0
85,0.3,heterogeneous,4.0,SLOT-G-LBA,131,15.0,83.0,98.0
85,0.3,heterogeneous,4.0,SLOT-LFT-DEF,131,51.0,116.0,65.0
85,0.3,heterogeneous,4.0,SLOT-LFT-LBA,131,17.0,99.0,82.0
85,0.3,heterogeneous,4.0,SLOT-RAND-DEF,132,83.0,132.0,49.0
85,0.3,heterogeneous,4.0,SLOT-RAND-LBA,132,5.0,93.0,88.0
85,0.3,heterogeneous,16.0,POOL-LBA(=yours),136,4.0,95.0,91.0
85,0.3,heterogeneous,16.0,SLOT-G-DEF,136,72.0,129.0,57.0
85,0.3,heterogeneous,16.0,SLOT-G-LBA,136,4.0,91.0,95.0
85,0.3,heterogeneous,16.0,SLOT-LFT-DEF,136,72.0,129.0,57.0
85,0.3,heterogeneous,16.0,SLOT-LFT-LBA,136,2.0,92.0,94.0
85,0.3,heterogeneous,16.0,SLOT-RAND-DEF,136,76.0,131.0,55.0
85,0.3,heterogeneous,16.0,SLOT-RAND-LBA,141,2.0,94.0,92.0
85,0.3,heterogeneous,64.0,POOL-LBA(=yours),127,3.0,87.0,90.0
85,0.3,heterogeneous,64.0,SLOT-G-DEF,127,57.0,117.0,60.0
85,0.3,heterogeneous,64.0,SLOT-G-LBA,127,9.0,93.0,84.0
85,0.3,heterogeneous,64.0,SLOT-LFT-DEF,126,55.0,116.0,61.0
85,0.3,heterogeneous,64.0,SLOT-LFT-LBA,126,15.0,81.0,96.0
85,0.3,heterogeneous,64.0,SLOT-RAND-DEF,130,83.0,130.0,47.0
85,0.3,heterogeneous,64.0,SLOT-RAND-LBA,129,5.0,86.0,91.0
86,0.0,uniform,,POOL-LBA(=yours),108,1.0,74.0,75.0
86,0.0,uniform,,SLOT-G-DEF,108,57.0,103.0,46.0
86,0.0,uniform,,SLOT-G-LBA,108,3.0,73.0,76.0
86,0.0,uniform,,SLOT-LFT-DEF,108,57.0,103.0,46.0
86,0.0,uniform,,SLOT-LFT-LBA,108,1.0,75.0,74.0
86,0.0,uniform,,SLOT-RAND-DEF,115,63.0,106.0,43.0
86,0.0,uniform,,SLOT-RAND-LBA,113,3.0,73.0,76.0
86,0.0,heterogeneous,4.0,POOL-LBA(=yours),108,1.0,74.0,75.0
86,0.0,heterogeneous,4.0,SLOT-G-DEF,108,57.0,103.0,46.0
86,0.0,heterogeneous,4.0,SLOT-G-LBA,108,3.0,73.0,76.0
86,0.0,heterogeneous,4.0,SLOT-LFT-DEF,108,57.0,103.0,46.0
86,0.0,heterogeneous,4.0,SLOT-LFT-LBA,108,1.0,75.0,74.0
86,0.0,heterogeneous,4.0,SLOT-RAND-DEF,112,55.0,102.0,47.0
86,0.0,heterogeneous,4.0,SLOT-RAND-LBA,112,3.0,73.0,76.0
86,0.0,heterogeneous,16.0,POOL-LBA(=yours),108,1.0,74.0,75.0
86,0.0,heterogeneous,16.0,SLOT-G-DEF,108,57.0,103.0,46.0
86,0.0,heterogeneous,16.0,SLOT-G-LBA,108,3.0,73.0,76.0
86,0.0,heterogeneous,16.0,SLOT-LFT-DEF,108,57.0,103.0,46.0
86,0.0,heterogeneous,16.0,SLOT-LFT-LBA,108,1.0,75.0,74.0
86,0.0,heterogeneous,16.0,SLOT-RAND-DEF,112,67.0,108.0,41.0
86,0.0,heterogeneous,16.0,SLOT-RAND-LBA,113,1.0,74.0,75.0
86,0.0,heterogeneous,64.0,POOL-LBA(=yours),108,1.0,74.0,75.0
86,0.0,heterogeneous,64.0,SLOT-G-DEF,108,57.0,103.0,46.0
86,0.0,heterogeneous,64.0,SLOT-G-LBA,108,3.0,73.0,76.0
86,0.0,heterogeneous,64.0,SLOT-LFT-DEF,108,57.0,103.0,46.0
86,0.0,heterogeneous,64.0,SLOT-LFT-LBA,108,1.0,75.0,74.0
86,0.0,heterogeneous,64.0,SLOT-RAND-DEF,112,67.0,108.0,41.0
86,0.0,heterogeneous,64.0,SLOT-RAND-LBA,114,7.0,78.0,71.0
86,0.1,uniform,,POOL-LBA(=yours),122,1.0,84.0,85.0
86,0.1,uniform,,SLOT-G-DEF,122,63.0,116.0,53.0
86,0.1,uniform,,SLOT-G-LBA,122,3.0,83.0,86.0
86,0.1,uniform,,SLOT-LFT-DEF,122,63.0,116.0,53.0
86,0.1,uniform,,SLOT-LFT-LBA,122,1.0,85.0,84.0
86,0.1,uniform,,SLOT-RAND-DEF,122,65.0,117.0,52.0
86,0.1,uniform,,SLOT-RAND-LBA,132,5.0,82.0,87.0
86,0.1,heterogeneous,4.0,POOL-LBA(=yours),119,6.0,87.0,81.0
86,0.1,heterogeneous,4.0,SLOT-G-DEF,119,54.0,111.0,57.0
86,0.1,heterogeneous,4.0,SLOT-G-LBA,119,12.0,78.0,90.0
86,0.1,heterogeneous,4.0,SLOT-LFT-DEF,119,52.0,110.0,58.0
86,0.1,heterogeneous,4.0,SLOT-LFT-LBA,119,12.0,90.0,78.0
86,0.1,heterogeneous,4.0,SLOT-RAND-DEF,131,86.0,127.0,41.0
86,0.1,heterogeneous,4.0,SLOT-RAND-LBA,127,6.0,81.0,87.0
86,0.1,heterogeneous,16.0,POOL-LBA(=yours),116,1.0,81.0,80.0
86,0.1,heterogeneous,16.0,SLOT-G-DEF,116,69.0,115.0,46.0
86,0.1,heterogeneous,16.0,SLOT-G-LBA,116,1.0,81.0,80.0
86,0.1,heterogeneous,16.0,SLOT-LFT-DEF,116,59.0,110.0,51.0
86,0.1,heterogeneous,16.0,SLOT-LFT-LBA,116,1.0,81.0,80.0
86,0.1,heterogeneous,16.0,SLOT-RAND-DEF,125,63.0,112.0,49.0
86,0.1,heterogeneous,16.0,SLOT-RAND-LBA,125,11.0,86.0,75.0
86,0.1,heterogeneous,64.0,POOL-LBA(=yours),121,1.0,84.0,83.0
86,0.1,heterogeneous,64.0,SLOT-G-DEF,121,75.0,121.0,46.0
86,0.1,heterogeneous,64.0,SLOT-G-LBA,121,1.0,84.0,83.0
86,0.1,heterogeneous,64.0,SLOT-LFT-DEF,121,65.0,116.0,51.0
86,0.1,heterogeneous,64.0,SLOT-LFT-LBA,121,3.0,85.0,82.0
86,0.1,heterogeneous,64.0,SLOT-RAND-DEF,127,65.0,116.0,51.0
86,0.1,heterogeneous,64.0,SLOT-RAND-LBA,132,7.0,87.0,80.0
86,0.2,uniform,,POOL-LBA(=yours),131,2.0,91.0,89.0
86,0.2,uniform,,SLOT-G-DEF,131,68.0,124.0,56.0
86,0.2,uniform,,SLOT-G-LBA,131,4.0,88.0,92.0
86,0.2,uniform,,SLOT-LFT-DEF,131,68.0,124.0,56.0
86,0.2,uniform,,SLOT-LFT-LBA,131,0.0,90.0,90.0
86,0.2,uniform,,SLOT-RAND-DEF,141,80.0,130.0,50.0
86,0.2,uniform,,SLOT-RAND-LBA,137,4.0,88.0,92.0
86,0.2,heterogeneous,4.0,POOL-LBA(=yours),127,1.0,88.0,87.0
86,0.2,heterogeneous,4.0,SLOT-G-DEF,127,79.0,127.0,48.0
86,0.2,heterogeneous,4.0,SLOT-G-LBA,127,11.0,93.0,82.0
86,0.2,heterogeneous,4.0,SLOT-LFT-DEF,127,79.0,127.0,48.0
86,0.2,heterogeneous,4.0,SLOT-LFT-LBA,127,5.0,90.0,85.0
86,0.2,heterogeneous,4.0,SLOT-RAND-DEF,133,87.0,131.0,44.0
86,0.2,heterogeneous,4.0,SLOT-RAND-LBA,134,1.0,87.0,88.0
86,0.2,heterogeneous,16.0,POOL-LBA(=yours),125,1.0,88.0,89.0
86,0.2,heterogeneous,16.0,SLOT-G-DEF,125,61.0,119.0,58.0
86,0.2,heterogeneous,16.0,SLOT-G-LBA,125,13.0,95.0,82.0
86,0.2,heterogeneous,16.0,SLOT-LFT-DEF,125,55.0,116.0,61.0
86,0.2,heterogeneous,16.0,SLOT-LFT-LBA,125,9.0,84.0,93.0
86,0.2,heterogeneous,16.0,SLOT-RAND-DEF,133,81.0,129.0,48.0
86,0.2,heterogeneous,16.0,SLOT-RAND-LBA,139,3.0,87.0,90.0
86,0.2,heterogeneous,64.0,POOL-LBA(=yours),129,2.0,91.0,89.0
86,0.2,heterogeneous,64.0,SLOT-G-DEF,129,78.0,129.0,51.0
86,0.2,heterogeneous,64.0,SLOT-G-LBA,129,2.0,91.0,89.0
86,0.2,heterogeneous,64.0,SLOT-LFT-DEF,129,70.0,125.0,55.0
86,0.2,heterogeneous,64.0,SLOT-LFT-LBA,129,2.0,91.0,89.0
86,0.2,heterogeneous,64.0,SLOT-RAND-DEF,137,68.0,124.0,56.0
86,0.2,heterogeneous,64.0,SLOT-RAND-LBA,142,8.0,86.0,94.0
86,0.3,uniform,,POOL-LBA(=yours),139,1.0,95.0,96.0
86,0.3,uniform,,SLOT-G-DEF,139,75.0,133.0,58.0
86,0.3,uniform,,SLOT-G-LBA,139,3.0,94.0,97.0
86,0.3,uniform,,SLOT-LFT-DEF,139,75.0,133.0,58.0
86,0.3,uniform,,SLOT-LFT-LBA,139,3.0,97.0,94.0
86,0.3,uniform,,SLOT-RAND-DEF,144,97.0,144.0,47.0
86,0.3,uniform,,SLOT-RAND-LBA,148,3.0,97.0,94.0
86,0.3,heterogeneous,4.0,POOL-LBA(=yours),142,4.0,98.0,102.0
86,0.3,heterogeneous,4.0,SLOT-G-DEF,142,82.0,141.0,59.0
86,0.3,heterogeneous,4.0,SLOT-G-LBA,142,2.0,101.0,99.0
86,0.3,heterogeneous,4.0,SLOT-LFT-DEF,141,80.0,140.0,60.0
86,0.3,heterogeneous,4.0,SLOT-LFT-LBA,141,4.0,98.0,102.0
86,0.3,heterogeneous,4.0,SLOT-RAND-DEF,153,100.0,150.0,50.0
86,0.3,heterogeneous,4.0,SLOT-RAND-LBA,153,0.0,100.0,100.0
86,0.3,heterogeneous,16.0,POOL-LBA(=yours),137,1.0,97.0,96.0
86,0.3,heterogeneous,16.0,SLOT-G-DEF,137,65.0,129.0,64.0
86,0.3,heterogeneous,16.0,SLOT-G-LBA,137,17.0,105.0,88.0
86,0.3,heterogeneous,16.0,SLOT-LFT-DEF,137,63.0,128.0,65.0
86,0.3,heterogeneous,16.0,SLOT-LFT-LBA,137,13.0,90.0,103.0
86,0.3,heterogeneous,16.0,SLOT-RAND-DEF,143,91.0,142.0,51.0
86,0.3,heterogeneous,16.0,SLOT-RAND-LBA,142,5.0,99.0,94.0
86,0.3,heterogeneous,64.0,POOL-LBA(=yours),143,1.0,99.0,98.0
86,0.3,heterogeneous,64.0,SLOT-G-DEF,143,77.0,137.0,60.0
86,0.3,heterogeneous,64.0,SLOT-G-LBA,143,5.0,101.0,96.0
86,0.3,heterogeneous,64.0,SLOT-LFT-DEF,143,77.0,137.0,60.0
86,0.3,heterogeneous,64.0,SLOT-LFT-LBA,143,1.0,99.0,98.0
86,0.3,heterogeneous,64.0,SLOT-RAND-DEF,143,89.0,143.0,54.0
86,0.3,heterogeneous,64.0,SLOT-RAND-LBA,149,15.0,106.0,91.0
87,0.0,uniform,,POOL-LBA(=yours),105,2.0,72.0,70.0
87,0.0,uniform,,SLOT-G-DEF,105,60.0,101.0,41.0
87,0.0,uniform,,SLOT-G-LBA,105,2.0,70.0,72.0
87,0.0,uniform,,SLOT-LFT-DEF,105,60.0,101.0,41.0
87,0.0,uniform,,SLOT-LFT-LBA,105,2.0,70.0,72.0
87,0.0,uniform,,SLOT-RAND-DEF,111,80.0,111.0,31.0
87,0.0,uniform,,SLOT-RAND-LBA,106,8.0,67.0,75.0
87,0.0,heterogeneous,4.0,POOL-LBA(=yours),105,2.0,72.0,70.0
87,0.0,heterogeneous,4.0,SLOT-G-DEF,105,60.0,101.0,41.0
87,0.0,heterogeneous,4.0,SLOT-G-LBA,105,2.0,70.0,72.0
87,0.0,heterogeneous,4.0,SLOT-LFT-DEF,105,60.0,101.0,41.0
87,0.0,heterogeneous,4.0,SLOT-LFT-LBA,105,2.0,70.0,72.0
87,0.0,heterogeneous,4.0,SLOT-RAND-DEF,112,74.0,108.0,34.0
87,0.0,heterogeneous,4.0,SLOT-RAND-LBA,104,0.0,71.0,71.0
87,0.0,heterogeneous,16.0,POOL-LBA(=yours),105,2.0,72.0,70.0
87,0.0,heterogeneous,16.0,SLOT-G-DEF,105,60.0,101.0,41.0
87,0.0,heterogeneous,16.0,SLOT-G-LBA,105,2.0,70.0,72.0
87,0.0,heterogeneous,16.0,SLOT-LFT-DEF,105,60.0,101.0,41.0
87,0.0,heterogeneous,16.0,SLOT-LFT-LBA,105,2.0,70.0,72.0
87,0.0,heterogeneous,16.0,SLOT-RAND-DEF,105,54.0,98.0,44.0
87,0.0,heterogeneous,16.0,SLOT-RAND-LBA,105,2.0,70.0,72.0
87,0.0,heterogeneous,64.0,POOL-LBA(=yours),105,2.0,72.0,70.0
87,0.0,heterogeneous,64.0,SLOT-G-DEF,105,60.0,101.0,41.0
87,0.0,heterogeneous,64.0,SLOT-G-LBA,105,2.0,70.0,72.0
87,0.0,heterogeneous,64.0,SLOT-LFT-DEF,105,60.0,101.0,41.0
87,0.0,heterogeneous,64.0,SLOT-LFT-LBA,105,2.0,70.0,72.0
87,0.0,heterogeneous,64.0,SLOT-RAND-DEF,109,72.0,107.0,35.0
87,0.0,heterogeneous,64.0,SLOT-RAND-LBA,106,2.0,72.0,70.0
87,0.1,uniform,,POOL-LBA(=yours),119,2.0,82.0,80.0
87,0.1,uniform,,SLOT-G-DEF,119,68.0,115.0,47.0
87,0.1,uniform,,SLOT-G-LBA,119,2.0,80.0,82.0
87,0.1,uniform,,SLOT-LFT-DEF,119,68.0,115.0,47.0
87,0.1,uniform,,SLOT-LFT-LBA,119,2.0,80.0,82.0
87,0.1,uniform,,SLOT-RAND-DEF,125,88.0,125.0,37.0
87,0.1,uniform,,SLOT-RAND-LBA,117,2.0,82.0,80.0
87,0.1,heterogeneous,4.0,POOL-LBA(=yours),116,0.0,77.0,77.0
87,0.1,heterogeneous,4.0,SLOT-G-DEF,116,70.0,112.0,42.0
87,0.1,heterogeneous,4.0,SLOT-G-LBA,116,2.0,76.0,78.0
87,0.1,heterogeneous,4.0,SLOT-LFT-DEF,117,68.0,111.0,43.0
87,0.1,heterogeneous,4.0,SLOT-LFT-LBA,117,0.0,77.0,77.0
87,0.1,heterogeneous,4.0,SLOT-RAND-DEF,119,84.0,119.0,35.0
87,0.1,heterogeneous,4.0,SLOT-RAND-LBA,116,2.0,78.0,76.0
87,0.1,heterogeneous,16.0,POOL-LBA(=yours),116,2.0,81.0,79.0
87,0.1,heterogeneous,16.0,SLOT-G-DEF,116,62.0,111.0,49.0
87,0.1,heterogeneous,16.0,SLOT-G-LBA,116,4.0,82.0,78.0
87,0.1,heterogeneous,16.0,SLOT-LFT-DEF,115,64.0,112.0,48.0
87,0.1,heterogeneous,16.0,SLOT-LFT-LBA,115,2.0,81.0,79.0
87,0.1,heterogeneous,16.0,SLOT-RAND-DEF,118,54.0,107.0,53.0
87,0.1,heterogeneous,16.0,SLOT-RAND-LBA,118,4.0,78.0,82.0
87,0.1,heterogeneous,64.0,POOL-LBA(=yours),117,1.0,78.0,79.0
87,0.1,heterogeneous,64.0,SLOT-G-DEF,117,65.0,111.0,46.0
87,0.1,heterogeneous,64.0,SLOT-G-LBA,117,3.0,77.0,80.0
87,0.1,heterogeneous,64.0,SLOT-LFT-DEF,117,65.0,111.0,46.0
87,0.1,heterogeneous,64.0,SLOT-LFT-LBA,117,3.0,77.0,80.0
87,0.1,heterogeneous,64.0,SLOT-RAND-DEF,119,81.0,119.0,38.0
87,0.1,heterogeneous,64.0,SLOT-RAND-LBA,116,3.0,80.0,77.0
87,0.2,uniform,,POOL-LBA(=yours),127,2.0,86.0,84.0
87,0.2,uniform,,SLOT-G-DEF,127,72.0,121.0,49.0
87,0.2,uniform,,SLOT-G-LBA,127,2.0,84.0,86.0
87,0.2,uniform,,SLOT-LFT-DEF,127,72.0,121.0,49.0
87,0.2,uniform,,SLOT-LFT-LBA,127,2.0,84.0,86.0
87,0.2,uniform,,SLOT-RAND-DEF,130,74.0,122.0,48.0
87,0.2,uniform,,SLOT-RAND-LBA,128,4.0,87.0,83.0
87,0.2,heterogeneous,4.0,POOL-LBA(=yours),124,3.0,82.0,85.0
87,0.2,heterogeneous,4.0,SLOT-G-DEF,124,73.0,120.0,47.0
87,0.2,heterogeneous,4.0,SLOT-G-LBA,124,1.0,83.0,84.0
87,0.2,heterogeneous,4.0,SLOT-LFT-DEF,125,71.0,119.0,48.0
87,0.2,heterogeneous,4.0,SLOT-LFT-LBA,125,3.0,85.0,82.0
87,0.2,heterogeneous,4.0,SLOT-RAND-DEF,132,85.0,126.0,41.0
87,0.2,heterogeneous,4.0,SLOT-RAND-LBA,124,3.0,82.0,85.0
87,0.2,heterogeneous,16.0,POOL-LBA(=yours),122,3.0,84.0,81.0
87,0.2,heterogeneous,16.0,SLOT-G-DEF,122,71.0,118.0,47.0
87,0.2,heterogeneous,16.0,SLOT-G-LBA,122,3.0,84.0,81.0
87,0.2,heterogeneous,16.0,SLOT-LFT-DEF,123,69.0,117.0,48.0
87,0.2,heterogeneous,16.0,SLOT-LFT-LBA,123,1.0,82.0,83.0
87,0.2,heterogeneous,16.0,SLOT-RAND-DEF,124,61.0,113.0,52.0
87,0.2,heterogeneous,16.0,SLOT-RAND-LBA,128,11.0,77.0,88.0
87,0.2,heterogeneous,64.0,POOL-LBA(=yours),125,0.0,85.0,85.0
87,0.2,heterogeneous,64.0,SLOT-G-DEF,125,72.0,121.0,49.0
87,0.2,heterogeneous,64.0,SLOT-G-LBA,125,6.0,88.0,82.0
87,0.2,heterogeneous,64.0,SLOT-LFT-DEF,126,70.0,120.0,50.0
87,0.2,heterogeneous,64.0,SLOT-LFT-LBA,126,4.0,83.0,87.0
87,0.2,heterogeneous,64.0,SLOT-RAND-DEF,125,64.0,117.0,53.0
87,0.2,heterogeneous,64.0,SLOT-RAND-LBA,131,14.0,92.0,78.0
87,0.3,uniform,,POOL-LBA(=yours),134,3.0,92.0,89.0
87,0.3,uniform,,SLOT-G-DEF,134,77.0,129.0,52.0
87,0.3,uniform,,SLOT-G-LBA,134,3.0,89.0,92.0
87,0.3,uniform,,SLOT-LFT-DEF,134,77.0,129.0,52.0
87,0.3,uniform,,SLOT-LFT-LBA,134,3.0,89.0,92.0
87,0.3,uniform,,SLOT-RAND-DEF,140,81.0,131.0,50.0
87,0.3,uniform,,SLOT-RAND-LBA,137,9.0,95.0,86.0
87,0.3,heterogeneous,4.0,POOL-LBA(=yours),133,0.0,92.0,92.0
87,0.3,heterogeneous,4.0,SLOT-G-DEF,133,70.0,127.0,57.0
87,0.3,heterogeneous,4.0,SLOT-G-LBA,133,2.0,91.0,93.0
87,0.3,heterogeneous,4.0,SLOT-LFT-DEF,134,68.0,126.0,58.0
87,0.3,heterogeneous,4.0,SLOT-LFT-LBA,134,2.0,91.0,93.0
87,0.3,heterogeneous,4.0,SLOT-RAND-DEF,134,46.0,115.0,69.0
87,0.3,heterogeneous,4.0,SLOT-RAND-LBA,137,4.0,90.0,94.0
87,0.3,heterogeneous,16.0,POOL-LBA(=yours),137,2.0,94.0,92.0
87,0.3,heterogeneous,16.0,SLOT-G-DEF,137,74.0,130.0,56.0
87,0.3,heterogeneous,16.0,SLOT-G-LBA,137,6.0,96.0,90.0
87,0.3,heterogeneous,16.0,SLOT-LFT-DEF,136,76.0,131.0,55.0
87,0.3,heterogeneous,16.0,SLOT-LFT-LBA,136,4.0,95.0,91.0
87,0.3,heterogeneous,16.0,SLOT-RAND-DEF,147,96.0,141.0,45.0
87,0.3,heterogeneous,16.0,SLOT-RAND-LBA,139,2.0,92.0,94.0
87,0.3,heterogeneous,64.0,POOL-LBA(=yours),137,3.0,91.0,94.0
87,0.3,heterogeneous,64.0,SLOT-G-DEF,137,77.0,131.0,54.0
87,0.3,heterogeneous,64.0,SLOT-G-LBA,137,1.0,93.0,92.0
87,0.3,heterogeneous,64.0,SLOT-LFT-DEF,137,77.0,131.0,54.0
87,0.3,heterogeneous,64.0,SLOT-LFT-LBA,137,1.0,93.0,92.0
87,0.3,heterogeneous,64.0,SLOT-RAND-DEF,143,85.0,135.0,50.0
87,0.3,heterogeneous,64.0,SLOT-RAND-LBA,140,3.0,94.0,91.0
88,0.0,uniform,,POOL-LBA(=yours),108,4.0,73.0,69.0
88,0.0,uniform,,SLOT-G-DEF,108,66.0,104.0,38.0
88,0.0,uniform,,SLOT-G-LBA,108,2.0,70.0,72.0
88,0.0,uniform,,SLOT-LFT-DEF,104,66.0,104.0,38.0
88,0.0,uniform,,SLOT-LFT-LBA,104,2.0,72.0,70.0
88,0.0,uniform,,SLOT-RAND-DEF,104,48.0,95.0,47.0
88,0.0,uniform,,SLOT-RAND-LBA,113,0.0,71.0,71.0
88,0.0,heterogeneous,4.0,POOL-LBA(=yours),108,4.0,73.0,69.0
88,0.0,heterogeneous,4.0,SLOT-G-DEF,108,66.0,104.0,38.0
88,0.0,heterogeneous,4.0,SLOT-G-LBA,108,2.0,70.0,72.0
88,0.0,heterogeneous,4.0,SLOT-LFT-DEF,104,66.0,104.0,38.0
88,0.0,heterogeneous,4.0,SLOT-LFT-LBA,104,2.0,72.0,70.0
88,0.0,heterogeneous,4.0,SLOT-RAND-DEF,104,62.0,102.0,40.0
88,0.0,heterogeneous,4.0,SLOT-RAND-LBA,104,2.0,72.0,70.0
88,0.0,heterogeneous,16.0,POOL-LBA(=yours),108,4.0,73.0,69.0
88,0.0,heterogeneous,16.0,SLOT-G-DEF,108,66.0,104.0,38.0
88,0.0,heterogeneous,16.0,SLOT-G-LBA,108,2.0,70.0,72.0
88,0.0,heterogeneous,16.0,SLOT-LFT-DEF,104,66.0,104.0,38.0
88,0.0,heterogeneous,16.0,SLOT-LFT-LBA,104,2.0,72.0,70.0
88,0.0,heterogeneous,16.0,SLOT-RAND-DEF,105,66.0,104.0,38.0
88,0.0,heterogeneous,16.0,SLOT-RAND-LBA,109,0.0,71.0,71.0
88,0.0,heterogeneous,64.0,POOL-LBA(=yours),108,4.0,73.0,69.0
88,0.0,heterogeneous,64.0,SLOT-G-DEF,108,66.0,104.0,38.0
88,0.0,heterogeneous,64.0,SLOT-G-LBA,108,2.0,70.0,72.0
88,0.0,heterogeneous,64.0,SLOT-LFT-DEF,104,66.0,104.0,38.0
88,0.0,heterogeneous,64.0,SLOT-LFT-LBA,104,2.0,72.0,70.0
88,0.0,heterogeneous,64.0,SLOT-RAND-DEF,109,66.0,104.0,38.0
88,0.0,heterogeneous,64.0,SLOT-RAND-LBA,104,2.0,70.0,72.0
88,0.1,uniform,,POOL-LBA(=yours),123,4.0,83.0,79.0
88,0.1,uniform,,SLOT-G-DEF,123,74.0,118.0,44.0
88,0.1,uniform,,SLOT-G-LBA,123,2.0,80.0,82.0
88,0.1,uniform,,SLOT-LFT-DEF,118,74.0,118.0,44.0
88,0.1,uniform,,SLOT-LFT-LBA,118,2.0,82.0,80.0
88,0.1,uniform,,SLOT-RAND-DEF,119,74.0,118.0,44.0
88,0.1,uniform,,SLOT-RAND-LBA,123,2.0,82.0,80.0
88,0.1,heterogeneous,4.0,POOL-LBA(=yours),120,4.0,78.0,82.0
88,0.1,heterogeneous,4.0,SLOT-G-DEF,120,74.0,117.0,43.0
88,0.1,heterogeneous,4.0,SLOT-G-LBA,120,6.0,83.0,77.0
88,0.1,heterogeneous,4.0,SLOT-LFT-DEF,115,66.0,113.0,47.0
88,0.1,heterogeneous,4.0,SLOT-LFT-LBA,115,8.0,76.0,84.0
88,0.1,heterogeneous,4.0,SLOT-RAND-DEF,116,64.0,112.0,48.0
88,0.1,heterogeneous,4.0,SLOT-RAND-LBA,126,6.0,77.0,83.0
88,0.1,heterogeneous,16.0,POOL-LBA(=yours),116,2.0,77.0,75.0
88,0.1,heterogeneous,16.0,SLOT-G-DEF,116,60.0,106.0,46.0
88,0.1,heterogeneous,16.0,SLOT-G-LBA,116,10.0,81.0,71.0
88,0.1,heterogeneous,16.0,SLOT-LFT-DEF,110,68.0,110.0,42.0
88,0.1,heterogeneous,16.0,SLOT-LFT-LBA,110,2.0,75.0,77.0
88,0.1,heterogeneous,16.0,SLOT-RAND-DEF,116,56.0,104.0,48.0
88,0.1,heterogeneous,16.0,SLOT-RAND-LBA,110,12.0,82.0,70.0
88,0.1,heterogeneous,64.0,POOL-LBA(=yours),118,5.0,80.0,75.0
88,0.1,heterogeneous,64.0,SLOT-G-DEF,118,73.0,114.0,41.0
88,0.1,heterogeneous,64.0,SLOT-G-LBA,118,5.0,75.0,80.0
88,0.1,heterogeneous,64.0,SLOT-LFT-DEF,113,71.0,113.0,42.0
88,0.1,heterogeneous,64.0,SLOT-LFT-LBA,113,3.0,76.0,79.0
88,0.1,heterogeneous,64.0,SLOT-RAND-DEF,118,81.0,118.0,37.0
88,0.1,heterogeneous,64.0,SLOT-RAND-LBA,119,5.0,75.0,80.0
88,0.2,uniform,,POOL-LBA(=yours),129,6.0,88.0,82.0
88,0.2,uniform,,SLOT-G-DEF,129,80.0,125.0,45.0
88,0.2,uniform,,SLOT-G-LBA,129,2.0,84.0,86.0
88,0.2,uniform,,SLOT-LFT-DEF,125,80.0,125.0,45.0
88,0.2,uniform,,SLOT-LFT-LBA,125,2.0,86.0,84.0
88,0.2,uniform,,SLOT-RAND-DEF,131,86.0,128.0,42.0
88,0.2,uniform,,SLOT-RAND-LBA,131,6.0,88.0,82.0
88,0.2,heterogeneous,4.0,POOL-LBA(=yours),133,3.0,89.0,86.0
88,0.2,heterogeneous,4.0,SLOT-G-DEF,133,77.0,126.0,49.0
88,0.2,heterogeneous,4.0,SLOT-G-LBA,133,5.0,85.0,90.0
88,0.2,heterogeneous,4.0,SLOT-LFT-DEF,127,77.0,126.0,49.0
88,0.2,heterogeneous,4.0,SLOT-LFT-LBA,127,1.0,88.0,87.0
88,0.2,heterogeneous,4.0,SLOT-RAND-DEF,132,81.0,128.0,47.0
88,0.2,heterogeneous,4.0,SLOT-RAND-LBA,138,17.0,96.0,79.0
88,0.2,heterogeneous,16.0,POOL-LBA(=yours),125,5.0,86.0,81.0
88,0.2,heterogeneous,16.0,SLOT-G-DEF,125,71.0,119.0,48.0
88,0.2,heterogeneous,16.0,SLOT-G-LBA,125,5.0,86.0,81.0
88,0.2,heterogeneous,16.0,SLOT-LFT-DEF,119,69.0,118.0,49.0
88,0.2,heterogeneous,16.0,SLOT-LFT-LBA,119,3.0,85.0,82.0
88,0.2,heterogeneous,16.0,SLOT-RAND-DEF,122,77.0,122.0,45.0
88,0.2,heterogeneous,16.0,SLOT-RAND-LBA,119,5.0,86.0,81.0
88,0.2,heterogeneous,64.0,POOL-LBA(=yours),130,5.0,87.0,82.0
88,0.2,heterogeneous,64.0,SLOT-G-DEF,130,81.0,125.0,44.0
88,0.2,heterogeneous,64.0,SLOT-G-LBA,130,1.0,85.0,84.0
88,0.2,heterogeneous,64.0,SLOT-LFT-DEF,125,81.0,125.0,44.0
88,0.2,heterogeneous,64.0,SLOT-LFT-LBA,125,1.0,84.0,85.0
88,0.2,heterogeneous,64.0,SLOT-RAND-DEF,125,77.0,123.0,46.0
88,0.2,heterogeneous,64.0,SLOT-RAND-LBA,125,1.0,85.0,84.0
88,0.3,uniform,,POOL-LBA(=yours),139,4.0,93.0,89.0
88,0.3,uniform,,SLOT-G-DEF,139,84.0,133.0,49.0
88,0.3,uniform,,SLOT-G-LBA,139,2.0,90.0,92.0
88,0.3,uniform,,SLOT-LFT-DEF,133,84.0,133.0,49.0
88,0.3,uniform,,SLOT-LFT-LBA,133,2.0,90.0,92.0
88,0.3,uniform,,SLOT-RAND-DEF,133,62.0,122.0,60.0
88,0.3,uniform,,SLOT-RAND-LBA,133,2.0,92.0,90.0
88,0.3,heterogeneous,4.0,POOL-LBA(=yours),133,4.0,92.0,88.0
88,0.3,heterogeneous,4.0,SLOT-G-DEF,133,72.0,126.0,54.0
88,0.3,heterogeneous,4.0,SLOT-G-LBA,133,4.0,92.0,88.0
88,0.3,heterogeneous,4.0,SLOT-LFT-DEF,127,72.0,126.0,54.0
88,0.3,heterogeneous,4.0,SLOT-LFT-LBA,127,4.0,92.0,88.0
88,0.3,heterogeneous,4.0,SLOT-RAND-DEF,137,94.0,137.0,43.0
88,0.3,heterogeneous,4.0,SLOT-RAND-LBA,129,8.0,94.0,86.0
88,0.3,heterogeneous,16.0,POOL-LBA(=yours),142,1.0,91.0,92.0
88,0.3,heterogeneous,16.0,SLOT-G-DEF,142,83.0,133.0,50.0
88,0.3,heterogeneous,16.0,SLOT-G-LBA,142,3.0,93.0,90.0
88,0.3,heterogeneous,16.0,SLOT-LFT-DEF,135,87.0,135.0,48.0
88,0.3,heterogeneous,16.0,SLOT-LFT-LBA,135,1.0,92.0,91.0
88,0.3,heterogeneous,16.0,SLOT-RAND-DEF,136,89.0,136.0,47.0
88,0.3,heterogeneous,16.0,SLOT-RAND-LBA,142,1.0,91.0,92.0
88,0.3,heterogeneous,64.0,POOL-LBA(=yours),139,4.0,94.0,90.0
88,0.3,heterogeneous,64.0,SLOT-G-DEF,139,70.0,127.0,57.0
88,0.3,heterogeneous,64.0,SLOT-G-LBA,139,12.0,98.0,86.0
88,0.3,heterogeneous,64.0,SLOT-LFT-DEF,133,82.0,133.0,51.0
88,0.3,heterogeneous,64.0,SLOT-LFT-LBA,133,4.0,94.0,90.0
88,0.3,heterogeneous,64.0,SLOT-RAND-DEF,140,84.0,134.0,50.0
88,0.3,heterogeneous,64.0,SLOT-RAND-LBA,139,4.0,94.0,90.0
89,0.0,uniform,,POOL-LBA(=yours),101,3.0,69.0,66.0
89,0.0,uniform,,SLOT-G-DEF,101,45.0,90.0,45.0
89,0.0,uniform,,SLOT-G-LBA,101,1.0,67.0,68.0
89,0.0,uniform,,SLOT-LFT-DEF,96,45.0,90.0,45.0
89,0.0,uniform,,SLOT-LFT-LBA,96,1.0,67.0,68.0
89,0.0,uniform,,SLOT-RAND-DEF,100,53.0,94.0,41.0
89,0.0,uniform,,SLOT-RAND-LBA,97,1.0,67.0,68.0
89,0.0,heterogeneous,4.0,POOL-LBA(=yours),101,3.0,69.0,66.0
89,0.0,heterogeneous,4.0,SLOT-G-DEF,101,45.0,90.0,45.0
89,0.0,heterogeneous,4.0,SLOT-G-LBA,101,1.0,67.0,68.0
89,0.0,heterogeneous,4.0,SLOT-LFT-DEF,96,45.0,90.0,45.0
89,0.0,heterogeneous,4.0,SLOT-LFT-LBA,96,1.0,67.0,68.0
89,0.0,heterogeneous,4.0,SLOT-RAND-DEF,95,55.0,95.0,40.0
89,0.0,heterogeneous,4.0,SLOT-RAND-LBA,97,1.0,68.0,67.0
89,0.0,heterogeneous,16.0,POOL-LBA(=yours),101,3.0,69.0,66.0
89,0.0,heterogeneous,16.0,SLOT-G-DEF,101,45.0,90.0,45.0
89,0.0,heterogeneous,16.0,SLOT-G-LBA,101,1.0,67.0,68.0
89,0.0,heterogeneous,16.0,SLOT-LFT-DEF,96,45.0,90.0,45.0
89,0.0,heterogeneous,16.0,SLOT-LFT-LBA,96,1.0,67.0,68.0
89,0.0,heterogeneous,16.0,SLOT-RAND-DEF,96,45.0,90.0,45.0
89,0.0,heterogeneous,16.0,SLOT-RAND-LBA,101,1.0,68.0,67.0
89,0.0,heterogeneous,64.0,POOL-LBA(=yours),101,3.0,69.0,66.0
89,0.0,heterogeneous,64.0,SLOT-G-DEF,101,45.0,90.0,45.0
89,0.0,heterogeneous,64.0,SLOT-G-LBA,101,1.0,67.0,68.0
89,0.0,heterogeneous,64.0,SLOT-LFT-DEF,96,45.0,90.0,45.0
89,0.0,heterogeneous,64.0,SLOT-LFT-LBA,96,1.0,67.0,68.0
89,0.0,heterogeneous,64.0,SLOT-RAND-DEF,99,63.0,99.0,36.0
89,0.0,heterogeneous,64.0,SLOT-RAND-LBA,100,1.0,68.0,67.0
89,0.1,uniform,,POOL-LBA(=yours),116,3.0,79.0,76.0
89,0.1,uniform,,SLOT-G-DEF,116,51.0,103.0,52.0
89,0.1,uniform,,SLOT-G-LBA,116,1.0,77.0,78.0
89,0.1,uniform,,SLOT-LFT-DEF,110,51.0,103.0,52.0
89,0.1,uniform,,SLOT-LFT-LBA,110,1.0,77.0,78.0
89,0.1,uniform,,SLOT-RAND-DEF,109,61.0,108.0,47.0
89,0.1,uniform,,SLOT-RAND-LBA,115,1.0,78.0,77.0
89,0.1,heterogeneous,4.0,POOL-LBA(=yours),113,1.0,76.0,75.0
89,0.1,heterogeneous,4.0,SLOT-G-DEF,113,55.0,103.0,48.0
89,0.1,heterogeneous,4.0,SLOT-G-LBA,113,5.0,78.0,73.0
89,0.1,heterogeneous,4.0,SLOT-LFT-DEF,109,53.0,102.0,49.0
89,0.1,heterogeneous,4.0,SLOT-LFT-LBA,109,1.0,75.0,76.0
89,0.1,heterogeneous,4.0,SLOT-RAND-DEF,112,73.0,112.0,39.0
89,0.1,heterogeneous,4.0,SLOT-RAND-LBA,114,3.0,77.0,74.0
89,0.1,heterogeneous,16.0,POOL-LBA(=yours),110,3.0,75.0,72.0
89,0.1,heterogeneous,16.0,SLOT-G-DEF,110,47.0,97.0,50.0
89,0.1,heterogeneous,16.0,SLOT-G-LBA,110,3.0,75.0,72.0
89,0.1,heterogeneous,16.0,SLOT-LFT-DEF,104,61.0,104.0,43.0
89,0.1,heterogeneous,16.0,SLOT-LFT-LBA,104,1.0,74.0,73.0
89,0.1,heterogeneous,16.0,SLOT-RAND-DEF,105,63.0,105.0,42.0
89,0.1,heterogeneous,16.0,SLOT-RAND-LBA,105,1.0,73.0,74.0
89,0.1,heterogeneous,64.0,POOL-LBA(=yours),114,3.0,77.0,74.0
89,0.1,heterogeneous,64.0,SLOT-G-DEF,114,49.0,100.0,51.0
89,0.1,heterogeneous,64.0,SLOT-G-LBA,114,3.0,77.0,74.0
89,0.1,heterogeneous,64.0,SLOT-LFT-DEF,108,51.0,101.0,50.0
89,0.1,heterogeneous,64.0,SLOT-LFT-LBA,108,1.0,76.0,75.0
89,0.1,heterogeneous,64.0,SLOT-RAND-DEF,111,55.0,103.0,48.0
89,0.1,heterogeneous,64.0,SLOT-RAND-LBA,106,3.0,77.0,74.0
89,0.2,uniform,,POOL-LBA(=yours),121,3.0,82.0,79.0
89,0.2,uniform,,SLOT-G-DEF,121,53.0,107.0,54.0
89,0.2,uniform,,SLOT-G-LBA,121,3.0,79.0,82.0
89,0.2,uniform,,SLOT-LFT-DEF,115,51.0,106.0,55.0
89,0.2,uniform,,SLOT-LFT-LBA,115,3.0,82.0,79.0
89,0.2,uniform,,SLOT-RAND-DEF,113,55.0,108.0,53.0
89,0.2,uniform,,SLOT-RAND-LBA,113,1.0,80.0,81.0
89,0.2,heterogeneous,4.0,POOL-LBA(=yours),125,2.0,81.0,83.0
89,0.2,heterogeneous,4.0,SLOT-G-DEF,125,56.0,110.0,54.0
89,0.2,heterogeneous,4.0,SLOT-G-LBA,125,6.0,85.0,79.0
89,0.2,heterogeneous,4.0,SLOT-LFT-DEF,120,68.0,116.0,48.0
89,0.2,heterogeneous,4.0,SLOT-LFT-LBA,120,4.0,80.0,84.0
89,0.2,heterogeneous,4.0,SLOT-RAND-DEF,118,56.0,110.0,54.0
89,0.2,heterogeneous,4.0,SLOT-RAND-LBA,125,0.0,82.0,82.0
89,0.2,heterogeneous,16.0,POOL-LBA(=yours),120,4.0,78.0,82.0
89,0.2,heterogeneous,16.0,SLOT-G-DEF,120,50.0,105.0,55.0
89,0.2,heterogeneous,16.0,SLOT-G-LBA,120,2.0,81.0,79.0
89,0.2,heterogeneous,16.0,SLOT-LFT-DEF,114,66.0,113.0,47.0
89,0.2,heterogeneous,16.0,SLOT-LFT-LBA,114,2.0,79.0,81.0
89,0.2,heterogeneous,16.0,SLOT-RAND-DEF,114,54.0,107.0,53.0
89,0.2,heterogeneous,16.0,SLOT-RAND-LBA,112,2.0,81.0,79.0
89,0.2,heterogeneous,64.0,POOL-LBA(=yours),123,3.0,84.0,81.0
89,0.2,heterogeneous,64.0,SLOT-G-DEF,123,55.0,110.0,55.0
89,0.2,heterogeneous,64.0,SLOT-G-LBA,123,3.0,81.0,84.0
89,0.2,heterogeneous,64.0,SLOT-LFT-DEF,117,53.0,109.0,56.0
89,0.2,heterogeneous,64.0,SLOT-LFT-LBA,117,5.0,85.0,80.0
89,0.2,heterogeneous,64.0,SLOT-RAND-DEF,117,53.0,109.0,56.0
89,0.2,heterogeneous,64.0,SLOT-RAND-LBA,120,1.0,83.0,82.0
89,0.3,uniform,,POOL-LBA(=yours),127,4.0,87.0,83.0
89,0.3,uniform,,SLOT-G-DEF,127,58.0,114.0,56.0
89,0.3,uniform,,SLOT-G-LBA,127,0.0,85.0,85.0
89,0.3,uniform,,SLOT-LFT-DEF,120,56.0,113.0,57.0
89,0.3,uniform,,SLOT-LFT-LBA,120,2.0,84.0,86.0
89,0.3,uniform,,SLOT-RAND-DEF,127,84.0,127.0,43.0
89,0.3,uniform,,SLOT-RAND-LBA,120,0.0,85.0,85.0
89,0.3,heterogeneous,4.0,POOL-LBA(=yours),135,2.0,92.0,90.0
89,0.3,heterogeneous,4.0,SLOT-G-DEF,135,60.0,121.0,61.0
89,0.3,heterogeneous,4.0,SLOT-G-LBA,135,8.0,95.0,87.0
89,0.3,heterogeneous,4.0,SLOT-LFT-DEF,131,60.0,121.0,61.0
89,0.3,heterogeneous,4.0,SLOT-LFT-LBA,131,4.0,89.0,93.0
89,0.3,heterogeneous,4.0,SLOT-RAND-DEF,129,76.0,129.0,53.0
89,0.3,heterogeneous,4.0,SLOT-RAND-LBA,131,2.0,90.0,92.0
89,0.3,heterogeneous,16.0,POOL-LBA(=yours),133,5.0,85.0,90.0
89,0.3,heterogeneous,16.0,SLOT-G-DEF,133,73.0,124.0,51.0
89,0.3,heterogeneous,16.0,SLOT-G-LBA,133,3.0,89.0,86.0
89,0.3,heterogeneous,16.0,SLOT-LFT-DEF,126,59.0,117.0,58.0
89,0.3,heterogeneous,16.0,SLOT-LFT-LBA,126,1.0,87.0,88.0
89,0.3,heterogeneous,16.0,SLOT-RAND-DEF,126,69.0,122.0,53.0
89,0.3,heterogeneous,16.0,SLOT-RAND-LBA,125,3.0,89.0,86.0
89,0.3,heterogeneous,64.0,POOL-LBA(=yours),132,4.0,90.0,86.0
89,0.3,heterogeneous,64.0,SLOT-G-DEF,132,60.0,118.0,58.0
89,0.3,heterogeneous,64.0,SLOT-G-LBA,132,0.0,88.0,88.0
89,0.3,heterogeneous,64.0,SLOT-LFT-DEF,125,74.0,125.0,51.0
89,0.3,heterogeneous,64.0,SLOT-LFT-LBA,125,0.0,88.0,88.0
89,0.3,heterogeneous,64.0,SLOT-RAND-DEF,125,70.0,123.0,53.0
89,0.3,heterogeneous,64.0,SLOT-RAND-LBA,124,0.0,88.0,88.0
90,0.0,uniform,,POOL-LBA(=yours),98,3.0,66.0,63.0
90,0.0,uniform,,SLOT-G-DEF,98,67.0,98.0,31.0
90,0.0,uniform,,SLOT-G-LBA,98,3.0,66.0,63.0
90,0.0,uniform,,SLOT-LFT-DEF,97,65.0,97.0,32.0
90,0.0,uniform,,SLOT-LFT-LBA,97,5.0,62.0,67.0
90,0.0,uniform,,SLOT-RAND-DEF,98,67.0,98.0,31.0
90,0.0,uniform,,SLOT-RAND-LBA,105,13.0,71.0,58.0
90,0.0,heterogeneous,4.0,POOL-LBA(=yours),98,3.0,66.0,63.0
90,0.0,heterogeneous,4.0,SLOT-G-DEF,98,67.0,98.0,31.0
90,0.0,heterogeneous,4.0,SLOT-G-LBA,98,3.0,66.0,63.0
90,0.0,heterogeneous,4.0,SLOT-LFT-DEF,97,65.0,97.0,32.0
90,0.0,heterogeneous,4.0,SLOT-LFT-LBA,97,5.0,62.0,67.0
90,0.0,heterogeneous,4.0,SLOT-RAND-DEF,101,51.0,90.0,39.0
90,0.0,heterogeneous,4.0,SLOT-RAND-LBA,104,5.0,67.0,62.0
90,0.0,heterogeneous,16.0,POOL-LBA(=yours),98,3.0,66.0,63.0
90,0.0,heterogeneous,16.0,SLOT-G-DEF,98,67.0,98.0,31.0
90,0.0,heterogeneous,16.0,SLOT-G-LBA,98,3.0,66.0,63.0
90,0.0,heterogeneous,16.0,SLOT-LFT-DEF,97,65.0,97.0,32.0
90,0.0,heterogeneous,16.0,SLOT-LFT-LBA,97,5.0,62.0,67.0
90,0.0,heterogeneous,16.0,SLOT-RAND-DEF,97,59.0,94.0,35.0
90,0.0,heterogeneous,16.0,SLOT-RAND-LBA,96,3.0,63.0,66.0
90,0.0,heterogeneous,64.0,POOL-LBA(=yours),98,3.0,66.0,63.0
90,0.0,heterogeneous,64.0,SLOT-G-DEF,98,67.0,98.0,31.0
90,0.0,heterogeneous,64.0,SLOT-G-LBA,98,3.0,66.0,63.0
90,0.0,heterogeneous,64.0,SLOT-LFT-DEF,97,65.0,97.0,32.0
90,0.0,heterogeneous,64.0,SLOT-LFT-LBA,97,5.0,62.0,67.0
90,0.0,heterogeneous,64.0,SLOT-RAND-DEF,102,73.0,101.0,28.0
90,0.0,heterogeneous,64.0,SLOT-RAND-LBA,98,3.0,66.0,63.0
90,0.1,uniform,,POOL-LBA(=yours),112,3.0,76.0,73.0
90,0.1,uniform,,SLOT-G-DEF,112,75.0,112.0,37.0
90,0.1,uniform,,SLOT-G-LBA,112,3.0,76.0,73.0
90,0.1,uniform,,SLOT-LFT-DEF,111,73.0,111.0,38.0
90,0.1,uniform,,SLOT-LFT-LBA,111,7.0,78.0,71.0
90,0.1,uniform,,SLOT-RAND-DEF,112,69.0,109.0,40.0
90,0.1,uniform,,SLOT-RAND-LBA,111,5.0,72.0,77.0
90,0.1,heterogeneous,4.0,POOL-LBA(=yours),105,1.0,69.0,70.0
90,0.1,heterogeneous,4.0,SLOT-G-DEF,105,67.0,103.0,36.0
90,0.1,heterogeneous,4.0,SLOT-G-LBA,105,1.0,69.0,70.0
90,0.1,heterogeneous,4.0,SLOT-LFT-DEF,104,69.0,104.0,35.0
90,0.1,heterogeneous,4.0,SLOT-LFT-LBA,104,1.0,69.0,70.0
90,0.1,heterogeneous,4.0,SLOT-RAND-DEF,104,69.0,104.0,35.0
90,0.1,heterogeneous,4.0,SLOT-RAND-LBA,105,9.0,74.0,65.0
90,0.1,heterogeneous,16.0,POOL-LBA(=yours),106,2.0,68.0,70.0
90,0.1,heterogeneous,16.0,SLOT-G-DEF,106,74.0,106.0,32.0
90,0.1,heterogeneous,16.0,SLOT-G-LBA,106,2.0,68.0,70.0
90,0.1,heterogeneous,16.0,SLOT-LFT-DEF,104,70.0,104.0,34.0
90,0.1,heterogeneous,16.0,SLOT-LFT-LBA,104,6.0,72.0,66.0
90,0.1,heterogeneous,16.0,SLOT-RAND-DEF,103,50.0,94.0,44.0
90,0.1,heterogeneous,16.0,SLOT-RAND-LBA,104,2.0,68.0,70.0
90,0.1,heterogeneous,64.0,POOL-LBA(=yours),110,3.0,71.0,74.0
90,0.1,heterogeneous,64.0,SLOT-G-DEF,110,75.0,110.0,35.0
90,0.1,heterogeneous,64.0,SLOT-G-LBA,110,3.0,74.0,71.0
90,0.1,heterogeneous,64.0,SLOT-LFT-DEF,108,71.0,108.0,37.0
90,0.1,heterogeneous,64.0,SLOT-LFT-LBA,108,5.0,75.0,70.0
90,0.1,heterogeneous,64.0,SLOT-RAND-DEF,117,61.0,103.0,42.0
90,0.1,heterogeneous,64.0,SLOT-RAND-LBA,115,11.0,67.0,78.0
90,0.2,uniform,,POOL-LBA(=yours),116,3.0,78.0,75.0
90,0.2,uniform,,SLOT-G-DEF,116,79.0,116.0,37.0
90,0.2,uniform,,SLOT-G-LBA,116,3.0,78.0,75.0
90,0.2,uniform,,SLOT-LFT-DEF,115,77.0,115.0,38.0
90,0.2,uniform,,SLOT-LFT-LBA,115,5.0,74.0,79.0
90,0.2,uniform,,SLOT-RAND-DEF,118,63.0,108.0,45.0
90,0.2,uniform,,SLOT-RAND-LBA,114,5.0,79.0,74.0
90,0.2,heterogeneous,4.0,POOL-LBA(=yours),109,2.0,73.0,75.0
90,0.2,heterogeneous,4.0,SLOT-G-DEF,109,62.0,105.0,43.0
90,0.2,heterogeneous,4.0,SLOT-G-LBA,109,10.0,79.0,69.0
90,0.2,heterogeneous,4.0,SLOT-LFT-DEF,109,58.0,103.0,45.0
90,0.2,heterogeneous,4.0,SLOT-LFT-LBA,109,6.0,71.0,77.0
90,0.2,heterogeneous,4.0,SLOT-RAND-DEF,117,62.0,105.0,43.0
90,0.2,heterogeneous,4.0,SLOT-RAND-LBA,108,8.0,70.0,78.0
90,0.2,heterogeneous,16.0,POOL-LBA(=yours),127,5.0,84.0,79.0
90,0.2,heterogeneous,16.0,SLOT-G-DEF,127,91.0,127.0,36.0
90,0.2,heterogeneous,16.0,SLOT-G-LBA,127,3.0,80.0,83.0
90,0.2,heterogeneous,16.0,SLOT-LFT-DEF,124,85.0,124.0,39.0
90,0.2,heterogeneous,16.0,SLOT-LFT-LBA,124,5.0,79.0,84.0
90,0.2,heterogeneous,16.0,SLOT-RAND-DEF,123,71.0,117.0,46.0
90,0.2,heterogeneous,16.0,SLOT-RAND-LBA,127,3.0,83.0,80.0
90,0.2,heterogeneous,64.0,POOL-LBA(=yours),116,3.0,78.0,75.0
90,0.2,heterogeneous,64.0,SLOT-G-DEF,116,75.0,114.0,39.0
90,0.2,heterogeneous,64.0,SLOT-G-LBA,116,1.0,76.0,77.0
90,0.2,heterogeneous,64.0,SLOT-LFT-DEF,116,79.0,116.0,37.0
90,0.2,heterogeneous,64.0,SLOT-LFT-LBA,116,5.0,74.0,79.0
90,0.2,heterogeneous,64.0,SLOT-RAND-DEF,114,53.0,103.0,50.0
90,0.2,heterogeneous,64.0,SLOT-RAND-LBA,114,5.0,79.0,74.0
90,0.3,uniform,,POOL-LBA(=yours),125,5.0,84.0,79.0
90,0.3,uniform,,SLOT-G-DEF,125,87.0,125.0,38.0
90,0.3,uniform,,SLOT-G-LBA,125,3.0,80.0,83.0
90,0.3,uniform,,SLOT-LFT-DEF,123,83.0,123.0,40.0
90,0.3,uniform,,SLOT-LFT-LBA,123,7.0,78.0,85.0
90,0.3,uniform,,SLOT-RAND-DEF,129,79.0,121.0,42.0
90,0.3,uniform,,SLOT-RAND-LBA,132,3.0,80.0,83.0
90,0.3,heterogeneous,4.0,POOL-LBA(=yours),128,1.0,85.0,86.0
90,0.3,heterogeneous,4.0,SLOT-G-DEF,128,85.0,128.0,43.0
90,0.3,heterogeneous,4.0,SLOT-G-LBA,128,1.0,85.0,86.0
90,0.3,heterogeneous,4.0,SLOT-LFT-DEF,126,81.0,126.0,45.0
90,0.3,heterogeneous,4.0,SLOT-LFT-LBA,126,1.0,85.0,86.0
90,0.3,heterogeneous,4.0,SLOT-RAND-DEF,128,71.0,121.0,50.0
90,0.3,heterogeneous,4.0,SLOT-RAND-LBA,125,9.0,90.0,81.0
90,0.3,heterogeneous,16.0,POOL-LBA(=yours),128,3.0,85.0,82.0
90,0.3,heterogeneous,16.0,SLOT-G-DEF,128,75.0,121.0,46.0
90,0.3,heterogeneous,16.0,SLOT-G-LBA,128,13.0,77.0,90.0
90,0.3,heterogeneous,16.0,SLOT-LFT-DEF,126,67.0,117.0,50.0
90,0.3,heterogeneous,16.0,SLOT-LFT-LBA,126,9.0,88.0,79.0
90,0.3,heterogeneous,16.0,SLOT-RAND-DEF,126,55.0,111.0,56.0
90,0.3,heterogeneous,16.0,SLOT-RAND-LBA,124,17.0,75.0,92.0
90,0.3,heterogeneous,64.0,POOL-LBA(=yours),128,2.0,86.0,84.0
90,0.3,heterogeneous,64.0,SLOT-G-DEF,128,82.0,126.0,44.0
90,0.3,heterogeneous,64.0,SLOT-G-LBA,128,0.0,85.0,85.0
90,0.3,heterogeneous,64.0,SLOT-LFT-DEF,127,84.0,127.0,43.0
90,0.3,heterogeneous,64.0,SLOT-LFT-LBA,127,6.0,82.0,88.0
90,0.3,heterogeneous,64.0,SLOT-RAND-DEF,127,74.0,122.0,48.0
90,0.3,heterogeneous,64.0,SLOT-RAND-LBA,134,2.0,84.0,86.0
91,0.0,uniform,,POOL-LBA(=yours),107,0.0,74.0,74.0
91,0.0,uniform,,SLOT-G-DEF,107,60.0,104.0,44.0
91,0.0,uniform,,SLOT-G-LBA,107,0.0,74.0,74.0
91,0.0,uniform,,SLOT-LFT-DEF,107,60.0,104.0,44.0
91,0.0,uniform,,SLOT-LFT-LBA,107,2.0,75.0,73.0
91,0.0,uniform,,SLOT-RAND-DEF,106,62.0,105.0,43.0
91,0.0,uniform,,SLOT-RAND-LBA,106,2.0,75.0,73.0
91,0.0,heterogeneous,4.0,POOL-LBA(=yours),107,0.0,74.0,74.0
91,0.0,heterogeneous,4.0,SLOT-G-DEF,107,60.0,104.0,44.0
91,0.0,heterogeneous,4.0,SLOT-G-LBA,107,0.0,74.0,74.0
91,0.0,heterogeneous,4.0,SLOT-LFT-DEF,107,60.0,104.0,44.0
91,0.0,heterogeneous,4.0,SLOT-LFT-LBA,107,2.0,75.0,73.0
91,0.0,heterogeneous,4.0,SLOT-RAND-DEF,106,58.0,103.0,45.0
91,0.0,heterogeneous,4.0,SLOT-RAND-LBA,107,4.0,72.0,76.0
91,0.0,heterogeneous,16.0,POOL-LBA(=yours),107,0.0,74.0,74.0
91,0.0,heterogeneous,16.0,SLOT-G-DEF,107,60.0,104.0,44.0
91,0.0,heterogeneous,16.0,SLOT-G-LBA,107,0.0,74.0,74.0
91,0.0,heterogeneous,16.0,SLOT-LFT-DEF,107,60.0,104.0,44.0
91,0.0,heterogeneous,16.0,SLOT-LFT-LBA,107,2.0,75.0,73.0
91,0.0,heterogeneous,16.0,SLOT-RAND-DEF,106,60.0,104.0,44.0
91,0.0,heterogeneous,16.0,SLOT-RAND-LBA,107,4.0,76.0,72.0
91,0.0,heterogeneous,64.0,POOL-LBA(=yours),107,0.0,74.0,74.0
91,0.0,heterogeneous,64.0,SLOT-G-DEF,107,60.0,104.0,44.0
91,0.0,heterogeneous,64.0,SLOT-G-LBA,107,0.0,74.0,74.0
91,0.0,heterogeneous,64.0,SLOT-LFT-DEF,107,60.0,104.0,44.0
91,0.0,heterogeneous,64.0,SLOT-LFT-LBA,107,2.0,75.0,73.0
91,0.0,heterogeneous,64.0,SLOT-RAND-DEF,107,56.0,102.0,46.0
91,0.0,heterogeneous,64.0,SLOT-RAND-LBA,106,0.0,74.0,74.0
91,0.1,uniform,,POOL-LBA(=yours),121,0.0,84.0,84.0
91,0.1,uniform,,SLOT-G-DEF,121,68.0,118.0,50.0
91,0.1,uniform,,SLOT-G-LBA,121,0.0,84.0,84.0
91,0.1,uniform,,SLOT-LFT-DEF,121,68.0,118.0,50.0
91,0.1,uniform,,SLOT-LFT-LBA,121,2.0,85.0,83.0
91,0.1,uniform,,SLOT-RAND-DEF,120,60.0,114.0,54.0
91,0.1,uniform,,SLOT-RAND-LBA,121,2.0,83.0,85.0
91,0.1,heterogeneous,4.0,POOL-LBA(=yours),120,0.0,82.0,82.0
91,0.1,heterogeneous,4.0,SLOT-G-DEF,120,76.0,120.0,44.0
91,0.1,heterogeneous,4.0,SLOT-G-LBA,120,2.0,81.0,83.0
91,0.1,heterogeneous,4.0,SLOT-LFT-DEF,120,76.0,120.0,44.0
91,0.1,heterogeneous,4.0,SLOT-LFT-LBA,120,6.0,85.0,79.0
91,0.1,heterogeneous,4.0,SLOT-RAND-DEF,120,64.0,114.0,50.0
91,0.1,heterogeneous,4.0,SLOT-RAND-LBA,120,4.0,84.0,80.0
91,0.1,heterogeneous,16.0,POOL-LBA(=yours),120,3.0,79.0,82.0
91,0.1,heterogeneous,16.0,SLOT-G-DEF,120,67.0,114.0,47.0
91,0.1,heterogeneous,16.0,SLOT-G-LBA,120,5.0,83.0,78.0
91,0.1,heterogeneous,16.0,SLOT-LFT-DEF,120,67.0,114.0,47.0
91,0.1,heterogeneous,16.0,SLOT-LFT-LBA,120,3.0,82.0,79.0
91,0.1,heterogeneous,16.0,SLOT-RAND-DEF,117,73.0,117.0,44.0
91,0.1,heterogeneous,16.0,SLOT-RAND-LBA,117,1.0,80.0,81.0
91,0.1,heterogeneous,64.0,POOL-LBA(=yours),119,0.0,83.0,83.0
91,0.1,heterogeneous,64.0,SLOT-G-DEF,119,68.0,117.0,49.0
91,0.1,heterogeneous,64.0,SLOT-G-LBA,119,0.0,83.0,83.0
91,0.1,heterogeneous,64.0,SLOT-LFT-DEF,119,68.0,117.0,49.0
91,0.1,heterogeneous,64.0,SLOT-LFT-LBA,119,2.0,84.0,82.0
91,0.1,heterogeneous,64.0,SLOT-RAND-DEF,119,58.0,112.0,54.0
91,0.1,heterogeneous,64.0,SLOT-RAND-LBA,120,4.0,81.0,85.0
91,0.2,uniform,,POOL-LBA(=yours),129,0.0,89.0,89.0
91,0.2,uniform,,SLOT-G-DEF,129,72.0,125.0,53.0
91,0.2,uniform,,SLOT-G-LBA,129,0.0,89.0,89.0
91,0.2,uniform,,SLOT-LFT-DEF,129,72.0,125.0,53.0
91,0.2,uniform,,SLOT-LFT-LBA,129,2.0,90.0,88.0
91,0.2,uniform,,SLOT-RAND-DEF,128,78.0,128.0,50.0
91,0.2,uniform,,SLOT-RAND-LBA,128,4.0,87.0,91.0
91,0.2,heterogeneous,4.0,POOL-LBA(=yours),120,6.0,81.0,87.0
91,0.2,heterogeneous,4.0,SLOT-G-DEF,120,66.0,117.0,51.0
91,0.2,heterogeneous,4.0,SLOT-G-LBA,120,4.0,82.0,86.0
91,0.2,heterogeneous,4.0,SLOT-LFT-DEF,119,68.0,118.0,50.0
91,0.2,heterogeneous,4.0,SLOT-LFT-LBA,119,2.0,83.0,85.0
91,0.2,heterogeneous,4.0,SLOT-RAND-DEF,120,54.0,111.0,57.0
91,0.2,heterogeneous,4.0,SLOT-RAND-LBA,119,6.0,81.0,87.0
91,0.2,heterogeneous,16.0,POOL-LBA(=yours),129,2.0,89.0,91.0
91,0.2,heterogeneous,16.0,SLOT-G-DEF,129,74.0,127.0,53.0
91,0.2,heterogeneous,16.0,SLOT-G-LBA,129,2.0,89.0,91.0
91,0.2,heterogeneous,16.0,SLOT-LFT-DEF,129,74.0,127.0,53.0
91,0.2,heterogeneous,16.0,SLOT-LFT-LBA,129,2.0,89.0,91.0
91,0.2,heterogeneous,16.0,SLOT-RAND-DEF,129,74.0,127.0,53.0
91,0.2,heterogeneous,16.0,SLOT-RAND-LBA,130,6.0,87.0,93.0
91,0.2,heterogeneous,64.0,POOL-LBA(=yours),128,2.0,88.0,90.0
91,0.2,heterogeneous,64.0,SLOT-G-DEF,128,72.0,125.0,53.0
91,0.2,heterogeneous,64.0,SLOT-G-LBA,128,2.0,88.0,90.0
91,0.2,heterogeneous,64.0,SLOT-LFT-DEF,128,72.0,125.0,53.0
91,0.2,heterogeneous,64.0,SLOT-LFT-LBA,128,2.0,90.0,88.0
91,0.2,heterogeneous,64.0,SLOT-RAND-DEF,127,74.0,126.0,52.0
91,0.2,heterogeneous,64.0,SLOT-RAND-LBA,127,2.0,88.0,90.0
91,0.3,uniform,,POOL-LBA(=yours),137,2.0,94.0,96.0
91,0.3,uniform,,SLOT-G-DEF,137,78.0,134.0,56.0
91,0.3,uniform,,SLOT-G-LBA,137,2.0,94.0,96.0
91,0.3,uniform,,SLOT-LFT-DEF,137,78.0,134.0,56.0
91,0.3,uniform,,SLOT-LFT-LBA,137,2.0,96.0,94.0
91,0.3,uniform,,SLOT-RAND-DEF,136,64.0,127.0,63.0
91,0.3,uniform,,SLOT-RAND-LBA,137,6.0,98.0,92.0
91,0.3,heterogeneous,4.0,POOL-LBA(=yours),143,3.0,93.0,96.0
91,0.3,heterogeneous,4.0,SLOT-G-DEF,143,97.0,143.0,46.0
91,0.3,heterogeneous,4.0,SLOT-G-LBA,143,7.0,98.0,91.0
91,0.3,heterogeneous,4.0,SLOT-LFT-DEF,141,93.0,141.0,48.0
91,0.3,heterogeneous,4.0,SLOT-LFT-LBA,141,5.0,97.0,92.0
91,0.3,heterogeneous,4.0,SLOT-RAND-DEF,143,65.0,127.0,62.0
91,0.3,heterogeneous,4.0,SLOT-RAND-LBA,140,3.0,93.0,96.0
91,0.3,heterogeneous,16.0,POOL-LBA(=yours),136,7.0,91.0,98.0
91,0.3,heterogeneous,16.0,SLOT-G-DEF,136,83.0,136.0,53.0
91,0.3,heterogeneous,16.0,SLOT-G-LBA,136,7.0,91.0,98.0
91,0.3,heterogeneous,16.0,SLOT-LFT-DEF,135,77.0,133.0,56.0
91,0.3,heterogeneous,16.0,SLOT-LFT-LBA,135,5.0,92.0,97.0
91,0.3,heterogeneous,16.0,SLOT-RAND-DEF,136,69.0,129.0,60.0
91,0.3,heterogeneous,16.0,SLOT-RAND-LBA,135,7.0,98.0,91.0
91,0.3,heterogeneous,64.0,POOL-LBA(=yours),139,0.0,97.0,97.0
91,0.3,heterogeneous,64.0,SLOT-G-DEF,139,78.0,136.0,58.0
91,0.3,heterogeneous,64.0,SLOT-G-LBA,139,0.0,97.0,97.0
91,0.3,heterogeneous,64.0,SLOT-LFT-DEF,139,78.0,136.0,58.0
91,0.3,heterogeneous,64.0,SLOT-LFT-LBA,139,2.0,96.0,98.0
91,0.3,heterogeneous,64.0,SLOT-RAND-DEF,140,80.0,137.0,57.0
91,0.3,heterogeneous,64.0,SLOT-RAND-LBA,139,4.0,95.0,99.0
92,0.0,uniform,,POOL-LBA(=yours),105,1.0,70.0,71.0
92,0.0,uniform,,SLOT-G-DEF,105,69.0,105.0,36.0
92,0.0,uniform,,SLOT-G-LBA,105,3.0,72.0,69.0
92,0.0,uniform,,SLOT-LFT-DEF,104,59.0,100.0,41.0
92,0.0,uniform,,SLOT-LFT-LBA,104,1.0,71.0,70.0
92,0.0,uniform,,SLOT-RAND-DEF,102,51.0,96.0,45.0
92,0.0,uniform,,SLOT-RAND-LBA,104,1.0,71.0,70.0
92,0.0,heterogeneous,4.0,POOL-LBA(=yours),105,1.0,70.0,71.0
92,0.0,heterogeneous,4.0,SLOT-G-DEF,105,69.0,105.0,36.0
92,0.0,heterogeneous,4.0,SLOT-G-LBA,105,3.0,72.0,69.0
92,0.0,heterogeneous,4.0,SLOT-LFT-DEF,104,59.0,100.0,41.0
92,0.0,heterogeneous,4.0,SLOT-LFT-LBA,104,1.0,71.0,70.0
92,0.0,heterogeneous,4.0,SLOT-RAND-DEF,103,53.0,97.0,44.0
92,0.0,heterogeneous,4.0,SLOT-RAND-LBA,102,1.0,70.0,71.0
92,0.0,heterogeneous,16.0,POOL-LBA(=yours),105,1.0,70.0,71.0
92,0.0,heterogeneous,16.0,SLOT-G-DEF,105,69.0,105.0,36.0
92,0.0,heterogeneous,16.0,SLOT-G-LBA,105,3.0,72.0,69.0
92,0.0,heterogeneous,16.0,SLOT-LFT-DEF,104,59.0,100.0,41.0
92,0.0,heterogeneous,16.0,SLOT-LFT-LBA,104,1.0,71.0,70.0
92,0.0,heterogeneous,16.0,SLOT-RAND-DEF,104,59.0,100.0,41.0
92,0.0,heterogeneous,16.0,SLOT-RAND-LBA,100,5.0,73.0,68.0
92,0.0,heterogeneous,64.0,POOL-LBA(=yours),105,1.0,70.0,71.0
92,0.0,heterogeneous,64.0,SLOT-G-DEF,105,69.0,105.0,36.0
92,0.0,heterogeneous,64.0,SLOT-G-LBA,105,3.0,72.0,69.0
92,0.0,heterogeneous,64.0,SLOT-LFT-DEF,104,59.0,100.0,41.0
92,0.0,heterogeneous,64.0,SLOT-LFT-LBA,104,1.0,71.0,70.0
92,0.0,heterogeneous,64.0,SLOT-RAND-DEF,105,69.0,105.0,36.0
92,0.0,heterogeneous,64.0,SLOT-RAND-LBA,100,5.0,73.0,68.0
92,0.1,uniform,,POOL-LBA(=yours),119,1.0,80.0,81.0
92,0.1,uniform,,SLOT-G-DEF,119,77.0,119.0,42.0
92,0.1,uniform,,SLOT-G-LBA,119,3.0,79.0,82.0
92,0.1,uniform,,SLOT-LFT-DEF,118,67.0,114.0,47.0
92,0.1,uniform,,SLOT-LFT-LBA,118,1.0,81.0,80.0
92,0.1,uniform,,SLOT-RAND-DEF,114,67.0,114.0,47.0
92,0.1,uniform,,SLOT-RAND-LBA,116,3.0,82.0,79.0
92,0.1,heterogeneous,4.0,POOL-LBA(=yours),117,1.0,79.0,78.0
92,0.1,heterogeneous,4.0,SLOT-G-DEF,117,63.0,110.0,47.0
92,0.1,heterogeneous,4.0,SLOT-G-LBA,117,1.0,78.0,79.0
92,0.1,heterogeneous,4.0,SLOT-LFT-DEF,116,53.0,105.0,52.0
92,0.1,heterogeneous,4.0,SLOT-LFT-LBA,116,1.0,78.0,79.0
92,0.1,heterogeneous,4.0,SLOT-RAND-DEF,115,65.0,111.0,46.0
92,0.1,heterogeneous,4.0,SLOT-RAND-LBA,118,3.0,80.0,77.0
92,0.1,heterogeneous,16.0,POOL-LBA(=yours),119,1.0,80.0,79.0
92,0.1,heterogeneous,16.0,SLOT-G-DEF,119,79.0,119.0,40.0
92,0.1,heterogeneous,16.0,SLOT-G-LBA,119,1.0,80.0,79.0
92,0.1,heterogeneous,16.0,SLOT-LFT-DEF,117,67.0,113.0,46.0
92,0.1,heterogeneous,16.0,SLOT-LFT-LBA,117,1.0,80.0,79.0
92,0.1,heterogeneous,16.0,SLOT-RAND-DEF,117,53.0,106.0,53.0
92,0.1,heterogeneous,16.0,SLOT-RAND-LBA,117,3.0,78.0,81.0
92,0.1,heterogeneous,64.0,POOL-LBA(=yours),114,1.0,77.0,76.0
92,0.1,heterogeneous,64.0,SLOT-G-DEF,114,63.0,108.0,45.0
92,0.1,heterogeneous,64.0,SLOT-G-LBA,114,1.0,76.0,77.0
92,0.1,heterogeneous,64.0,SLOT-LFT-DEF,114,63.0,108.0,45.0
92,0.1,heterogeneous,64.0,SLOT-LFT-LBA,114,1.0,76.0,77.0
92,0.1,heterogeneous,64.0,SLOT-RAND-DEF,113,71.0,112.0,41.0
92,0.1,heterogeneous,64.0,SLOT-RAND-LBA,113,5.0,79.0,74.0
92,0.2,uniform,,POOL-LBA(=yours),127,2.0,84.0,86.0
92,0.2,uniform,,SLOT-G-DEF,127,84.0,127.0,43.0
92,0.2,uniform,,SLOT-G-LBA,127,2.0,86.0,84.0
92,0.2,uniform,,SLOT-LFT-DEF,126,70.0,120.0,50.0
92,0.2,uniform,,SLOT-LFT-LBA,126,2.0,86.0,84.0
92,0.2,uniform,,SLOT-RAND-DEF,123,74.0,122.0,48.0
92,0.2,uniform,,SLOT-RAND-LBA,123,2.0,86.0,84.0
92,0.2,heterogeneous,4.0,POOL-LBA(=yours),118,3.0,84.0,81.0
92,0.2,heterogeneous,4.0,SLOT-G-DEF,118,71.0,118.0,47.0
92,0.2,heterogeneous,4.0,SLOT-G-LBA,118,1.0,82.0,83.0
92,0.2,heterogeneous,4.0,SLOT-LFT-DEF,116,67.0,116.0,49.0
92,0.2,heterogeneous,4.0,SLOT-LFT-LBA,116,5.0,85.0,80.0
92,0.2,heterogeneous,4.0,SLOT-RAND-DEF,118,63.0,114.0,51.0
92,0.2,heterogeneous,4.0,SLOT-RAND-LBA,117,7.0,86.0,79.0
92,0.2,heterogeneous,16.0,POOL-LBA(=yours),126,1.0,84.0,85.0
92,0.2,heterogeneous,16.0,SLOT-G-DEF,126,71.0,120.0,49.0
92,0.2,heterogeneous,16.0,SLOT-G-LBA,126,7.0,81.0,88.0
92,0.2,heterogeneous,16.0,SLOT-LFT-DEF,125,59.0,114.0,55.0
92,0.2,heterogeneous,16.0,SLOT-LFT-LBA,125,1.0,84.0,85.0
92,0.2,heterogeneous,16.0,SLOT-RAND-DEF,126,83.0,126.0,43.0
92,0.2,heterogeneous,16.0,SLOT-RAND-LBA,123,1.0,85.0,84.0
92,0.2,heterogeneous,64.0,POOL-LBA(=yours),127,3.0,87.0,84.0
92,0.2,heterogeneous,64.0,SLOT-G-DEF,127,71.0,121.0,50.0
92,0.2,heterogeneous,64.0,SLOT-G-LBA,127,3.0,87.0,84.0
92,0.2,heterogeneous,64.0,SLOT-LFT-DEF,127,71.0,121.0,50.0
92,0.2,heterogeneous,64.0,SLOT-LFT-LBA,127,3.0,87.0,84.0
92,0.2,heterogeneous,64.0,SLOT-RAND-DEF,123,75.0,123.0,48.0
92,0.2,heterogeneous,64.0,SLOT-RAND-LBA,126,3.0,84.0,87.0
92,0.3,uniform,,POOL-LBA(=yours),136,0.0,91.0,91.0
92,0.3,uniform,,SLOT-G-DEF,136,90.0,136.0,46.0
92,0.3,uniform,,SLOT-G-LBA,136,4.0,93.0,89.0
92,0.3,uniform,,SLOT-LFT-DEF,134,78.0,130.0,52.0
92,0.3,uniform,,SLOT-LFT-LBA,134,0.0,91.0,91.0
92,0.3,uniform,,SLOT-RAND-DEF,132,66.0,124.0,58.0
92,0.3,uniform,,SLOT-RAND-LBA,136,4.0,93.0,89.0
92,0.3,heterogeneous,4.0,POOL-LBA(=yours),136,2.0,94.0,96.0
92,0.3,heterogeneous,4.0,SLOT-G-DEF,136,82.0,136.0,54.0
92,0.3,heterogeneous,4.0,SLOT-G-LBA,136,2.0,96.0,94.0
92,0.3,heterogeneous,4.0,SLOT-LFT-DEF,135,68.0,129.0,61.0
92,0.3,heterogeneous,4.0,SLOT-LFT-LBA,135,2.0,94.0,96.0
92,0.3,heterogeneous,4.0,SLOT-RAND-DEF,132,50.0,120.0,70.0
92,0.3,heterogeneous,4.0,SLOT-RAND-LBA,132,4.0,93.0,97.0
92,0.3,heterogeneous,16.0,POOL-LBA(=yours),134,1.0,91.0,90.0
92,0.3,heterogeneous,16.0,SLOT-G-DEF,134,71.0,126.0,55.0
92,0.3,heterogeneous,16.0,SLOT-G-LBA,134,5.0,93.0,88.0
92,0.3,heterogeneous,16.0,SLOT-LFT-DEF,134,71.0,126.0,55.0
92,0.3,heterogeneous,16.0,SLOT-LFT-LBA,134,5.0,93.0,88.0
92,0.3,heterogeneous,16.0,SLOT-RAND-DEF,134,71.0,126.0,55.0
92,0.3,heterogeneous,16.0,SLOT-RAND-LBA,129,7.0,94.0,87.0
92,0.3,heterogeneous,64.0,POOL-LBA(=yours),135,0.0,91.0,91.0
92,0.3,heterogeneous,64.0,SLOT-G-DEF,135,88.0,135.0,47.0
92,0.3,heterogeneous,64.0,SLOT-G-LBA,135,4.0,89.0,93.0
92,0.3,heterogeneous,64.0,SLOT-LFT-DEF,134,76.0,129.0,53.0
92,0.3,heterogeneous,64.0,SLOT-LFT-LBA,134,2.0,90.0,92.0
92,0.3,heterogeneous,64.0,SLOT-RAND-DEF,133,84.0,133.0,49.0
92,0.3,heterogeneous,64.0,SLOT-RAND-LBA,133,0.0,91.0,91.0
93,0.0,uniform,,POOL-LBA(=yours),113,1.0,67.0,66.0
93,0.0,uniform,,SLOT-G-DEF,113,83.0,108.0,25.0
93,0.0,uniform,,SLOT-G-LBA,113,1.0,67.0,66.0
93,0.0,uniform,,SLOT-LFT-DEF,113,93.0,113.0,20.0
93,0.0,uniform,,SLOT-LFT-LBA,113,1.0,66.0,67.0
93,0.0,uniform,,SLOT-RAND-DEF,114,81.0,107.0,26.0
93,0.0,uniform,,SLOT-RAND-LBA,113,3.0,65.0,68.0
93,0.0,heterogeneous,4.0,POOL-LBA(=yours),113,1.0,67.0,66.0
93,0.0,heterogeneous,4.0,SLOT-G-DEF,113,83.0,108.0,25.0
93,0.0,heterogeneous,4.0,SLOT-G-LBA,113,1.0,67.0,66.0
93,0.0,heterogeneous,4.0,SLOT-LFT-DEF,113,93.0,113.0,20.0
93,0.0,heterogeneous,4.0,SLOT-LFT-LBA,113,1.0,66.0,67.0
93,0.0,heterogeneous,4.0,SLOT-RAND-DEF,113,83.0,108.0,25.0
93,0.0,heterogeneous,4.0,SLOT-RAND-LBA,113,9.0,71.0,62.0
93,0.0,heterogeneous,16.0,POOL-LBA(=yours),113,1.0,67.0,66.0
93,0.0,heterogeneous,16.0,SLOT-G-DEF,113,83.0,108.0,25.0
93,0.0,heterogeneous,16.0,SLOT-G-LBA,113,1.0,67.0,66.0
93,0.0,heterogeneous,16.0,SLOT-LFT-DEF,113,93.0,113.0,20.0
93,0.0,heterogeneous,16.0,SLOT-LFT-LBA,113,1.0,66.0,67.0
93,0.0,heterogeneous,16.0,SLOT-RAND-DEF,115,87.0,110.0,23.0
93,0.0,heterogeneous,16.0,SLOT-RAND-LBA,113,3.0,68.0,65.0
93,0.0,heterogeneous,64.0,POOL-LBA(=yours),113,1.0,67.0,66.0
93,0.0,heterogeneous,64.0,SLOT-G-DEF,113,83.0,108.0,25.0
93,0.0,heterogeneous,64.0,SLOT-G-LBA,113,1.0,67.0,66.0
93,0.0,heterogeneous,64.0,SLOT-LFT-DEF,113,93.0,113.0,20.0
93,0.0,heterogeneous,64.0,SLOT-LFT-LBA,113,1.0,66.0,67.0
93,0.0,heterogeneous,64.0,SLOT-RAND-DEF,115,97.0,115.0,18.0
93,0.0,heterogeneous,64.0,SLOT-RAND-LBA,113,1.0,66.0,67.0
93,0.1,uniform,,POOL-LBA(=yours),130,1.0,77.0,76.0
93,0.1,uniform,,SLOT-G-DEF,130,95.0,124.0,29.0
93,0.1,uniform,,SLOT-G-LBA,130,1.0,77.0,76.0
93,0.1,uniform,,SLOT-LFT-DEF,130,107.0,130.0,23.0
93,0.1,uniform,,SLOT-LFT-LBA,130,1.0,76.0,77.0
93,0.1,uniform,,SLOT-RAND-DEF,130,107.0,130.0,23.0
93,0.1,uniform,,SLOT-RAND-LBA,131,9.0,81.0,72.0
93,0.1,heterogeneous,4.0,POOL-LBA(=yours),121,4.0,69.0,73.0
93,0.1,heterogeneous,4.0,SLOT-G-DEF,121,84.0,113.0,29.0
93,0.1,heterogeneous,4.0,SLOT-G-LBA,121,2.0,70.0,72.0
93,0.1,heterogeneous,4.0,SLOT-LFT-DEF,121,100.0,121.0,21.0
93,0.1,heterogeneous,4.0,SLOT-LFT-LBA,121,0.0,71.0,71.0
93,0.1,heterogeneous,4.0,SLOT-RAND-DEF,118,86.0,114.0,28.0
93,0.1,heterogeneous,4.0,SLOT-RAND-LBA,118,10.0,76.0,66.0
93,0.1,heterogeneous,16.0,POOL-LBA(=yours),128,4.0,72.0,76.0
93,0.1,heterogeneous,16.0,SLOT-G-DEF,128,96.0,122.0,26.0
93,0.1,heterogeneous,16.0,SLOT-G-LBA,128,2.0,73.0,75.0
93,0.1,heterogeneous,16.0,SLOT-LFT-DEF,128,108.0,128.0,20.0
93,0.1,heterogeneous,16.0,SLOT-LFT-LBA,128,2.0,73.0,75.0
93,0.1,heterogeneous,16.0,SLOT-RAND-DEF,127,98.0,123.0,25.0
93,0.1,heterogeneous,16.0,SLOT-RAND-LBA,126,4.0,72.0,76.0
93,0.1,heterogeneous,64.0,POOL-LBA(=yours),128,2.0,76.0,74.0
93,0.1,heterogeneous,64.0,SLOT-G-DEF,128,96.0,123.0,27.0
93,0.1,heterogeneous,64.0,SLOT-G-LBA,128,0.0,75.0,75.0
93,0.1,heterogeneous,64.0,SLOT-LFT-DEF,128,106.0,128.0,22.0
93,0.1,heterogeneous,64.0,SLOT-LFT-LBA,128,0.0,75.0,75.0
93,0.1,heterogeneous,64.0,SLOT-RAND-DEF,129,108.0,129.0,21.0
93,0.1,heterogeneous,64.0,SLOT-RAND-LBA,127,8.0,79.0,71.0
93,0.2,uniform,,POOL-LBA(=yours),133,3.0,80.0,77.0
93,0.2,uniform,,SLOT-G-DEF,133,99.0,128.0,29.0
93,0.2,uniform,,SLOT-G-LBA,133,3.0,80.0,77.0
93,0.2,uniform,,SLOT-LFT-DEF,133,109.0,133.0,24.0
93,0.2,uniform,,SLOT-LFT-LBA,133,3.0,77.0,80.0
93,0.2,uniform,,SLOT-RAND-DEF,133,99.0,128.0,29.0
93,0.2,uniform,,SLOT-RAND-LBA,133,9.0,83.0,74.0
93,0.2,heterogeneous,4.0,POOL-LBA(=yours),134,3.0,76.0,79.0
93,0.2,heterogeneous,4.0,SLOT-G-DEF,134,111.0,133.0,22.0
93,0.2,heterogeneous,4.0,SLOT-G-LBA,134,1.0,77.0,78.0
93,0.2,heterogeneous,4.0,SLOT-LFT-DEF,133,97.0,126.0,29.0
93,0.2,heterogeneous,4.0,SLOT-LFT-LBA,133,3.0,76.0,79.0
93,0.2,heterogeneous,4.0,SLOT-RAND-DEF,132,109.0,132.0,23.0
93,0.2,heterogeneous,4.0,SLOT-RAND-LBA,132,3.0,76.0,79.0
93,0.2,heterogeneous,16.0,POOL-LBA(=yours),132,2.0,78.0,80.0
93,0.2,heterogeneous,16.0,SLOT-G-DEF,132,98.0,128.0,30.0
93,0.2,heterogeneous,16.0,SLOT-G-LBA,132,6.0,76.0,82.0
93,0.2,heterogeneous,16.0,SLOT-LFT-DEF,132,106.0,132.0,26.0
93,0.2,heterogeneous,16.0,SLOT-LFT-LBA,132,4.0,81.0,77.0
93,0.2,heterogeneous,16.0,SLOT-RAND-DEF,136,98.0,128.0,30.0
93,0.2,heterogeneous,16.0,SLOT-RAND-LBA,132,14.0,72.0,86.0
93,0.2,heterogeneous,64.0,POOL-LBA(=yours),137,2.0,79.0,81.0
93,0.2,heterogeneous,64.0,SLOT-G-DEF,137,100.0,130.0,30.0
93,0.2,heterogeneous,64.0,SLOT-G-LBA,137,0.0,80.0,80.0
93,0.2,heterogeneous,64.0,SLOT-LFT-DEF,136,102.0,131.0,29.0
93,0.2,heterogeneous,64.0,SLOT-LFT-LBA,136,2.0,81.0,79.0
93,0.2,heterogeneous,64.0,SLOT-RAND-DEF,136,88.0,124.0,36.0
93,0.2,heterogeneous,64.0,SLOT-RAND-LBA,137,10.0,85.0,75.0
93,0.3,uniform,,POOL-LBA(=yours),145,1.0,86.0,85.0
93,0.3,uniform,,SLOT-G-DEF,145,105.0,138.0,33.0
93,0.3,uniform,,SLOT-G-LBA,145,1.0,86.0,85.0
93,0.3,uniform,,SLOT-LFT-DEF,145,119.0,145.0,26.0
93,0.3,uniform,,SLOT-LFT-LBA,145,1.0,85.0,86.0
93,0.3,uniform,,SLOT-RAND-DEF,147,123.0,147.0,24.0
93,0.3,uniform,,SLOT-RAND-LBA,145,1.0,86.0,85.0
93,0.3,heterogeneous,4.0,POOL-LBA(=yours),144,1.0,88.0,87.0
93,0.3,heterogeneous,4.0,SLOT-G-DEF,144,107.0,141.0,34.0
93,0.3,heterogeneous,4.0,SLOT-G-LBA,144,1.0,88.0,87.0
93,0.3,heterogeneous,4.0,SLOT-LFT-DEF,143,109.0,142.0,33.0
93,0.3,heterogeneous,4.0,SLOT-LFT-LBA,143,1.0,88.0,87.0
93,0.3,heterogeneous,4.0,SLOT-RAND-DEF,145,115.0,145.0,30.0
93,0.3,heterogeneous,4.0,SLOT-RAND-LBA,145,1.0,87.0,88.0
93,0.3,heterogeneous,16.0,POOL-LBA(=yours),145,2.0,84.0,86.0
93,0.3,heterogeneous,16.0,SLOT-G-DEF,145,106.0,138.0,32.0
93,0.3,heterogeneous,16.0,SLOT-G-LBA,145,2.0,84.0,86.0
93,0.3,heterogeneous,16.0,SLOT-LFT-DEF,145,120.0,145.0,25.0
93,0.3,heterogeneous,16.0,SLOT-LFT-LBA,145,2.0,84.0,86.0
93,0.3,heterogeneous,16.0,SLOT-RAND-DEF,147,106.0,138.0,32.0
93,0.3,heterogeneous,16.0,SLOT-RAND-LBA,146,8.0,89.0,81.0
93,0.3,heterogeneous,64.0,POOL-LBA(=yours),146,2.0,87.0,85.0
93,0.3,heterogeneous,64.0,SLOT-G-DEF,146,108.0,140.0,32.0
93,0.3,heterogeneous,64.0,SLOT-G-LBA,146,2.0,87.0,85.0
93,0.3,heterogeneous,64.0,SLOT-LFT-DEF,145,110.0,141.0,31.0
93,0.3,heterogeneous,64.0,SLOT-LFT-LBA,145,4.0,84.0,88.0
93,0.3,heterogeneous,64.0,SLOT-RAND-DEF,145,110.0,141.0,31.0
93,0.3,heterogeneous,64.0,SLOT-RAND-LBA,146,2.0,87.0,85.0
94,0.0,uniform,,POOL-LBA(=yours),106,4.0,69.0,73.0
94,0.0,uniform,,SLOT-G-DEF,106,44.0,93.0,49.0
94,0.0,uniform,,SLOT-G-LBA,106,12.0,77.0,65.0
94,0.0,uniform,,SLOT-LFT-DEF,106,52.0,97.0,45.0
94,0.0,uniform,,SLOT-LFT-LBA,106,10.0,66.0,76.0
94,0.0,uniform,,SLOT-RAND-DEF,109,54.0,98.0,44.0
94,0.0,uniform,,SLOT-RAND-LBA,109,8.0,75.0,67.0
94,0.0,heterogeneous,4.0,POOL-LBA(=yours),106,4.0,69.0,73.0
94,0.0,heterogeneous,4.0,SLOT-G-DEF,106,44.0,93.0,49.0
94,0.0,heterogeneous,4.0,SLOT-G-LBA,106,12.0,77.0,65.0
94,0.0,heterogeneous,4.0,SLOT-LFT-DEF,106,52.0,97.0,45.0
94,0.0,heterogeneous,4.0,SLOT-LFT-LBA,106,10.0,66.0,76.0
94,0.0,heterogeneous,4.0,SLOT-RAND-DEF,111,80.0,111.0,31.0
94,0.0,heterogeneous,4.0,SLOT-RAND-LBA,108,2.0,70.0,72.0
94,0.0,heterogeneous,16.0,POOL-LBA(=yours),106,4.0,69.0,73.0
94,0.0,heterogeneous,16.0,SLOT-G-DEF,106,44.0,93.0,49.0
94,0.0,heterogeneous,16.0,SLOT-G-LBA,106,12.0,77.0,65.0
94,0.0,heterogeneous,16.0,SLOT-LFT-DEF,106,52.0,97.0,45.0
94,0.0,heterogeneous,16.0,SLOT-LFT-LBA,106,10.0,66.0,76.0
94,0.0,heterogeneous,16.0,SLOT-RAND-DEF,106,44.0,93.0,49.0
94,0.0,heterogeneous,16.0,SLOT-RAND-LBA,110,6.0,68.0,74.0
94,0.0,heterogeneous,64.0,POOL-LBA(=yours),106,4.0,69.0,73.0
94,0.0,heterogeneous,64.0,SLOT-G-DEF,106,44.0,93.0,49.0
94,0.0,heterogeneous,64.0,SLOT-G-LBA,106,12.0,77.0,65.0
94,0.0,heterogeneous,64.0,SLOT-LFT-DEF,106,52.0,97.0,45.0
94,0.0,heterogeneous,64.0,SLOT-LFT-LBA,106,10.0,66.0,76.0
94,0.0,heterogeneous,64.0,SLOT-RAND-DEF,109,76.0,109.0,33.0
94,0.0,heterogeneous,64.0,SLOT-RAND-LBA,105,10.0,76.0,66.0
94,0.1,uniform,,POOL-LBA(=yours),120,4.0,79.0,83.0
94,0.1,uniform,,SLOT-G-DEF,120,50.0,106.0,56.0
94,0.1,uniform,,SLOT-G-LBA,120,14.0,88.0,74.0
94,0.1,uniform,,SLOT-LFT-DEF,120,58.0,110.0,52.0
94,0.1,uniform,,SLOT-LFT-LBA,120,12.0,75.0,87.0
94,0.1,uniform,,SLOT-RAND-DEF,118,70.0,116.0,46.0
94,0.1,uniform,,SLOT-RAND-LBA,125,6.0,78.0,84.0
94,0.1,heterogeneous,4.0,POOL-LBA(=yours),113,10.0,81.0,71.0
94,0.1,heterogeneous,4.0,SLOT-G-DEF,113,48.0,100.0,52.0
94,0.1,heterogeneous,4.0,SLOT-G-LBA,113,10.0,81.0,71.0
94,0.1,heterogeneous,4.0,SLOT-LFT-DEF,114,54.0,103.0,49.0
94,0.1,heterogeneous,4.0,SLOT-LFT-LBA,114,10.0,71.0,81.0
94,0.1,heterogeneous,4.0,SLOT-RAND-DEF,110,68.0,110.0,42.0
94,0.1,heterogeneous,4.0,SLOT-RAND-LBA,113,4.0,78.0,74.0
94,0.1,heterogeneous,16.0,POOL-LBA(=yours),115,6.0,74.0,80.0
94,0.1,heterogeneous,16.0,SLOT-G-DEF,115,46.0,100.0,54.0
94,0.1,heterogeneous,16.0,SLOT-G-LBA,115,12.0,83.0,71.0
94,0.1,heterogeneous,16.0,SLOT-LFT-DEF,115,56.0,105.0,49.0
94,0.1,heterogeneous,16.0,SLOT-LFT-LBA,115,12.0,71.0,83.0
94,0.1,heterogeneous,16.0,SLOT-RAND-DEF,115,66.0,110.0,44.0
94,0.1,heterogeneous,16.0,SLOT-RAND-LBA,120,6.0,80.0,74.0
94,0.1,heterogeneous,64.0,POOL-LBA(=yours),116,3.0,76.0,79.0
94,0.1,heterogeneous,64.0,SLOT-G-DEF,116,67.0,111.0,44.0
94,0.1,heterogeneous,64.0,SLOT-G-LBA,116,3.0,76.0,79.0
94,0.1,heterogeneous,64.0,SLOT-LFT-DEF,116,75.0,115.0,40.0
94,0.1,heterogeneous,64.0,SLOT-LFT-LBA,116,5.0,80.0,75.0
94,0.1,heterogeneous,64.0,SLOT-RAND-DEF,115,51.0,103.0,52.0
94,0.1,heterogeneous,64.0,SLOT-RAND-LBA,127,9.0,82.0,73.0
94,0.2,uniform,,POOL-LBA(=yours),128,6.0,82.0,88.0
94,0.2,uniform,,SLOT-G-DEF,128,50.0,110.0,60.0
94,0.2,uniform,,SLOT-G-LBA,128,14.0,92.0,78.0
94,0.2,uniform,,SLOT-LFT-DEF,128,62.0,116.0,54.0
94,0.2,uniform,,SLOT-LFT-LBA,128,12.0,79.0,91.0
94,0.2,uniform,,SLOT-RAND-DEF,124,70.0,120.0,50.0
94,0.2,uniform,,SLOT-RAND-LBA,127,8.0,81.0,89.0
94,0.2,heterogeneous,4.0,POOL-LBA(=yours),130,7.0,91.0,84.0
94,0.2,heterogeneous,4.0,SLOT-G-DEF,130,53.0,114.0,61.0
94,0.2,heterogeneous,4.0,SLOT-G-LBA,130,15.0,80.0,95.0
94,0.2,heterogeneous,4.0,SLOT-LFT-DEF,130,63.0,119.0,56.0
94,0.2,heterogeneous,4.0,SLOT-LFT-LBA,130,15.0,80.0,95.0
94,0.2,heterogeneous,4.0,SLOT-RAND-DEF,130,51.0,113.0,62.0
94,0.2,heterogeneous,4.0,SLOT-RAND-LBA,134,11.0,82.0,93.0
94,0.2,heterogeneous,16.0,POOL-LBA(=yours),129,8.0,90.0,82.0
94,0.2,heterogeneous,16.0,SLOT-G-DEF,129,74.0,123.0,49.0
94,0.2,heterogeneous,16.0,SLOT-G-LBA,129,2.0,87.0,85.0
94,0.2,heterogeneous,16.0,SLOT-LFT-DEF,128,84.0,128.0,44.0
94,0.2,heterogeneous,16.0,SLOT-LFT-LBA,128,6.0,83.0,89.0
94,0.2,heterogeneous,16.0,SLOT-RAND-DEF,128,76.0,124.0,48.0
94,0.2,heterogeneous,16.0,SLOT-RAND-LBA,128,8.0,82.0,90.0
94,0.2,heterogeneous,64.0,POOL-LBA(=yours),129,4.0,84.0,88.0
94,0.2,heterogeneous,64.0,SLOT-G-DEF,129,52.0,112.0,60.0
94,0.2,heterogeneous,64.0,SLOT-G-LBA,129,16.0,94.0,78.0
94,0.2,heterogeneous,64.0,SLOT-LFT-DEF,128,64.0,118.0,54.0
94,0.2,heterogeneous,64.0,SLOT-LFT-LBA,128,12.0,80.0,92.0
94,0.2,heterogeneous,64.0,SLOT-RAND-DEF,126,80.0,126.0,46.0
94,0.2,heterogeneous,64.0,SLOT-RAND-LBA,128,10.0,81.0,91.0
94,0.3,uniform,,POOL-LBA(=yours),136,6.0,88.0,94.0
94,0.3,uniform,,SLOT-G-DEF,136,60.0,121.0,61.0
94,0.3,uniform,,SLOT-G-LBA,136,14.0,98.0,84.0
94,0.3,uniform,,SLOT-LFT-DEF,136,70.0,126.0,56.0
94,0.3,uniform,,SLOT-LFT-LBA,136,12.0,85.0,97.0
94,0.3,uniform,,SLOT-RAND-DEF,140,76.0,129.0,53.0
94,0.3,uniform,,SLOT-RAND-LBA,134,2.0,90.0,92.0
94,0.3,heterogeneous,4.0,POOL-LBA(=yours),144,12.0,103.0,91.0
94,0.3,heterogeneous,4.0,SLOT-G-DEF,144,58.0,126.0,68.0
94,0.3,heterogeneous,4.0,SLOT-G-LBA,144,16.0,105.0,89.0
94,0.3,heterogeneous,4.0,SLOT-LFT-DEF,144,64.0,129.0,65.0
94,0.3,heterogeneous,4.0,SLOT-LFT-LBA,144,20.0,87.0,107.0
94,0.3,heterogeneous,4.0,SLOT-RAND-DEF,142,62.0,128.0,66.0
94,0.3,heterogeneous,4.0,SLOT-RAND-LBA,146,6.0,100.0,94.0
94,0.3,heterogeneous,16.0,POOL-LBA(=yours),141,5.0,90.0,95.0
94,0.3,heterogeneous,16.0,SLOT-G-DEF,141,53.0,119.0,66.0
94,0.3,heterogeneous,16.0,SLOT-G-LBA,141,19.0,83.0,102.0
94,0.3,heterogeneous,16.0,SLOT-LFT-DEF,140,71.0,128.0,57.0
94,0.3,heterogeneous,16.0,SLOT-LFT-LBA,140,15.0,100.0,85.0
94,0.3,heterogeneous,16.0,SLOT-RAND-DEF,137,77.0,131.0,54.0
94,0.3,heterogeneous,16.0,SLOT-RAND-LBA,142,3.0,94.0,91.0
94,0.3,heterogeneous,64.0,POOL-LBA(=yours),138,8.0,89.0,97.0
94,0.3,heterogeneous,64.0,SLOT-G-DEF,138,58.0,122.0,64.0
94,0.3,heterogeneous,64.0,SLOT-G-LBA,138,14.0,100.0,86.0
94,0.3,heterogeneous,64.0,SLOT-LFT-DEF,140,66.0,126.0,60.0
94,0.3,heterogeneous,64.0,SLOT-LFT-LBA,140,16.0,85.0,101.0
94,0.3,heterogeneous,64.0,SLOT-RAND-DEF,139,80.0,133.0,53.0
94,0.3,heterogeneous,64.0,SLOT-RAND-LBA,136,4.0,95.0,91.0
95,0.0,uniform,,POOL-LBA(=yours),109,1.0,72.0,71.0
95,0.0,uniform,,SLOT-G-DEF,109,55.0,99.0,44.0
95,0.0,uniform,,SLOT-G-LBA,109,5.0,74.0,69.0
95,0.0,uniform,,SLOT-LFT-DEF,103,53.0,98.0,45.0
95,0.0,uniform,,SLOT-LFT-LBA,103,3.0,73.0,70.0
95,0.0,uniform,,SLOT-RAND-DEF,108,53.0,98.0,45.0
95,0.0,uniform,,SLOT-RAND-LBA,104,3.0,70.0,73.0
95,0.0,heterogeneous,4.0,POOL-LBA(=yours),109,1.0,72.0,71.0
95,0.0,heterogeneous,4.0,SLOT-G-DEF,109,55.0,99.0,44.0
95,0.0,heterogeneous,4.0,SLOT-G-LBA,109,5.0,74.0,69.0
95,0.0,heterogeneous,4.0,SLOT-LFT-DEF,103,53.0,98.0,45.0
95,0.0,heterogeneous,4.0,SLOT-LFT-LBA,103,3.0,73.0,70.0
95,0.0,heterogeneous,4.0,SLOT-RAND-DEF,104,59.0,101.0,42.0
95,0.0,heterogeneous,4.0,SLOT-RAND-LBA,109,3.0,70.0,73.0
95,0.0,heterogeneous,16.0,POOL-LBA(=yours),109,1.0,72.0,71.0
95,0.0,heterogeneous,16.0,SLOT-G-DEF,109,55.0,99.0,44.0
95,0.0,heterogeneous,16.0,SLOT-G-LBA,109,5.0,74.0,69.0
95,0.0,heterogeneous,16.0,SLOT-LFT-DEF,103,53.0,98.0,45.0
95,0.0,heterogeneous,16.0,SLOT-LFT-LBA,103,3.0,73.0,70.0
95,0.0,heterogeneous,16.0,SLOT-RAND-DEF,109,71.0,107.0,36.0
95,0.0,heterogeneous,16.0,SLOT-RAND-LBA,110,3.0,73.0,70.0
95,0.0,heterogeneous,64.0,POOL-LBA(=yours),109,1.0,72.0,71.0
95,0.0,heterogeneous,64.0,SLOT-G-DEF,109,55.0,99.0,44.0
95,0.0,heterogeneous,64.0,SLOT-G-LBA,109,5.0,74.0,69.0
95,0.0,heterogeneous,64.0,SLOT-LFT-DEF,103,53.0,98.0,45.0
95,0.0,heterogeneous,64.0,SLOT-LFT-LBA,103,3.0,73.0,70.0
95,0.0,heterogeneous,64.0,SLOT-RAND-DEF,104,63.0,103.0,40.0
95,0.0,heterogeneous,64.0,SLOT-RAND-LBA,110,5.0,74.0,69.0
95,0.1,uniform,,POOL-LBA(=yours),124,1.0,82.0,81.0
95,0.1,uniform,,SLOT-G-DEF,124,61.0,112.0,51.0
95,0.1,uniform,,SLOT-G-LBA,124,5.0,84.0,79.0
95,0.1,uniform,,SLOT-LFT-DEF,117,59.0,111.0,52.0
95,0.1,uniform,,SLOT-LFT-LBA,117,3.0,83.0,80.0
95,0.1,uniform,,SLOT-RAND-DEF,124,73.0,118.0,45.0
95,0.1,uniform,,SLOT-RAND-LBA,118,1.0,81.0,82.0
95,0.1,heterogeneous,4.0,POOL-LBA(=yours),120,4.0,84.0,80.0
95,0.1,heterogeneous,4.0,SLOT-G-DEF,120,76.0,120.0,44.0
95,0.1,heterogeneous,4.0,SLOT-G-LBA,120,4.0,84.0,80.0
95,0.1,heterogeneous,4.0,SLOT-LFT-DEF,117,64.0,114.0,50.0
95,0.1,heterogeneous,4.0,SLOT-LFT-LBA,117,0.0,82.0,82.0
95,0.1,heterogeneous,4.0,SLOT-RAND-DEF,120,60.0,112.0,52.0
95,0.1,heterogeneous,4.0,SLOT-RAND-LBA,121,4.0,80.0,84.0
95,0.1,heterogeneous,16.0,POOL-LBA(=yours),115,1.0,75.0,76.0
95,0.1,heterogeneous,16.0,SLOT-G-DEF,115,69.0,110.0,41.0
95,0.1,heterogeneous,16.0,SLOT-G-LBA,115,5.0,78.0,73.0
95,0.1,heterogeneous,16.0,SLOT-LFT-DEF,109,67.0,109.0,42.0
95,0.1,heterogeneous,16.0,SLOT-LFT-LBA,109,3.0,74.0,77.0
95,0.1,heterogeneous,16.0,SLOT-RAND-DEF,113,65.0,108.0,43.0
95,0.1,heterogeneous,16.0,SLOT-RAND-LBA,110,1.0,75.0,76.0
95,0.1,heterogeneous,64.0,POOL-LBA(=yours),121,2.0,80.0,78.0
95,0.1,heterogeneous,64.0,SLOT-G-DEF,121,64.0,111.0,47.0
95,0.1,heterogeneous,64.0,SLOT-G-LBA,121,4.0,77.0,81.0
95,0.1,heterogeneous,64.0,SLOT-LFT-DEF,114,60.0,109.0,49.0
95,0.1,heterogeneous,64.0,SLOT-LFT-LBA,114,4.0,81.0,77.0
95,0.1,heterogeneous,64.0,SLOT-RAND-DEF,115,66.0,112.0,46.0
95,0.1,heterogeneous,64.0,SLOT-RAND-LBA,114,0.0,79.0,79.0
95,0.2,uniform,,POOL-LBA(=yours),129,2.0,86.0,84.0
95,0.2,uniform,,SLOT-G-DEF,129,68.0,119.0,51.0
95,0.2,uniform,,SLOT-G-LBA,129,6.0,88.0,82.0
95,0.2,uniform,,SLOT-LFT-DEF,122,64.0,117.0,53.0
95,0.2,uniform,,SLOT-LFT-LBA,122,4.0,87.0,83.0
95,0.2,uniform,,SLOT-RAND-DEF,131,70.0,120.0,50.0
95,0.2,uniform,,SLOT-RAND-LBA,128,4.0,83.0,87.0
95,0.2,heterogeneous,4.0,POOL-LBA(=yours),134,0.0,89.0,89.0
95,0.2,heterogeneous,4.0,SLOT-G-DEF,134,82.0,130.0,48.0
95,0.2,heterogeneous,4.0,SLOT-G-LBA,134,4.0,87.0,91.0
95,0.2,heterogeneous,4.0,SLOT-LFT-DEF,126,66.0,122.0,56.0
95,0.2,heterogeneous,4.0,SLOT-LFT-LBA,126,2.0,88.0,90.0
95,0.2,heterogeneous,4.0,SLOT-RAND-DEF,126,56.0,117.0,61.0
95,0.2,heterogeneous,4.0,SLOT-RAND-LBA,133,2.0,88.0,90.0
95,0.2,heterogeneous,16.0,POOL-LBA(=yours),127,1.0,82.0,83.0
95,0.2,heterogeneous,16.0,SLOT-G-DEF,127,89.0,127.0,38.0
95,0.2,heterogeneous,16.0,SLOT-G-LBA,127,1.0,83.0,82.0
95,0.2,heterogeneous,16.0,SLOT-LFT-DEF,120,75.0,120.0,45.0
95,0.2,heterogeneous,16.0,SLOT-LFT-LBA,120,5.0,80.0,85.0
95,0.2,heterogeneous,16.0,SLOT-RAND-DEF,119,65.0,115.0,50.0
95,0.2,heterogeneous,16.0,SLOT-RAND-LBA,121,1.0,82.0,83.0
95,0.2,heterogeneous,64.0,POOL-LBA(=yours),135,1.0,87.0,88.0
95,0.2,heterogeneous,64.0,SLOT-G-DEF,135,71.0,123.0,52.0
95,0.2,heterogeneous,64.0,SLOT-G-LBA,135,5.0,90.0,85.0
95,0.2,heterogeneous,64.0,SLOT-LFT-DEF,128,69.0,122.0,53.0
95,0.2,heterogeneous,64.0,SLOT-LFT-LBA,128,3.0,89.0,86.0
95,0.2,heterogeneous,64.0,SLOT-RAND-DEF,133,83.0,129.0,46.0
95,0.2,heterogeneous,64.0,SLOT-RAND-LBA,135,3.0,89.0,86.0
95,0.3,uniform,,POOL-LBA(=yours),141,2.0,93.0,91.0
95,0.3,uniform,,SLOT-G-DEF,141,70.0,127.0,57.0
95,0.3,uniform,,SLOT-G-LBA,141,6.0,95.0,89.0
95,0.3,uniform,,SLOT-LFT-DEF,133,68.0,126.0,58.0
95,0.3,uniform,,SLOT-LFT-LBA,133,4.0,94.0,90.0
95,0.3,uniform,,SLOT-RAND-DEF,141,70.0,127.0,57.0
95,0.3,uniform,,SLOT-RAND-LBA,134,4.0,94.0,90.0
95,0.3,heterogeneous,4.0,POOL-LBA(=yours),131,6.0,94.0,88.0
95,0.3,heterogeneous,4.0,SLOT-G-DEF,131,80.0,131.0,51.0
95,0.3,heterogeneous,4.0,SLOT-G-LBA,131,6.0,94.0,88.0
95,0.3,heterogeneous,4.0,SLOT-LFT-DEF,128,66.0,124.0,58.0
95,0.3,heterogeneous,4.0,SLOT-LFT-LBA,128,4.0,89.0,93.0
95,0.3,heterogeneous,4.0,SLOT-RAND-DEF,128,64.0,123.0,59.0
95,0.3,heterogeneous,4.0,SLOT-RAND-LBA,129,0.0,91.0,91.0
95,0.3,heterogeneous,16.0,POOL-LBA(=yours),144,1.0,94.0,95.0
95,0.3,heterogeneous,16.0,SLOT-G-DEF,144,85.0,137.0,52.0
95,0.3,heterogeneous,16.0,SLOT-G-LBA,144,5.0,92.0,97.0
95,0.3,heterogeneous,16.0,SLOT-LFT-DEF,137,85.0,137.0,52.0
95,0.3,heterogeneous,16.0,SLOT-LFT-LBA,137,5.0,92.0,97.0
95,0.3,heterogeneous,16.0,SLOT-RAND-DEF,145,85.0,137.0,52.0
95,0.3,heterogeneous,16.0,SLOT-RAND-LBA,139,1.0,94.0,95.0
95,0.3,heterogeneous,64.0,POOL-LBA(=yours),142,0.0,93.0,93.0
95,0.3,heterogeneous,64.0,SLOT-G-DEF,142,70.0,128.0,58.0
95,0.3,heterogeneous,64.0,SLOT-G-LBA,142,4.0,95.0,91.0
95,0.3,heterogeneous,64.0,SLOT-LFT-DEF,134,68.0,127.0,59.0
95,0.3,heterogeneous,64.0,SLOT-LFT-LBA,134,2.0,94.0,92.0
95,0.3,heterogeneous,64.0,SLOT-RAND-DEF,136,76.0,131.0,55.0
95,0.3,heterogeneous,64.0,SLOT-RAND-LBA,134,2.0,94.0,92.0
96,0.0,uniform,,POOL-LBA(=yours),101,2.0,69.0,71.0
96,0.0,uniform,,SLOT-G-DEF,101,50.0,95.0,45.0
96,0.0,uniform,,SLOT-G-LBA,101,0.0,70.0,70.0
96,0.0,uniform,,SLOT-LFT-DEF,103,66.0,103.0,37.0
96,0.0,uniform,,SLOT-LFT-LBA,103,2.0,71.0,69.0
96,0.0,uniform,,SLOT-RAND-DEF,100,58.0,99.0,41.0
96,0.0,uniform,,SLOT-RAND-LBA,100,6.0,73.0,67.0
96,0.0,heterogeneous,4.0,POOL-LBA(=yours),101,2.0,69.0,71.0
96,0.0,heterogeneous,4.0,SLOT-G-DEF,101,50.0,95.0,45.0
96,0.0,heterogeneous,4.0,SLOT-G-LBA,101,0.0,70.0,70.0
96,0.0,heterogeneous,4.0,SLOT-LFT-DEF,103,66.0,103.0,37.0
96,0.0,heterogeneous,4.0,SLOT-LFT-LBA,103,2.0,71.0,69.0
96,0.0,heterogeneous,4.0,SLOT-RAND-DEF,102,62.0,101.0,39.0
96,0.0,heterogeneous,4.0,SLOT-RAND-LBA,105,6.0,73.0,67.0
96,0.0,heterogeneous,16.0,POOL-LBA(=yours),101,2.0,69.0,71.0
96,0.0,heterogeneous,16.0,SLOT-G-DEF,101,50.0,95.0,45.0
96,0.0,heterogeneous,16.0,SLOT-G-LBA,101,0.0,70.0,70.0
96,0.0,heterogeneous,16.0,SLOT-LFT-DEF,103,66.0,103.0,37.0
96,0.0,heterogeneous,16.0,SLOT-LFT-LBA,103,2.0,71.0,69.0
96,0.0,heterogeneous,16.0,SLOT-RAND-DEF,100,50.0,95.0,45.0
96,0.0,heterogeneous,16.0,SLOT-RAND-LBA,100,6.0,67.0,73.0
96,0.0,heterogeneous,64.0,POOL-LBA(=yours),101,2.0,69.0,71.0
96,0.0,heterogeneous,64.0,SLOT-G-DEF,101,50.0,95.0,45.0
96,0.0,heterogeneous,64.0,SLOT-G-LBA,101,0.0,70.0,70.0
96,0.0,heterogeneous,64.0,SLOT-LFT-DEF,103,66.0,103.0,37.0
96,0.0,heterogeneous,64.0,SLOT-LFT-LBA,103,2.0,71.0,69.0
96,0.0,heterogeneous,64.0,SLOT-RAND-DEF,105,60.0,100.0,40.0
96,0.0,heterogeneous,64.0,SLOT-RAND-LBA,103,6.0,67.0,73.0
96,0.1,uniform,,POOL-LBA(=yours),115,4.0,78.0,82.0
96,0.1,uniform,,SLOT-G-DEF,115,56.0,108.0,52.0
96,0.1,uniform,,SLOT-G-LBA,115,0.0,80.0,80.0
96,0.1,uniform,,SLOT-LFT-DEF,117,62.0,111.0,49.0
96,0.1,uniform,,SLOT-LFT-LBA,117,0.0,80.0,80.0
96,0.1,uniform,,SLOT-RAND-DEF,119,76.0,118.0,42.0
96,0.1,uniform,,SLOT-RAND-LBA,114,2.0,81.0,79.0
96,0.1,heterogeneous,4.0,POOL-LBA(=yours),119,5.0,80.0,85.0
96,0.1,heterogeneous,4.0,SLOT-G-DEF,119,55.0,110.0,55.0
96,0.1,heterogeneous,4.0,SLOT-G-LBA,119,3.0,84.0,81.0
96,0.1,heterogeneous,4.0,SLOT-LFT-DEF,119,65.0,115.0,50.0
96,0.1,heterogeneous,4.0,SLOT-LFT-LBA,119,3.0,81.0,84.0
96,0.1,heterogeneous,4.0,SLOT-RAND-DEF,118,69.0,117.0,48.0
96,0.1,heterogeneous,4.0,SLOT-RAND-LBA,118,9.0,87.0,78.0
96,0.1,heterogeneous,16.0,POOL-LBA(=yours),111,3.0,79.0,76.0
96,0.1,heterogeneous,16.0,SLOT-G-DEF,111,57.0,106.0,49.0
96,0.1,heterogeneous,16.0,SLOT-G-LBA,111,3.0,76.0,79.0
96,0.1,heterogeneous,16.0,SLOT-LFT-DEF,113,71.0,113.0,42.0
96,0.1,heterogeneous,16.0,SLOT-LFT-LBA,113,1.0,77.0,78.0
96,0.1,heterogeneous,16.0,SLOT-RAND-DEF,111,57.0,106.0,49.0
96,0.1,heterogeneous,16.0,SLOT-RAND-LBA,112,7.0,81.0,74.0
96,0.1,heterogeneous,64.0,POOL-LBA(=yours),113,3.0,76.0,79.0
96,0.1,heterogeneous,64.0,SLOT-G-DEF,113,57.0,106.0,49.0
96,0.1,heterogeneous,64.0,SLOT-G-LBA,113,1.0,78.0,77.0
96,0.1,heterogeneous,64.0,SLOT-LFT-DEF,115,75.0,115.0,40.0
96,0.1,heterogeneous,64.0,SLOT-LFT-LBA,115,3.0,76.0,79.0
96,0.1,heterogeneous,64.0,SLOT-RAND-DEF,113,65.0,110.0,45.0
96,0.1,heterogeneous,64.0,SLOT-RAND-LBA,117,5.0,75.0,80.0
96,0.2,uniform,,POOL-LBA(=yours),120,3.0,85.0,82.0
96,0.2,uniform,,SLOT-G-DEF,120,61.0,114.0,53.0
96,0.2,uniform,,SLOT-G-LBA,120,1.0,84.0,83.0
96,0.2,uniform,,SLOT-LFT-DEF,122,77.0,122.0,45.0
96,0.2,uniform,,SLOT-LFT-LBA,122,1.0,83.0,84.0
96,0.2,uniform,,SLOT-RAND-DEF,121,63.0,115.0,52.0
96,0.2,uniform,,SLOT-RAND-LBA,123,7.0,87.0,80.0
96,0.2,heterogeneous,4.0,POOL-LBA(=yours),121,6.0,81.0,87.0
96,0.2,heterogeneous,4.0,SLOT-G-DEF,121,68.0,118.0,50.0
96,0.2,heterogeneous,4.0,SLOT-G-LBA,121,6.0,87.0,81.0
96,0.2,heterogeneous,4.0,SLOT-LFT-DEF,123,78.0,123.0,45.0
96,0.2,heterogeneous,4.0,SLOT-LFT-LBA,123,6.0,87.0,81.0
96,0.2,heterogeneous,4.0,SLOT-RAND-DEF,121,72.0,120.0,48.0
96,0.2,heterogeneous,4.0,SLOT-RAND-LBA,123,12.0,90.0,78.0
96,0.2,heterogeneous,16.0,POOL-LBA(=yours),121,5.0,88.0,83.0
96,0.2,heterogeneous,16.0,SLOT-G-DEF,121,61.0,116.0,55.0
96,0.2,heterogeneous,16.0,SLOT-G-LBA,121,1.0,86.0,85.0
96,0.2,heterogeneous,16.0,SLOT-LFT-DEF,125,79.0,125.0,46.0
96,0.2,heterogeneous,16.0,SLOT-LFT-LBA,125,3.0,87.0,84.0
96,0.2,heterogeneous,16.0,SLOT-RAND-DEF,121,69.0,120.0,51.0
96,0.2,heterogeneous,16.0,SLOT-RAND-LBA,121,5.0,83.0,88.0
96,0.2,heterogeneous,64.0,POOL-LBA(=yours),119,2.0,82.0,84.0
96,0.2,heterogeneous,64.0,SLOT-G-DEF,119,60.0,113.0,53.0
96,0.2,heterogeneous,64.0,SLOT-G-LBA,119,2.0,84.0,82.0
96,0.2,heterogeneous,64.0,SLOT-LFT-DEF,122,78.0,122.0,44.0
96,0.2,heterogeneous,64.0,SLOT-LFT-LBA,122,2.0,84.0,82.0
96,0.2,heterogeneous,64.0,SLOT-RAND-DEF,119,70.0,118.0,48.0
96,0.2,heterogeneous,64.0,SLOT-RAND-LBA,122,4.0,81.0,85.0
96,0.3,uniform,,POOL-LBA(=yours),130,1.0,89.0,90.0
96,0.3,uniform,,SLOT-G-DEF,130,63.0,121.0,58.0
96,0.3,uniform,,SLOT-G-LBA,130,1.0,90.0,89.0
96,0.3,uniform,,SLOT-LFT-DEF,132,85.0,132.0,47.0
96,0.3,uniform,,SLOT-LFT-LBA,132,3.0,91.0,88.0
96,0.3,uniform,,SLOT-RAND-DEF,132,59.0,119.0,60.0
96,0.3,uniform,,SLOT-RAND-LBA,131,3.0,91.0,88.0
96,0.3,heterogeneous,4.0,POOL-LBA(=yours),133,3.0,97.0,94.0
96,0.3,heterogeneous,4.0,SLOT-G-DEF,133,71.0,131.0,60.0
96,0.3,heterogeneous,4.0,SLOT-G-LBA,133,5.0,93.0,98.0
96,0.3,heterogeneous,4.0,SLOT-LFT-DEF,135,71.0,131.0,60.0
96,0.3,heterogeneous,4.0,SLOT-LFT-LBA,135,7.0,92.0,99.0
96,0.3,heterogeneous,4.0,SLOT-RAND-DEF,135,79.0,135.0,56.0
96,0.3,heterogeneous,4.0,SLOT-RAND-LBA,133,5.0,98.0,93.0
96,0.3,heterogeneous,16.0,POOL-LBA(=yours),134,5.0,91.0,96.0
96,0.3,heterogeneous,16.0,SLOT-G-DEF,134,67.0,127.0,60.0
96,0.3,heterogeneous,16.0,SLOT-G-LBA,134,1.0,94.0,93.0
96,0.3,heterogeneous,16.0,SLOT-LFT-DEF,137,73.0,130.0,57.0
96,0.3,heterogeneous,16.0,SLOT-LFT-LBA,137,1.0,94.0,93.0
96,0.3,heterogeneous,16.0,SLOT-RAND-DEF,136,71.0,129.0,58.0
96,0.3,heterogeneous,16.0,SLOT-RAND-LBA,135,5.0,96.0,91.0
96,0.3,heterogeneous,64.0,POOL-LBA(=yours),131,4.0,89.0,93.0
96,0.3,heterogeneous,64.0,SLOT-G-DEF,131,66.0,124.0,58.0
96,0.3,heterogeneous,64.0,SLOT-G-LBA,131,0.0,91.0,91.0
96,0.3,heterogeneous,64.0,SLOT-LFT-DEF,133,70.0,126.0,56.0
96,0.3,heterogeneous,64.0,SLOT-LFT-LBA,133,2.0,92.0,90.0
96,0.3,heterogeneous,64.0,SLOT-RAND-DEF,135,78.0,130.0,52.0
96,0.3,heterogeneous,64.0,SLOT-RAND-LBA,134,8.0,95.0,87.0
97,0.0,uniform,,POOL-LBA(=yours),95,2.0,67.0,65.0
97,0.0,uniform,,SLOT-G-DEF,95,56.0,94.0,38.0
97,0.0,uniform,,SLOT-G-LBA,95,0.0,66.0,66.0
97,0.0,uniform,,SLOT-LFT-DEF,96,56.0,94.0,38.0
97,0.0,uniform,,SLOT-LFT-LBA,96,2.0,65.0,67.0
97,0.0,uniform,,SLOT-RAND-DEF,98,62.0,97.0,35.0
97,0.0,uniform,,SLOT-RAND-LBA,95,0.0,66.0,66.0
97,0.0,heterogeneous,4.0,POOL-LBA(=yours),95,2.0,67.0,65.0
97,0.0,heterogeneous,4.0,SLOT-G-DEF,95,56.0,94.0,38.0
97,0.0,heterogeneous,4.0,SLOT-G-LBA,95,0.0,66.0,66.0
97,0.0,heterogeneous,4.0,SLOT-LFT-DEF,96,56.0,94.0,38.0
97,0.0,heterogeneous,4.0,SLOT-LFT-LBA,96,2.0,65.0,67.0
97,0.0,heterogeneous,4.0,SLOT-RAND-DEF,96,60.0,96.0,36.0
97,0.0,heterogeneous,4.0,SLOT-RAND-LBA,97,2.0,65.0,67.0
97,0.0,heterogeneous,16.0,POOL-LBA(=yours),95,2.0,67.0,65.0
97,0.0,heterogeneous,16.0,SLOT-G-DEF,95,56.0,94.0,38.0
97,0.0,heterogeneous,16.0,SLOT-G-LBA,95,0.0,66.0,66.0
97,0.0,heterogeneous,16.0,SLOT-LFT-DEF,96,56.0,94.0,38.0
97,0.0,heterogeneous,16.0,SLOT-LFT-LBA,96,2.0,65.0,67.0
97,0.0,heterogeneous,16.0,SLOT-RAND-DEF,100,66.0,99.0,33.0
97,0.0,heterogeneous,16.0,SLOT-RAND-LBA,95,4.0,68.0,64.0
97,0.0,heterogeneous,64.0,POOL-LBA(=yours),95,2.0,67.0,65.0
97,0.0,heterogeneous,64.0,SLOT-G-DEF,95,56.0,94.0,38.0
97,0.0,heterogeneous,64.0,SLOT-G-LBA,95,0.0,66.0,66.0
97,0.0,heterogeneous,64.0,SLOT-LFT-DEF,96,56.0,94.0,38.0
97,0.0,heterogeneous,64.0,SLOT-LFT-LBA,96,2.0,65.0,67.0
97,0.0,heterogeneous,64.0,SLOT-RAND-DEF,97,62.0,97.0,35.0
97,0.0,heterogeneous,64.0,SLOT-RAND-LBA,95,4.0,68.0,64.0
97,0.1,uniform,,POOL-LBA(=yours),109,2.0,75.0,77.0
97,0.1,uniform,,SLOT-G-DEF,109,64.0,108.0,44.0
97,0.1,uniform,,SLOT-G-LBA,109,0.0,76.0,76.0
97,0.1,uniform,,SLOT-LFT-DEF,110,64.0,108.0,44.0
97,0.1,uniform,,SLOT-LFT-LBA,110,2.0,75.0,77.0
97,0.1,uniform,,SLOT-RAND-DEF,109,66.0,109.0,43.0
97,0.1,uniform,,SLOT-RAND-LBA,109,2.0,77.0,75.0
97,0.1,heterogeneous,4.0,POOL-LBA(=yours),109,5.0,76.0,71.0
97,0.1,heterogeneous,4.0,SLOT-G-DEF,109,63.0,105.0,42.0
97,0.1,heterogeneous,4.0,SLOT-G-LBA,109,5.0,76.0,71.0
97,0.1,heterogeneous,4.0,SLOT-LFT-DEF,110,57.0,102.0,45.0
97,0.1,heterogeneous,4.0,SLOT-LFT-LBA,110,5.0,71.0,76.0
97,0.1,heterogeneous,4.0,SLOT-RAND-DEF,110,65.0,106.0,41.0
97,0.1,heterogeneous,4.0,SLOT-RAND-LBA,111,3.0,75.0,72.0
97,0.1,heterogeneous,16.0,POOL-LBA(=yours),102,2.0,73.0,71.0
97,0.1,heterogeneous,16.0,SLOT-G-DEF,102,58.0,101.0,43.0
97,0.1,heterogeneous,16.0,SLOT-G-LBA,102,2.0,73.0,71.0
97,0.1,heterogeneous,16.0,SLOT-LFT-DEF,102,60.0,102.0,42.0
97,0.1,heterogeneous,16.0,SLOT-LFT-LBA,102,2.0,73.0,71.0
97,0.1,heterogeneous,16.0,SLOT-RAND-DEF,108,64.0,104.0,40.0
97,0.1,heterogeneous,16.0,SLOT-RAND-LBA,102,4.0,74.0,70.0
97,0.1,heterogeneous,64.0,POOL-LBA(=yours),104,3.0,71.0,74.0
97,0.1,heterogeneous,64.0,SLOT-G-DEF,104,61.0,103.0,42.0
97,0.1,heterogeneous,64.0,SLOT-G-LBA,104,3.0,71.0,74.0
97,0.1,heterogeneous,64.0,SLOT-LFT-DEF,106,59.0,102.0,43.0
97,0.1,heterogeneous,64.0,SLOT-LFT-LBA,106,1.0,72.0,73.0
97,0.1,heterogeneous,64.0,SLOT-RAND-DEF,104,63.0,104.0,41.0
97,0.1,heterogeneous,64.0,SLOT-RAND-LBA,107,1.0,72.0,73.0
97,0.2,uniform,,POOL-LBA(=yours),111,1.0,78.0,77.0
97,0.2,uniform,,SLOT-G-DEF,111,65.0,110.0,45.0
97,0.2,uniform,,SLOT-G-LBA,111,1.0,77.0,78.0
97,0.2,uniform,,SLOT-LFT-DEF,112,65.0,110.0,45.0
97,0.2,uniform,,SLOT-LFT-LBA,112,3.0,76.0,79.0
97,0.2,uniform,,SLOT-RAND-DEF,111,59.0,107.0,48.0
97,0.2,uniform,,SLOT-RAND-LBA,112,7.0,81.0,74.0
97,0.2,heterogeneous,4.0,POOL-LBA(=yours),119,0.0,82.0,82.0
97,0.2,heterogeneous,4.0,SLOT-G-DEF,119,70.0,117.0,47.0
97,0.2,heterogeneous,4.0,SLOT-G-LBA,119,0.0,82.0,82.0
97,0.2,heterogeneous,4.0,SLOT-LFT-DEF,117,62.0,113.0,51.0
97,0.2,heterogeneous,4.0,SLOT-LFT-LBA,117,4.0,84.0,80.0
97,0.2,heterogeneous,4.0,SLOT-RAND-DEF,119,70.0,117.0,47.0
97,0.2,heterogeneous,4.0,SLOT-RAND-LBA,121,2.0,83.0,81.0
97,0.2,heterogeneous,16.0,POOL-LBA(=yours),117,0.0,79.0,79.0
97,0.2,heterogeneous,16.0,SLOT-G-DEF,117,72.0,115.0,43.0
97,0.2,heterogeneous,16.0,SLOT-G-LBA,117,0.0,79.0,79.0
97,0.2,heterogeneous,16.0,SLOT-LFT-DEF,116,58.0,108.0,50.0
97,0.2,heterogeneous,16.0,SLOT-LFT-LBA,116,2.0,78.0,80.0
97,0.2,heterogeneous,16.0,SLOT-RAND-DEF,116,74.0,116.0,42.0
97,0.2,heterogeneous,16.0,SLOT-RAND-LBA,114,4.0,77.0,81.0
97,0.2,heterogeneous,64.0,POOL-LBA(=yours),116,1.0,81.0,80.0
97,0.2,heterogeneous,64.0,SLOT-G-DEF,116,67.0,114.0,47.0
97,0.2,heterogeneous,64.0,SLOT-G-LBA,116,3.0,82.0,79.0
97,0.2,heterogeneous,64.0,SLOT-LFT-DEF,117,59.0,110.0,51.0
97,0.2,heterogeneous,64.0,SLOT-LFT-LBA,117,3.0,82.0,79.0
97,0.2,heterogeneous,64.0,SLOT-RAND-DEF,116,71.0,116.0,45.0
97,0.2,heterogeneous,64.0,SLOT-RAND-LBA,116,3.0,79.0,82.0
97,0.3,uniform,,POOL-LBA(=yours),124,1.0,86.0,85.0
97,0.3,uniform,,SLOT-G-DEF,124,73.0,122.0,49.0
97,0.3,uniform,,SLOT-G-LBA,124,1.0,86.0,85.0
97,0.3,uniform,,SLOT-LFT-DEF,126,73.0,122.0,49.0
97,0.3,uniform,,SLOT-LFT-LBA,126,1.0,86.0,85.0
97,0.3,uniform,,SLOT-RAND-DEF,124,77.0,124.0,47.0
97,0.3,uniform,,SLOT-RAND-LBA,126,3.0,84.0,87.0
97,0.3,heterogeneous,4.0,POOL-LBA(=yours),132,3.0,92.0,89.0
97,0.3,heterogeneous,4.0,SLOT-G-DEF,132,71.0,126.0,55.0
97,0.3,heterogeneous,4.0,SLOT-G-LBA,132,7.0,87.0,94.0
97,0.3,heterogeneous,4.0,SLOT-LFT-DEF,133,63.0,122.0,59.0
97,0.3,heterogeneous,4.0,SLOT-LFT-LBA,133,1.0,91.0,90.0
97,0.3,heterogeneous,4.0,SLOT-RAND-DEF,131,81.0,131.0,50.0
97,0.3,heterogeneous,4.0,SLOT-RAND-LBA,137,1.0,90.0,91.0
97,0.3,heterogeneous,16.0,POOL-LBA(=yours),123,1.0,85.0,84.0
97,0.3,heterogeneous,16.0,SLOT-G-DEF,123,71.0,120.0,49.0
97,0.3,heterogeneous,16.0,SLOT-G-LBA,123,3.0,86.0,83.0
97,0.3,heterogeneous,16.0,SLOT-LFT-DEF,124,61.0,115.0,54.0
97,0.3,heterogeneous,16.0,SLOT-LFT-LBA,124,1.0,84.0,85.0
97,0.3,heterogeneous,16.0,SLOT-RAND-DEF,124,79.0,124.0,45.0
97,0.3,heterogeneous,16.0,SLOT-RAND-LBA,124,5.0,87.0,82.0
97,0.3,heterogeneous,64.0,POOL-LBA(=yours),124,0.0,86.0,86.0
97,0.3,heterogeneous,64.0,SLOT-G-DEF,124,72.0,122.0,50.0
97,0.3,heterogeneous,64.0,SLOT-G-LBA,124,0.0,86.0,86.0
97,0.3,heterogeneous,64.0,SLOT-LFT-DEF,124,74.0,123.0,49.0
97,0.3,heterogeneous,64.0,SLOT-LFT-LBA,124,2.0,85.0,87.0
97,0.3,heterogeneous,64.0,SLOT-RAND-DEF,124,72.0,122.0,50.0
97,0.3,heterogeneous,64.0,SLOT-RAND-LBA,126,0.0,86.0,86.0
98,0.0,uniform,,POOL-LBA(=yours),103,4.0,73.0,69.0
98,0.0,uniform,,SLOT-G-DEF,103,62.0,102.0,40.0
98,0.0,uniform,,SLOT-G-LBA,103,2.0,72.0,70.0
98,0.0,uniform,,SLOT-LFT-DEF,101,60.0,101.0,41.0
98,0.0,uniform,,SLOT-LFT-LBA,101,4.0,73.0,69.0
98,0.0,uniform,,SLOT-RAND-DEF,107,62.0,102.0,40.0
98,0.0,uniform,,SLOT-RAND-LBA,101,6.0,74.0,68.0
98,0.0,heterogeneous,4.0,POOL-LBA(=yours),103,4.0,73.0,69.0
98,0.0,heterogeneous,4.0,SLOT-G-DEF,103,62.0,102.0,40.0
98,0.0,heterogeneous,4.0,SLOT-G-LBA,103,2.0,72.0,70.0
98,0.0,heterogeneous,4.0,SLOT-LFT-DEF,101,60.0,101.0,41.0
98,0.0,heterogeneous,4.0,SLOT-LFT-LBA,101,4.0,73.0,69.0
98,0.0,heterogeneous,4.0,SLOT-RAND-DEF,109,76.0,109.0,33.0
98,0.0,heterogeneous,4.0,SLOT-RAND-LBA,103,0.0,71.0,71.0
98,0.0,heterogeneous,16.0,POOL-LBA(=yours),103,4.0,73.0,69.0
98,0.0,heterogeneous,16.0,SLOT-G-DEF,103,62.0,102.0,40.0
98,0.0,heterogeneous,16.0,SLOT-G-LBA,103,2.0,72.0,70.0
98,0.0,heterogeneous,16.0,SLOT-LFT-DEF,101,60.0,101.0,41.0
98,0.0,heterogeneous,16.0,SLOT-LFT-LBA,101,4.0,73.0,69.0
98,0.0,heterogeneous,16.0,SLOT-RAND-DEF,101,52.0,97.0,45.0
98,0.0,heterogeneous,16.0,SLOT-RAND-LBA,105,4.0,69.0,73.0
98,0.0,heterogeneous,64.0,POOL-LBA(=yours),103,4.0,73.0,69.0
98,0.0,heterogeneous,64.0,SLOT-G-DEF,103,62.0,102.0,40.0
98,0.0,heterogeneous,64.0,SLOT-G-LBA,103,2.0,72.0,70.0
98,0.0,heterogeneous,64.0,SLOT-LFT-DEF,101,60.0,101.0,41.0
98,0.0,heterogeneous,64.0,SLOT-LFT-LBA,101,4.0,73.0,69.0
98,0.0,heterogeneous,64.0,SLOT-RAND-DEF,105,58.0,100.0,42.0
98,0.0,heterogeneous,64.0,SLOT-RAND-LBA,107,2.0,72.0,70.0
98,0.1,uniform,,POOL-LBA(=yours),117,4.0,79.0,83.0
98,0.1,uniform,,SLOT-G-DEF,117,70.0,116.0,46.0
98,0.1,uniform,,SLOT-G-LBA,117,2.0,80.0,82.0
98,0.1,uniform,,SLOT-LFT-DEF,115,68.0,115.0,47.0
98,0.1,uniform,,SLOT-LFT-LBA,115,4.0,83.0,79.0
98,0.1,uniform,,SLOT-RAND-DEF,117,62.0,112.0,50.0
98,0.1,uniform,,SLOT-RAND-LBA,115,0.0,81.0,81.0
98,0.1,heterogeneous,4.0,POOL-LBA(=yours),111,2.0,76.0,78.0
98,0.1,heterogeneous,4.0,SLOT-G-DEF,111,64.0,109.0,45.0
98,0.1,heterogeneous,4.0,SLOT-G-LBA,111,2.0,76.0,78.0
98,0.1,heterogeneous,4.0,SLOT-LFT-DEF,112,70.0,112.0,42.0
98,0.1,heterogeneous,4.0,SLOT-LFT-LBA,112,2.0,76.0,78.0
98,0.1,heterogeneous,4.0,SLOT-RAND-DEF,111,68.0,111.0,43.0
98,0.1,heterogeneous,4.0,SLOT-RAND-LBA,111,0.0,77.0,77.0
98,0.1,heterogeneous,16.0,POOL-LBA(=yours),110,1.0,78.0,77.0
98,0.1,heterogeneous,16.0,SLOT-G-DEF,110,55.0,105.0,50.0
98,0.1,heterogeneous,16.0,SLOT-G-LBA,110,1.0,78.0,77.0
98,0.1,heterogeneous,16.0,SLOT-LFT-DEF,109,63.0,109.0,46.0
98,0.1,heterogeneous,16.0,SLOT-LFT-LBA,109,1.0,77.0,78.0
98,0.1,heterogeneous,16.0,SLOT-RAND-DEF,109,49.0,102.0,53.0
98,0.1,heterogeneous,16.0,SLOT-RAND-LBA,110,11.0,72.0,83.0
98,0.1,heterogeneous,64.0,POOL-LBA(=yours),114,2.0,78.0,80.0
98,0.1,heterogeneous,64.0,SLOT-G-DEF,114,70.0,114.0,44.0
98,0.1,heterogeneous,64.0,SLOT-G-LBA,114,2.0,80.0,78.0
98,0.1,heterogeneous,64.0,SLOT-LFT-DEF,112,66.0,112.0,46.0
98,0.1,heterogeneous,64.0,SLOT-LFT-LBA,112,2.0,78.0,80.0
98,0.1,heterogeneous,64.0,SLOT-RAND-DEF,112,66.0,112.0,46.0
98,0.1,heterogeneous,64.0,SLOT-RAND-LBA,114,0.0,79.0,79.0
98,0.2,uniform,,POOL-LBA(=yours),124,3.0,84.0,87.0
98,0.2,uniform,,SLOT-G-DEF,124,77.0,124.0,47.0
98,0.2,uniform,,SLOT-G-LBA,124,1.0,86.0,85.0
98,0.2,uniform,,SLOT-LFT-DEF,121,71.0,121.0,50.0
98,0.2,uniform,,SLOT-LFT-LBA,121,3.0,84.0,87.0
98,0.2,uniform,,SLOT-RAND-DEF,121,63.0,117.0,54.0
98,0.2,uniform,,SLOT-RAND-LBA,124,3.0,84.0,87.0
98,0.2,heterogeneous,4.0,POOL-LBA(=yours),115,2.0,81.0,79.0
98,0.2,heterogeneous,4.0,SLOT-G-DEF,115,60.0,110.0,50.0
98,0.2,heterogeneous,4.0,SLOT-G-LBA,115,4.0,82.0,78.0
98,0.2,heterogeneous,4.0,SLOT-LFT-DEF,114,68.0,114.0,46.0
98,0.2,heterogeneous,4.0,SLOT-LFT-LBA,114,2.0,81.0,79.0
98,0.2,heterogeneous,4.0,SLOT-RAND-DEF,114,46.0,103.0,57.0
98,0.2,heterogeneous,4.0,SLOT-RAND-LBA,123,8.0,84.0,76.0
98,0.2,heterogeneous,16.0,POOL-LBA(=yours),121,3.0,86.0,83.0
98,0.2,heterogeneous,16.0,SLOT-G-DEF,121,63.0,116.0,53.0
98,0.2,heterogeneous,16.0,SLOT-G-LBA,121,3.0,83.0,86.0
98,0.2,heterogeneous,16.0,SLOT-LFT-DEF,119,69.0,119.0,50.0
98,0.2,heterogeneous,16.0,SLOT-LFT-LBA,119,5.0,87.0,82.0
98,0.2,heterogeneous,16.0,SLOT-RAND-DEF,119,49.0,109.0,60.0
98,0.2,heterogeneous,16.0,SLOT-RAND-LBA,126,7.0,88.0,81.0
98,0.2,heterogeneous,64.0,POOL-LBA(=yours),123,3.0,86.0,83.0
98,0.2,heterogeneous,64.0,SLOT-G-DEF,123,73.0,121.0,48.0
98,0.2,heterogeneous,64.0,SLOT-G-LBA,123,1.0,84.0,85.0
98,0.2,heterogeneous,64.0,SLOT-LFT-DEF,121,71.0,120.0,49.0
98,0.2,heterogeneous,64.0,SLOT-LFT-LBA,121,3.0,86.0,83.0
98,0.2,heterogeneous,64.0,SLOT-RAND-DEF,127,73.0,121.0,48.0
98,0.2,heterogeneous,64.0,SLOT-RAND-LBA,124,9.0,80.0,89.0
98,0.3,uniform,,POOL-LBA(=yours),132,4.0,93.0,89.0
98,0.3,uniform,,SLOT-G-DEF,132,78.0,130.0,52.0
98,0.3,uniform,,SLOT-G-LBA,132,4.0,93.0,89.0
98,0.3,uniform,,SLOT-LFT-DEF,130,78.0,130.0,52.0
98,0.3,uniform,,SLOT-LFT-LBA,130,6.0,94.0,88.0
98,0.3,uniform,,SLOT-RAND-DEF,130,62.0,122.0,60.0
98,0.3,uniform,,SLOT-RAND-LBA,132,6.0,88.0,94.0
98,0.3,heterogeneous,4.0,POOL-LBA(=yours),146,5.0,99.0,94.0
98,0.3,heterogeneous,4.0,SLOT-G-DEF,146,89.0,141.0,52.0
98,0.3,heterogeneous,4.0,SLOT-G-LBA,146,5.0,94.0,99.0
98,0.3,heterogeneous,4.0,SLOT-LFT-DEF,141,89.0,141.0,52.0
98,0.3,heterogeneous,4.0,SLOT-LFT-LBA,141,5.0,94.0,99.0
98,0.3,heterogeneous,4.0,SLOT-RAND-DEF,145,81.0,137.0,56.0
98,0.3,heterogeneous,4.0,SLOT-RAND-LBA,146,13.0,90.0,103.0
98,0.3,heterogeneous,16.0,POOL-LBA(=yours),135,2.0,91.0,93.0
98,0.3,heterogeneous,16.0,SLOT-G-DEF,135,76.0,130.0,54.0
98,0.3,heterogeneous,16.0,SLOT-G-LBA,135,2.0,91.0,93.0
98,0.3,heterogeneous,16.0,SLOT-LFT-DEF,133,82.0,133.0,51.0
98,0.3,heterogeneous,16.0,SLOT-LFT-LBA,133,6.0,89.0,95.0
98,0.3,heterogeneous,16.0,SLOT-RAND-DEF,136,70.0,127.0,57.0
98,0.3,heterogeneous,16.0,SLOT-RAND-LBA,134,6.0,95.0,89.0
98,0.3,heterogeneous,64.0,POOL-LBA(=yours),133,4.0,95.0,91.0
98,0.3,heterogeneous,64.0,SLOT-G-DEF,133,80.0,133.0,53.0
98,0.3,heterogeneous,64.0,SLOT-G-LBA,133,0.0,93.0,93.0
98,0.3,heterogeneous,64.0,SLOT-LFT-DEF,131,76.0,131.0,55.0
98,0.3,heterogeneous,64.0,SLOT-LFT-LBA,131,4.0,91.0,95.0
98,0.3,heterogeneous,64.0,SLOT-RAND-DEF,131,76.0,131.0,55.0
98,0.3,heterogeneous,64.0,SLOT-RAND-LBA,139,10.0,98.0,88.0
99,0.0,uniform,,POOL-LBA(=yours),112,1.0,71.0,72.0
99,0.0,uniform,,SLOT-G-DEF,112,67.0,105.0,38.0
99,0.0,uniform,,SLOT-G-LBA,112,5.0,74.0,69.0
99,0.0,uniform,,SLOT-LFT-DEF,113,71.0,107.0,36.0
99,0.0,uniform,,SLOT-LFT-LBA,113,5.0,69.0,74.0
99,0.0,uniform,,SLOT-RAND-DEF,116,73.0,108.0,35.0
99,0.0,uniform,,SLOT-RAND-LBA,115,5.0,74.0,69.0
99,0.0,heterogeneous,4.0,POOL-LBA(=yours),112,1.0,71.0,72.0
99,0.0,heterogeneous,4.0,SLOT-G-DEF,112,67.0,105.0,38.0
99,0.0,heterogeneous,4.0,SLOT-G-LBA,112,5.0,74.0,69.0
99,0.0,heterogeneous,4.0,SLOT-LFT-DEF,113,71.0,107.0,36.0
99,0.0,heterogeneous,4.0,SLOT-LFT-LBA,113,5.0,69.0,74.0
99,0.0,heterogeneous,4.0,SLOT-RAND-DEF,115,77.0,110.0,33.0
99,0.0,heterogeneous,4.0,SLOT-RAND-LBA,116,3.0,70.0,73.0
99,0.0,heterogeneous,16.0,POOL-LBA(=yours),112,1.0,71.0,72.0
99,0.0,heterogeneous,16.0,SLOT-G-DEF,112,67.0,105.0,38.0
99,0.0,heterogeneous,16.0,SLOT-G-LBA,112,5.0,74.0,69.0
99,0.0,heterogeneous,16.0,SLOT-LFT-DEF,113,71.0,107.0,36.0
99,0.0,heterogeneous,16.0,SLOT-LFT-LBA,113,5.0,69.0,74.0
99,0.0,heterogeneous,16.0,SLOT-RAND-DEF,110,69.0,106.0,37.0
99,0.0,heterogeneous,16.0,SLOT-RAND-LBA,115,1.0,71.0,72.0
99,0.0,heterogeneous,64.0,POOL-LBA(=yours),112,1.0,71.0,72.0
99,0.0,heterogeneous,64.0,SLOT-G-DEF,112,67.0,105.0,38.0
99,0.0,heterogeneous,64.0,SLOT-G-LBA,112,5.0,74.0,69.0
99,0.0,heterogeneous,64.0,SLOT-LFT-DEF,113,71.0,107.0,36.0
99,0.0,heterogeneous,64.0,SLOT-LFT-LBA,113,5.0,69.0,74.0
99,0.0,heterogeneous,64.0,SLOT-RAND-DEF,115,83.0,113.0,30.0
99,0.0,heterogeneous,64.0,SLOT-RAND-LBA,113,3.0,73.0,70.0
99,0.1,uniform,,POOL-LBA(=yours),127,1.0,81.0,82.0
99,0.1,uniform,,SLOT-G-DEF,127,75.0,119.0,44.0
99,0.1,uniform,,SLOT-G-LBA,127,3.0,83.0,80.0
99,0.1,uniform,,SLOT-LFT-DEF,128,81.0,122.0,41.0
99,0.1,uniform,,SLOT-LFT-LBA,128,5.0,79.0,84.0
99,0.1,uniform,,SLOT-RAND-DEF,126,85.0,124.0,39.0
99,0.1,uniform,,SLOT-RAND-LBA,132,3.0,80.0,83.0
99,0.1,heterogeneous,4.0,POOL-LBA(=yours),123,3.0,79.0,76.0
99,0.1,heterogeneous,4.0,SLOT-G-DEF,123,81.0,118.0,37.0
99,0.1,heterogeneous,4.0,SLOT-G-LBA,123,7.0,81.0,74.0
99,0.1,heterogeneous,4.0,SLOT-LFT-DEF,124,81.0,118.0,37.0
99,0.1,heterogeneous,4.0,SLOT-LFT-LBA,124,1.0,77.0,78.0
99,0.1,heterogeneous,4.0,SLOT-RAND-DEF,127,81.0,118.0,37.0
99,0.1,heterogeneous,4.0,SLOT-RAND-LBA,127,1.0,77.0,78.0
99,0.1,heterogeneous,16.0,POOL-LBA(=yours),121,2.0,78.0,76.0
99,0.1,heterogeneous,16.0,SLOT-G-DEF,121,70.0,112.0,42.0
99,0.1,heterogeneous,16.0,SLOT-G-LBA,121,2.0,76.0,78.0
99,0.1,heterogeneous,16.0,SLOT-LFT-DEF,123,74.0,114.0,40.0
99,0.1,heterogeneous,16.0,SLOT-LFT-LBA,123,6.0,80.0,74.0
99,0.1,heterogeneous,16.0,SLOT-RAND-DEF,124,80.0,117.0,37.0
99,0.1,heterogeneous,16.0,SLOT-RAND-LBA,119,4.0,75.0,79.0
99,0.1,heterogeneous,64.0,POOL-LBA(=yours),125,2.0,81.0,79.0
99,0.1,heterogeneous,64.0,SLOT-G-DEF,125,76.0,118.0,42.0
99,0.1,heterogeneous,64.0,SLOT-G-LBA,125,4.0,82.0,78.0
99,0.1,heterogeneous,64.0,SLOT-LFT-DEF,127,78.0,119.0,41.0
99,0.1,heterogeneous,64.0,SLOT-LFT-LBA,127,6.0,83.0,77.0
99,0.1,heterogeneous,64.0,SLOT-RAND-DEF,129,94.0,127.0,33.0
99,0.1,heterogeneous,64.0,SLOT-RAND-LBA,125,2.0,81.0,79.0
99,0.2,uniform,,POOL-LBA(=yours),134,2.0,87.0,85.0
99,0.2,uniform,,SLOT-G-DEF,134,80.0,126.0,46.0
99,0.2,uniform,,SLOT-G-LBA,134,8.0,90.0,82.0
99,0.2,uniform,,SLOT-LFT-DEF,136,84.0,128.0,44.0
99,0.2,uniform,,SLOT-LFT-LBA,136,6.0,89.0,83.0
99,0.2,uniform,,SLOT-RAND-DEF,138,100.0,136.0,36.0
99,0.2,uniform,,SLOT-RAND-LBA,134,6.0,89.0,83.0
99,0.2,heterogeneous,4.0,POOL-LBA(=yours),129,2.0,83.0,85.0
99,0.2,heterogeneous,4.0,SLOT-G-DEF,129,78.0,123.0,45.0
99,0.2,heterogeneous,4.0,SLOT-G-LBA,129,2.0,85.0,83.0
99,0.2,heterogeneous,4.0,SLOT-LFT-DEF,130,78.0,123.0,45.0
99,0.2,heterogeneous,4.0,SLOT-LFT-LBA,130,4.0,86.0,82.0
99,0.2,heterogeneous,4.0,SLOT-RAND-DEF,133,94.0,131.0,37.0
99,0.2,heterogeneous,4.0,SLOT-RAND-LBA,129,0.0,84.0,84.0
99,0.2,heterogeneous,16.0,POOL-LBA(=yours),136,0.0,85.0,85.0
99,0.2,heterogeneous,16.0,SLOT-G-DEF,136,80.0,125.0,45.0
99,0.2,heterogeneous,16.0,SLOT-G-LBA,136,8.0,89.0,81.0
99,0.2,heterogeneous,16.0,SLOT-LFT-DEF,136,90.0,130.0,40.0
99,0.2,heterogeneous,16.0,SLOT-LFT-LBA,136,6.0,88.0,82.0
99,0.2,heterogeneous,16.0,SLOT-RAND-DEF,134,98.0,134.0,36.0
99,0.2,heterogeneous,16.0,SLOT-RAND-LBA,136,0.0,85.0,85.0
99,0.2,heterogeneous,64.0,POOL-LBA(=yours),134,3.0,87.0,84.0
99,0.2,heterogeneous,64.0,SLOT-G-DEF,134,83.0,127.0,44.0
99,0.2,heterogeneous,64.0,SLOT-G-LBA,134,7.0,89.0,82.0
99,0.2,heterogeneous,64.0,SLOT-LFT-DEF,135,85.0,128.0,43.0
99,0.2,heterogeneous,64.0,SLOT-LFT-LBA,135,7.0,89.0,82.0
99,0.2,heterogeneous,64.0,SLOT-RAND-DEF,137,103.0,137.0,34.0
99,0.2,heterogeneous,64.0,SLOT-RAND-LBA,137,5.0,88.0,83.0
99,0.3,uniform,,POOL-LBA(=yours),145,3.0,93.0,90.0
99,0.3,uniform,,SLOT-G-DEF,145,87.0,135.0,48.0
99,0.3,uniform,,SLOT-G-LBA,145,7.0,95.0,88.0
99,0.3,uniform,,SLOT-LFT-DEF,146,93.0,138.0,45.0
99,0.3,uniform,,SLOT-LFT-LBA,146,7.0,88.0,95.0
99,0.3,uniform,,SLOT-RAND-DEF,149,87.0,135.0,48.0
99,0.3,uniform,,SLOT-RAND-LBA,149,7.0,88.0,95.0
99,0.3,heterogeneous,4.0,POOL-LBA(=yours),147,0.0,91.0,91.0
99,0.3,heterogeneous,4.0,SLOT-G-DEF,147,82.0,132.0,50.0
99,0.3,heterogeneous,4.0,SLOT-G-LBA,147,14.0,84.0,98.0
99,0.3,heterogeneous,4.0,SLOT-LFT-DEF,147,112.0,147.0,35.0
99,0.3,heterogeneous,4.0,SLOT-LFT-LBA,147,4.0,89.0,93.0
99,0.3,heterogeneous,4.0,SLOT-RAND-DEF,149,86.0,134.0,48.0
99,0.3,heterogeneous,4.0,SLOT-RAND-LBA,143,6.0,94.0,88.0
99,0.3,heterogeneous,16.0,POOL-LBA(=yours),144,1.0,92.0,93.0
99,0.3,heterogeneous,16.0,SLOT-G-DEF,144,87.0,136.0,49.0
99,0.3,heterogeneous,16.0,SLOT-G-LBA,144,9.0,88.0,97.0
99,0.3,heterogeneous,16.0,SLOT-LFT-DEF,145,89.0,137.0,48.0
99,0.3,heterogeneous,16.0,SLOT-LFT-LBA,145,7.0,96.0,89.0
99,0.3,heterogeneous,16.0,SLOT-RAND-DEF,142,83.0,134.0,51.0
99,0.3,heterogeneous,16.0,SLOT-RAND-LBA,144,5.0,90.0,95.0
99,0.3,heterogeneous,64.0,POOL-LBA(=yours),146,2.0,93.0,95.0
99,0.3,heterogeneous,64.0,SLOT-G-DEF,146,86.0,137.0,51.0
99,0.3,heterogeneous,64.0,SLOT-G-LBA,146,6.0,97.0,91.0
99,0.3,heterogeneous,64.0,SLOT-LFT-DEF,149,90.0,139.0,49.0
99,0.3,heterogeneous,64.0,SLOT-LFT-LBA,149,8.0,98.0,90.0
99,0.3,heterogeneous,64.0,SLOT-RAND-DEF,151,110.0,149.0,39.0
99,0.3,heterogeneous,64.0,SLOT-RAND-LBA,151,0.0,94.0,94.0
